// Copyright 2026 QMK -- generated source code only, image retains original copyright
// SPDX-License-Identifier: GPL-2.0-or-later

// This file was auto-generated by `painter_convert_graphics` with arguments:
//    format | rgb565
//    output | cravingpixels
//    input  | gif3.gif

// Image's metadata
// ----------------
// Width: 134
// Height: 240
//        Frame:    0|   1|   2|   3|   4|   5
// Duration(ms):  100| 200| 200| 100| 200| 200
//  Compression:    1|   1|   1|   1|   1|   1 >> See qp.h, painter_compression_t
//        Delta:    0|   1|   1|   1|   1|   1
// Areas on delta frames
// Frame   1: (  0,  70) - (130, 187) >> 15210/32160 pixels (47.29%)
// Frame   2: (  0,  70) - (132, 187) >> 15444/32160 pixels (48.02%)
// Frame   3: ( 10,  71) - (132, 187) >> 14152/32160 pixels (44.00%)
// Frame   4: ( 10,  70) - (131, 187) >> 14157/32160 pixels (44.02%)
// Frame   5: ( 11,  70) - (131, 187) >> 14040/32160 pixels (43.66%)

#include <qp.h>

const uint32_t gfx_gif3_length = 41267;

// clang-format off
const uint8_t gfx_gif3[41267] = {
    0x00, 0xFF, 0x12, 0x00, 0x00, 0x51, 0x47, 0x46, 0x01, 0x33, 0xA1, 0x00, 0x00, 0xCC, 0x5E, 0xFF,
    0xFF, 0x86, 0x00, 0xF0, 0x00, 0x06, 0x00, 0x01, 0xFE, 0x18, 0x00, 0x00, 0x34, 0x00, 0x00, 0x00,
    0x28, 0x1C, 0x00, 0x00, 0x93, 0x35, 0x00, 0x00, 0x8E, 0x50, 0x00, 0x00, 0xAC, 0x6B, 0x00, 0x00,
    0x32, 0x86, 0x00, 0x00, 0x02, 0xFD, 0x06, 0x00, 0x00, 0x08, 0x00, 0x01, 0xFF, 0x64, 0x00, 0x05,
    0xFA, 0xE4, 0x1B, 0x00, 0x7F, 0x00, 0x7F, 0x00, 0x7F, 0x00, 0x7F, 0x00, 0x7F, 0x00, 0x7F, 0x00,
    0x7F, 0x00, 0x7F, 0x00, 0x7F, 0x00, 0x7F, 0x00, 0x7F, 0x00, 0x7F, 0x00, 0x7F, 0x00, 0x7F, 0x00,
    0x7F, 0x00, 0x7F, 0x00, 0x7F, 0x00, 0x7F, 0x00, 0x7F, 0x00, 0x7F, 0x00, 0x7F, 0x00, 0x7F, 0x00,
    0x7F, 0x00, 0x7F, 0x00, 0x7F, 0x00, 0x7F, 0x00, 0x7F, 0x00, 0x7F, 0x00, 0x7F, 0x00, 0x7F, 0x00,
    0x7F, 0x00, 0x7F, 0x00, 0x7F, 0x00, 0x7F, 0x00, 0x7F, 0x00, 0x7F, 0x00, 0x7F, 0x00, 0x7F, 0x00,
    0x7F, 0x00, 0x7F, 0x00, 0x7F, 0x00, 0x7F, 0x00, 0x7F, 0x00, 0x7F, 0x00, 0x7F, 0x00, 0x7F, 0x00,
    0x7F, 0x00, 0x7F, 0x00, 0x7F, 0x00, 0x7F, 0x00, 0x7F, 0x00, 0x7F, 0x00, 0x7F, 0x00, 0x7F, 0x00,
    0x7F, 0x00, 0x7F, 0x00, 0x7F, 0x00, 0x7F, 0x00, 0x7F, 0x00, 0x7F, 0x00, 0x7F, 0x00, 0x7F, 0x00,
    0x7F, 0x00, 0x7F, 0x00, 0x7F, 0x00, 0x7F, 0x00, 0x7F, 0x00, 0x7F, 0x00, 0x7F, 0x00, 0x7F, 0x00,
    0x7F, 0x00, 0x7F, 0x00, 0x7F, 0x00, 0x7F, 0x00, 0x7F, 0x00, 0x7F, 0x00, 0x7F, 0x00, 0x7F, 0x00,
    0x7F, 0x00, 0x7F, 0x00, 0x7F, 0x00, 0x7F, 0x00, 0x7F, 0x00, 0x7F, 0x00, 0x7F, 0x00, 0x7F, 0x00,
    0x7F, 0x00, 0x7F, 0x00, 0x7F, 0x00, 0x7F, 0x00, 0x7F, 0x00, 0x7F, 0x00, 0x7F, 0x00, 0x7F, 0x00,
    0x7F, 0x00, 0x7F, 0x00, 0x7F, 0x00, 0x7F, 0x00, 0x7F, 0x00, 0x7F, 0x00, 0x7F, 0x00, 0x7F, 0x00,
    0x7F, 0x00, 0x7F, 0x00, 0x7F, 0x00, 0x7F, 0x00, 0x7F, 0x00, 0x7F, 0x00, 0x7F, 0x00, 0x7F, 0x00,
    0x7F, 0x00, 0x6B, 0x00, 0x7F, 0xFF, 0x7F, 0xFF, 0x7F, 0xFF, 0x7F, 0xFF, 0x7F, 0xFF, 0x7F, 0xFF,
    0x7F, 0xFF, 0x7F, 0xFF, 0x7F, 0xFF, 0x7F, 0xFF, 0x7F, 0xFF, 0x7F, 0xFF, 0x7F, 0xFF, 0x7F, 0xFF,
    0x7F, 0xFF, 0x7F, 0xFF, 0x7F, 0xFF, 0x7F, 0xFF, 0x7F, 0xFF, 0x7F, 0xFF, 0x7F, 0xFF, 0x7F, 0xFF,
    0x7F, 0xFF, 0x7F, 0xFF, 0x7F, 0xFF, 0x7F, 0xFF, 0x7F, 0xFF, 0x7F, 0xFF, 0x7F, 0xFF, 0x7F, 0xFF,
    0x7F, 0xFF, 0x7F, 0xFF, 0x7F, 0xFF, 0x7F, 0xFF, 0x7F, 0xFF, 0x7F, 0xFF, 0x7F, 0xFF, 0x7F, 0xFF,
    0x7F, 0xFF, 0x2E, 0xFF, 0x80, 0xF5, 0x7F, 0xFF, 0x7F, 0xFF, 0x06, 0xFF, 0x83, 0xDE, 0xD5, 0x6B,
    0x60, 0x03, 0x4A, 0x80, 0x40, 0x02, 0x4A, 0x81, 0x94, 0x8A, 0x7F, 0xFF, 0x7D, 0xFF, 0x81, 0xDE,
    0xCA, 0x03, 0x4A, 0x80, 0x40, 0x09, 0x4A, 0x80, 0x40, 0x02, 0xB5, 0x7F, 0xFF, 0x77, 0xFF, 0x85,
    0xDE, 0xD5, 0x6B, 0x60, 0x21, 0x2A, 0x04, 0x4A, 0x83, 0x94, 0x95, 0xDE, 0xDF, 0x02, 0xFF, 0x83,
    0x94, 0x95, 0x21, 0x2A, 0x02, 0x4A, 0x7F, 0xFF, 0x74, 0xFF, 0x84, 0xF5, 0x6B, 0x6A, 0x4A, 0x40,
    0x02, 0x4A, 0x83, 0x6A, 0x4A, 0x95, 0xB5, 0x0A, 0xFF, 0x81, 0x4A, 0x40, 0x02, 0x4A, 0x81, 0xB4,
    0x95, 0x7F, 0xFF, 0x6F, 0xFF, 0x81, 0xB5, 0xAA, 0x06, 0x4A, 0x81, 0x94, 0x95, 0x0E, 0xFF, 0x85,
    0x94, 0x95, 0x4A, 0x40, 0x4B, 0x6A, 0x7F, 0xFF, 0x6C, 0xFF, 0x82, 0xF5, 0x4A, 0x40, 0x03, 0x4A,
    0x84, 0x40, 0x6B, 0x75, 0xDE, 0xDF, 0x10, 0xFF, 0x81, 0xDE, 0xDF, 0x02, 0x4A, 0x83, 0x49, 0x20,
    0xDE, 0xDF, 0x7F, 0xFF, 0x67, 0xFF, 0x83, 0x94, 0x8A, 0x4A, 0x40, 0x04, 0x4A, 0x81, 0xDD, 0xBF,
    0x16, 0xFF, 0x85, 0x6B, 0x6A, 0x22, 0x4A, 0x93, 0x6A, 0x7F, 0xFF, 0x64, 0xFF, 0x82, 0xF5, 0x6B,
    0x60, 0x04, 0x4A, 0x81, 0x94, 0x95, 0x0C, 0xFF, 0x87, 0xFE, 0xD5, 0xFC, 0x8A, 0xFC, 0x95, 0xFE,
    0xD5, 0x06, 0xFF, 0x02, 0xB5, 0x83, 0x49, 0x20, 0x4B, 0x6A, 0x7F, 0xFF, 0x61, 0xFF, 0x83, 0xB5,
    0xAA, 0x21, 0x20, 0x04, 0x4A, 0x81, 0xDE, 0xDF, 0x0A, 0xFF, 0x8B, 0xFE, 0xD5, 0xFD, 0xAA, 0xFC,
    0x95, 0xFD, 0xB5, 0xFD, 0xB5, 0xFD, 0xB5, 0x06, 0xFF, 0x81, 0xDE, 0xDF, 0x03, 0x4A, 0x82, 0x40,
    0xB5, 0xBF, 0x7F, 0xFF, 0x5C, 0xFF, 0x82, 0xF5, 0x6B, 0x60, 0x04, 0x4A, 0x81, 0x94, 0x95, 0x0B,
    0xFF, 0x90, 0xF5, 0xFD, 0xB5, 0xFC, 0x95, 0xFD, 0xB5, 0xFD, 0xB5, 0xFD, 0xB5, 0xFC, 0x95, 0xFD,
    0xAA, 0xFE, 0xDF, 0x06, 0xFF, 0x81, 0x6B, 0x6A, 0x02, 0x4A, 0x81, 0x94, 0x8A, 0x7F, 0xFF, 0x54,
    0xFF, 0x80, 0xF5, 0x04, 0xFF, 0x81, 0xDE, 0xCA, 0x06, 0x4A, 0x02, 0xB5, 0x0A, 0xFF, 0x93, 0xFD,
    0xB5, 0xFD, 0xB5, 0xFC, 0x95, 0xFD, 0xB5, 0xFD, 0xB5, 0xDC, 0x95, 0xFD, 0xAA, 0xDD, 0xB5, 0xFC,
    0x95, 0xFD, 0xB5, 0x06, 0xFF, 0x02, 0xB5, 0x83, 0x21, 0x20, 0x6B, 0x6A, 0x7F, 0xFF, 0x3C, 0xFF,
    0xA0, 0xF5, 0xFF, 0xF5, 0xDE, 0xD5, 0xDE, 0xCA, 0xB5, 0xAA, 0x94, 0x8A, 0x94, 0x8A, 0x94, 0x8A,
    0x6B, 0x60, 0x6B, 0x6A, 0x6B, 0x60, 0x6B, 0x6A, 0x6B, 0x6A, 0x94, 0x8A, 0x6B, 0x6A, 0x49, 0x2A,
    0x4A, 0x40, 0x04, 0x4A, 0x9F, 0x6B, 0x6A, 0xB4, 0x95, 0xB6, 0xD5, 0xFE, 0xDF, 0xFF, 0xF5, 0xFD,
    0xB5, 0xFD, 0xB5, 0xFC, 0x95, 0xFD, 0xAA, 0xDD, 0xB5, 0xFC, 0x8A, 0xFD, 0xB5, 0xFD, 0xB5, 0xFC,
    0x95, 0xFD, 0xB5, 0xFD, 0xB5, 0x06, 0xFF, 0x81, 0xDE, 0xD5, 0x04, 0x4A, 0x81, 0xDE, 0xDF, 0x7F,
    0xFF, 0x32, 0xFF, 0x8E, 0xF5, 0xDE, 0xCA, 0x94, 0x8A, 0x93, 0x6A, 0x4B, 0x6A, 0x4A, 0x40, 0x49,
    0x2A, 0x21, 0x2A, 0x02, 0x4A, 0x83, 0x21, 0x2A, 0x4A, 0x40, 0x0B, 0x4A, 0x80, 0x40, 0x02, 0x4A,
    0x81, 0x21, 0x20, 0x0B, 0x4A, 0x82, 0x40, 0x21, 0x2A, 0x02, 0x4A, 0x99, 0x93, 0x6A, 0xB3, 0x6A,
    0xDC, 0x95, 0xFD, 0xB5, 0xFD, 0xB5, 0xFD, 0xB5, 0xFD, 0xB5, 0xFD, 0xB5, 0xDC, 0x95, 0xFD, 0xB5,
    0xDD, 0xAA, 0xFC, 0x95, 0xFE, 0xD5, 0x06, 0xFF, 0x02, 0x4A, 0x83, 0x49, 0x20, 0x95, 0xB5, 0x7F,
    0xFF, 0x2A, 0xFF, 0x86, 0xF5, 0xDE, 0xCA, 0x94, 0x8A, 0x6B, 0x60, 0x02, 0x4A, 0x83, 0x21, 0x2A,
    0x4A, 0x40, 0x04, 0x4A, 0x85, 0x6B, 0x6A, 0x6B, 0x6A, 0x94, 0x95, 0x05, 0xB5, 0x8E, 0xBF, 0xDE,
    0xD5, 0xDE, 0xDF, 0xDE, 0xD5, 0xDE, 0xDF, 0xDE, 0xD5, 0xDE, 0xDF, 0xDE, 0xDF, 0x04, 0xB5, 0x85,
    0x95, 0xB5, 0x94, 0x8A, 0x6B, 0x6A, 0x07, 0x4A, 0x81, 0x40, 0x22, 0x05, 0x4A, 0x93, 0x6B, 0x6A,
    0x93, 0x6A, 0xDC, 0x95, 0xFD, 0xB5, 0xFD, 0xB5, 0xFD, 0xB5, 0xFD, 0xB5, 0xFC, 0x95, 0xFD, 0xB5,
    0xFD, 0xB5, 0x06, 0xFF, 0x85, 0x94, 0x95, 0x21, 0x20, 0x93, 0x75, 0x7F, 0xFF, 0x24, 0xFF, 0x84,
    0xF5, 0xDE, 0xCA, 0x94, 0x8A, 0x08, 0x4A, 0x82, 0x6A, 0x4A, 0x94, 0x02, 0x95, 0x83, 0xB5, 0xDD,
    0xBF, 0xDF, 0x29, 0xFF, 0x02, 0xB5, 0x83, 0x94, 0x95, 0x6B, 0x6A, 0x05, 0x4A, 0x80, 0x40, 0x04,
    0x4A, 0x8D, 0x6A, 0x4A, 0xB4, 0x8A, 0xFC, 0x95, 0xFD, 0xB5, 0xFD, 0xAA, 0xDD, 0xB5, 0xFD, 0xB5,
    0x06, 0xFF, 0x02, 0xB5, 0x04, 0x4A, 0x7F, 0xFF, 0x20, 0xFF, 0x82, 0xEA, 0x94, 0x8A, 0x04, 0x4A,
    0x81, 0x49, 0x20, 0x02, 0x4A, 0x81, 0x6B, 0x6A, 0x02, 0xB5, 0x81, 0xDE, 0xDF, 0x3A, 0xFF, 0x02,
    0xB5, 0x81, 0x6B, 0x75, 0x03, 0x4A, 0x81, 0x40, 0x22, 0x05, 0x4A, 0x89, 0xB4, 0x8A, 0xDC, 0x95,
    0xFD, 0xB5, 0xFD, 0xB5, 0xFE, 0xDF, 0x04, 0xFF, 0x83, 0xDE, 0xDF, 0x4A, 0x40, 0x02, 0x4A, 0x81,
    0xDE, 0xD5, 0x7F, 0xFF, 0x18, 0xFF, 0x84, 0xF5, 0xFF, 0xEA, 0x6B, 0x6A, 0x03, 0x4A, 0x80, 0x40,
    0x02, 0x4A, 0x83, 0x6B, 0x75, 0xB6, 0xD5, 0x48, 0xFF, 0x02, 0xB5, 0x81, 0x6B, 0x6A, 0x03, 0x4A,
    0x80, 0x40, 0x04, 0x4A, 0x85, 0xB3, 0x6A, 0xFC, 0x95, 0xFE, 0xD5, 0x06, 0xFF, 0x85, 0x6B, 0x6A,
    0x21, 0x2A, 0x94, 0x95, 0x7F, 0xFF, 0x12, 0xFF, 0x80, 0xF5, 0x02, 0xFF, 0x81, 0xDE, 0xCA, 0x04,
    0x4A, 0x85, 0x21, 0x20, 0x6B, 0x6A, 0x94, 0x9F, 0x52, 0xFF, 0x83, 0xDE, 0xDF, 0x6B, 0x75, 0x04,
    0x4A, 0x83, 0x22, 0x4A, 0x6A, 0x4A, 0x02, 0xB5, 0x06, 0xFF, 0x85, 0x94, 0x8A, 0x22, 0x40, 0x93,
    0x75, 0x7F, 0xFF, 0x92, 0xF5, 0xFF, 0xF5, 0xFF, 0xF5, 0xDE, 0xCA, 0xB5, 0xAA, 0xB5, 0xAA, 0x94,
    0x8A, 0x94, 0x80, 0x6B, 0x6A, 0x6B, 0x60, 0x03, 0x4A, 0x80, 0x40, 0x02, 0x4A, 0x83, 0x6B, 0x6A,
    0xB5, 0xBF, 0x5A, 0xFF, 0x83, 0xDE, 0xD5, 0x94, 0x8A, 0x03, 0x4A, 0x85, 0x40, 0x22, 0x4A, 0x93,
    0x6A, 0xDF, 0x03, 0xFF, 0x02, 0xB5, 0x04, 0x4A, 0x73, 0xFF, 0x8B, 0xF5, 0xFF, 0xF5, 0xDE, 0xD5,
    0xB5, 0xAA, 0x94, 0x8A, 0x94, 0x80, 0x6A, 0x02, 0x4A, 0x84, 0x40, 0x21, 0x2A, 0x21, 0x2A, 0x0E,
    0x4A, 0x83, 0x6B, 0x6A, 0xDE, 0xDF, 0x62, 0xFF, 0x82, 0xDE, 0xDF, 0x6A, 0x03, 0x4A, 0x89, 0x22,
    0x40, 0x6A, 0x4A, 0xB5, 0xBF, 0xFE, 0xDF, 0x4A, 0x40, 0x02, 0x4A, 0x81, 0xDE, 0xD5, 0x69, 0xFF,
    0x8C, 0xF5, 0xDE, 0xD5, 0xB5, 0xAA, 0x6B, 0x6A, 0x6B, 0x60, 0x21, 0x2A, 0x4A, 0x40, 0x02, 0x4A,
    0x82, 0x49, 0x2A, 0x22, 0x03, 0x4A, 0x89, 0x6B, 0x6A, 0x94, 0x95, 0x94, 0x8A, 0x94, 0x95, 0x4A,
    0x40, 0x05, 0x4A, 0x84, 0x40, 0x6B, 0x6A, 0xB5, 0xBF, 0x6A, 0xFF, 0x81, 0x94, 0x95, 0x03, 0x4A,
    0x80, 0x40, 0x02, 0x4A, 0x87, 0x94, 0x8A, 0x4B, 0x6A, 0x49, 0x2A, 0x95, 0xB5, 0x62, 0xFF, 0x85,
    0xDE, 0xCA, 0x94, 0x8A, 0x6B, 0x60, 0x02, 0x4A, 0x81, 0x21, 0x20, 0x06, 0x4A, 0x88, 0x6B, 0x6A,
    0x94, 0x95, 0x94, 0x95, 0xB6, 0xD5, 0xFE, 0x02, 0xDF, 0x05, 0xFF, 0x81, 0xDE, 0xDF, 0x08, 0x4A,
    0x81, 0x94, 0x95, 0x70, 0xFF, 0x83, 0xDE, 0xDF, 0x6B, 0x6A, 0x08, 0x4A, 0x81, 0x93, 0x6A, 0x5C,
    0xFF, 0x85, 0xDE, 0xD5, 0x6B, 0x6A, 0x4A, 0x40, 0x02, 0x4A, 0x81, 0x21, 0x2A, 0x04, 0x4A, 0x85,
    0x94, 0x95, 0x94, 0x95, 0xDE, 0xD5, 0x10, 0xFF, 0x02, 0xB5, 0x81, 0x4A, 0x40, 0x04, 0x4A, 0x83,
    0x6B, 0x6A, 0xFE, 0xDF, 0x76, 0xFF, 0x81, 0x6B, 0x6A, 0x05, 0x4A, 0x82, 0x40, 0x6B, 0x75, 0x58,
    0xFF, 0x81, 0xB5, 0xAA, 0x03, 0x4A, 0x82, 0x40, 0x49, 0x2A, 0x02, 0x4A, 0x85, 0x6B, 0x6A, 0x94,
    0x95, 0xDE, 0xDF, 0x12, 0xFF, 0x85, 0xFE, 0xD5, 0xFE, 0xD5, 0x93, 0x6A, 0x06, 0x4A, 0x02, 0xB5,
    0x7C, 0xFF, 0x02, 0xB5, 0x05, 0x4A, 0x82, 0x40, 0xDE, 0xDF, 0x52, 0xFF, 0x02, 0xB5, 0x81, 0x4A,
    0x40, 0x02, 0x4A, 0x87, 0x49, 0x2A, 0x4B, 0x6A, 0x94, 0x95, 0xDE, 0xD5, 0x10, 0xFF, 0x8B, 0xFE,
    0xDF, 0xFE, 0xD5, 0xFD, 0xB5, 0xFD, 0xB5, 0xFC, 0x95, 0x6B, 0x6A, 0x02, 0x4A, 0x85, 0x49, 0x2A,
    0x4B, 0x6A, 0xDE, 0xDF, 0x7F, 0xFF, 0x80, 0xFF, 0x02, 0xB5, 0x06, 0x4A, 0x50, 0xFF, 0x81, 0x94,
    0x8A, 0x06, 0x4A, 0x02, 0xB5, 0x0E, 0xFF, 0x97, 0xFE, 0xD5, 0xFE, 0xD5, 0xFD, 0xB5, 0xFC, 0x95,
    0xFD, 0xAA, 0xFC, 0x95, 0xFD, 0xB5, 0xDC, 0x8A, 0x6B, 0x6A, 0x49, 0x2A, 0x22, 0x40, 0x94, 0x95,
    0x7F, 0xFF, 0x07, 0xFF, 0x02, 0xB5, 0x03, 0x4A, 0x82, 0x40, 0x6B, 0x6A, 0x4C, 0xFF, 0x83, 0x94,
    0x8A, 0x21, 0x2A, 0x02, 0x4A, 0x82, 0x94, 0x8A, 0xDF, 0x0B, 0xFF, 0x93, 0xFE, 0xD5, 0xFD, 0xB5,
    0xFD, 0xB5, 0xFC, 0x95, 0xFD, 0xB5, 0xFC, 0x95, 0xFD, 0xB5, 0xDD, 0xB5, 0xFD, 0xB5, 0xDC, 0x95,
    0x06, 0x4A, 0x81, 0x94, 0x95, 0x7F, 0xFF, 0x0B, 0xFF, 0x02, 0xB5, 0x02, 0x4A, 0x83, 0x21, 0x2A,
    0x94, 0x8A, 0x48, 0xFF, 0x83, 0xDE, 0xDF, 0x21, 0x20, 0x02, 0x4A, 0x02, 0xB5, 0x08, 0xFF, 0x98,
    0xFD, 0xB5, 0xFD, 0xB5, 0xFC, 0x95, 0xFD, 0xB5, 0xFC, 0x95, 0xFD, 0xAA, 0xFD, 0xB5, 0xFD, 0xB5,
    0xDD, 0xAA, 0xFC, 0x95, 0xFD, 0xB5, 0xDC, 0x8A, 0x6A, 0x02, 0x4A, 0x80, 0x40, 0x02, 0x4A, 0x02,
    0xB5, 0x7F, 0xFF, 0x0F, 0xFF, 0x02, 0xB5, 0x85, 0x4A, 0x40, 0x22, 0x4A, 0xB4, 0x95, 0x46, 0xFF,
    0x02, 0xB5, 0x02, 0x4A, 0x81, 0x6B, 0x6A, 0x08, 0xFF, 0x9A, 0xFD, 0xB5, 0xFC, 0x95, 0xFD, 0xB5,
    0xDD, 0xAA, 0xFC, 0x95, 0xFD, 0xB5, 0xDD, 0xB5, 0xFC, 0x95, 0xFD, 0xB5, 0xFC, 0x95, 0xFD, 0xB5,
    0xDD, 0xB5, 0x6A, 0x4A, 0x22, 0x03, 0x4A, 0x02, 0xB5, 0x7F, 0xFF, 0x13, 0xFF, 0x83, 0x94, 0x95,
    0x49, 0x20, 0x02, 0x4A, 0x81, 0xDE, 0xD5, 0x44, 0xFF, 0x83, 0xDE, 0xD5, 0x21, 0x2A, 0x02, 0x4A,
    0x81, 0xDE, 0xDF, 0x06, 0xFF, 0x97, 0xFD, 0xB5, 0xFD, 0xAA, 0xFD, 0xB5, 0xFC, 0x95, 0xFD, 0xB5,
    0xFD, 0xB5, 0xFC, 0x95, 0xFD, 0xAA, 0xDD, 0xB5, 0xFD, 0xB5, 0xDC, 0x8A, 0x6B, 0x6A, 0x03, 0x4A,
    0x80, 0x40, 0x02, 0xB5, 0x7F, 0xFF, 0x17, 0xFF, 0x81, 0x4B, 0x6A, 0x02, 0x4A, 0x81, 0x4B, 0x6A,
    0x46, 0xFF, 0x03, 0x4A, 0x82, 0x40, 0x6B, 0x6A, 0x06, 0xFF, 0x97, 0xFE, 0xDF, 0xFD, 0xB5, 0xDC,
    0x95, 0xFD, 0xB5, 0xDD, 0xB5, 0xFD, 0xAA, 0xDD, 0xB5, 0xFC, 0x95, 0xFD, 0xB5, 0xFD, 0xB5, 0x6B,
    0x6A, 0x49, 0x2A, 0x02, 0x4A, 0x81, 0xB4, 0x95, 0x7F, 0xFF, 0x19, 0xFF, 0x87, 0xDE, 0xDF, 0x4A,
    0x40, 0x49, 0x2A, 0x94, 0x8A, 0x44, 0xFF, 0x02, 0xB5, 0x04, 0x4A, 0x02, 0xB5, 0x06, 0xFF, 0x91,
    0xFE, 0xD5, 0xFD, 0xB5, 0xFC, 0x95, 0xFD, 0xB5, 0xFC, 0x95, 0xFD, 0xB5, 0xFD, 0xB5, 0xFD, 0xB5,
    0x93, 0x6A, 0x03, 0x4A, 0x82, 0x40, 0x94, 0x95, 0x7F, 0xFF, 0x1D, 0xFF, 0x81, 0x94, 0x95, 0x04,
    0x4A, 0x46, 0xFF, 0x81, 0x6B, 0x6A, 0x04, 0x4A, 0x81, 0xDE, 0xDF, 0x06, 0xFF, 0x8D, 0xFD, 0xB5,
    0xFD, 0xAA, 0xFD, 0xB5, 0xDD, 0xB5, 0xFC, 0x95, 0xFD, 0xB5, 0xB4, 0x8A, 0x04, 0x4A, 0x81, 0x6B,
    0x75, 0x7F, 0xFF, 0x21, 0xFF, 0x85, 0x6B, 0x6A, 0x21, 0x20, 0x6C, 0x8A, 0x46, 0xFF, 0x02, 0x4A,
    0x83, 0x49, 0x20, 0x6B, 0x6A, 0x08, 0xFF, 0x89, 0xFD, 0xB5, 0xFC, 0x95, 0xFD, 0xB5, 0xFD, 0xAA,
    0xDC, 0x95, 0x04, 0x4A, 0x81, 0x6B, 0x6A, 0x7F, 0xFF, 0x23, 0xFF, 0x02, 0xB5, 0x04, 0x4A, 0x81,
    0xDE, 0xD5, 0x44, 0xFF, 0x81, 0xDE, 0xD5, 0x02, 0x4A, 0x83, 0x22, 0x4A, 0x6B, 0x6A, 0x08, 0xFF,
    0x87, 0xFD, 0xB5, 0xDD, 0xB5, 0xFD, 0xB5, 0x93, 0x6A, 0x03, 0x4A, 0x82, 0x40, 0xDD, 0xBF, 0x7F,
    0xFF, 0x17, 0xFF, 0x85, 0xDE, 0xD5, 0x6B, 0x60, 0x93, 0x6A, 0x08, 0xFF, 0x85, 0x6B, 0x6A, 0x49,
    0x2A, 0x6B, 0x6A, 0x46, 0xFF, 0x02, 0xB5, 0x81, 0x49, 0x20, 0x02, 0x4A, 0x81, 0x6B, 0x6A, 0x08,
    0xFF, 0x85, 0xFD, 0xB5, 0xB4, 0x8A, 0x49, 0x2A, 0x02, 0x4A, 0x81, 0x94, 0x95, 0x6D, 0xFF, 0x84,
    0xF5, 0x94, 0x8A, 0x6B, 0x60, 0x22, 0xFF, 0x89, 0xDD, 0xAA, 0x4B, 0x6A, 0x4A, 0x40, 0x21, 0x2A,
    0x4B, 0x6A, 0x08, 0xFF, 0x02, 0xB5, 0x04, 0x4A, 0x48, 0xFF, 0x81, 0x94, 0x95, 0x04, 0x4A, 0x81,
    0x94, 0x95, 0x08, 0xFF, 0x85, 0x6A, 0x4A, 0x22, 0x40, 0x6B, 0x6A, 0x6D, 0xFF, 0x82, 0xF5, 0x4A,
    0x40, 0x04, 0x4A, 0x1D, 0xFF, 0x82, 0xF5, 0xB5, 0xAA, 0x03, 0x4A, 0x82, 0x40, 0x49, 0x2A, 0x02,
    0x4A, 0x83, 0x94, 0x95, 0xDE, 0xDF, 0x0A, 0xFF, 0x85, 0x6B, 0x6A, 0x21, 0x20, 0x94, 0x95, 0x48,
    0xFF, 0x87, 0x94, 0x8A, 0x21, 0x2A, 0x4A, 0x40, 0x94, 0x95, 0x04, 0xFF, 0x02, 0xB5, 0x81, 0x21,
    0x20, 0x02, 0x4A, 0x81, 0xDE, 0xDF, 0x6A, 0xFF, 0x89, 0xDD, 0xAA, 0x22, 0x40, 0x49, 0x2A, 0x6B,
    0x6A, 0xDE, 0xDF, 0x1A, 0xFF, 0x81, 0xDE, 0xCA, 0x08, 0x4A, 0x02, 0xB5, 0x80, 0xDF, 0x0F, 0xFF,
    0x81, 0x94, 0x95, 0x02, 0x4A, 0x81, 0x6B, 0x6A, 0x4A, 0xFF, 0x83, 0x94, 0x95, 0x21, 0x20, 0x02,
    0x4A, 0x84, 0x94, 0x8A, 0xDE, 0xDF, 0x6A, 0x03, 0x4A, 0x81, 0x6C, 0x95, 0x69, 0xFF, 0x82, 0xF5,
    0x94, 0x8A, 0x04, 0x4A, 0x81, 0x6C, 0x95, 0x0B, 0xFF, 0x86, 0xF5, 0xFF, 0xF5, 0xFF, 0xF5, 0xFF,
    0xF5, 0x0C, 0xFF, 0x81, 0x94, 0x8A, 0x02, 0x4A, 0x81, 0x6A, 0x4A, 0x02, 0xB5, 0x16, 0xFF, 0x85,
    0x4A, 0x40, 0x21, 0x2A, 0xDE, 0xD5, 0x4A, 0xFF, 0x83, 0x94, 0x95, 0x21, 0x20, 0x02, 0x4A, 0x81,
    0x6B, 0x6A, 0x04, 0x4A, 0x81, 0xDE, 0xD5, 0x67, 0xFF, 0x84, 0xF5, 0x6B, 0x6A, 0x4A, 0x40, 0x02,
    0x4A, 0x81, 0x94, 0x95, 0x0A, 0xFF, 0x8D, 0xFE, 0xD5, 0xFE, 0xDF, 0xFE, 0xD5, 0xFE, 0xDF, 0xFE,
    0xD5, 0xFE, 0xD5, 0xFF, 0xF5, 0x0A, 0xFF, 0x81, 0xDE, 0xD5, 0x1A, 0xFF, 0x85, 0x6B, 0x6A, 0x4A,
    0x40, 0x94, 0x95, 0x4C, 0xFF, 0x81, 0x94, 0x95, 0x05, 0x4A, 0x82, 0x40, 0x6B, 0x75, 0x67, 0xFF,
    0x80, 0xEA, 0x06, 0x4A, 0x02, 0xB5, 0x0A, 0xFF, 0x91, 0xFE, 0xD5, 0xFE, 0xD5, 0xFE, 0xDF, 0xFE,
    0xD5, 0xFE, 0xDF, 0xFE, 0xD5, 0xFE, 0xDF, 0xFE, 0xDF, 0xFF, 0xF5, 0x24, 0xFF, 0x85, 0x94, 0x95,
    0x49, 0x2A, 0x4B, 0x6A, 0x4E, 0xFF, 0x81, 0x94, 0x8A, 0x04, 0x4A, 0x81, 0xDE, 0xDF, 0x2B, 0xFF,
    0x80, 0xF5, 0x3A, 0xFF, 0x83, 0x94, 0x8A, 0x21, 0x20, 0x04, 0x4A, 0x87, 0x6B, 0x6A, 0x6B, 0x6A,
    0xB4, 0x95, 0xDE, 0xD5, 0x04, 0xFF, 0x91, 0xFE, 0xDF, 0xFE, 0xD5, 0xFE, 0xD5, 0xFE, 0xDF, 0xFE,
    0xD5, 0xFE, 0xDF, 0xFE, 0xD5, 0xFE, 0xD5, 0xFE, 0xDF, 0x24, 0xFF, 0x81, 0xDE, 0xD5, 0x03, 0x4A,
    0x82, 0x40, 0xDE, 0xDF, 0x4C, 0xFF, 0x85, 0x94, 0x95, 0x21, 0x20, 0x6B, 0x6A, 0x2A, 0xFF, 0x81,
    0xB5, 0xAA, 0x02, 0x4A, 0x85, 0x94, 0x8A, 0xB5, 0xAA, 0xFF, 0xF5, 0x36, 0xFF, 0x82, 0x94, 0x8A,
    0x6A, 0x05, 0x4A, 0x81, 0x21, 0x20, 0x02, 0x4A, 0x81, 0x22, 0x40, 0x02, 0x4A, 0x93, 0x93, 0x6A,
    0xB4, 0x95, 0xFE, 0xDF, 0xFE, 0xD5, 0xFE, 0xDF, 0xFD, 0xB5, 0xFE, 0xD5, 0xFE, 0xDF, 0xFE, 0xD5,
    0xFE, 0xDF, 0x26, 0xFF, 0x04, 0x4A, 0x02, 0xB5, 0x4C, 0xFF, 0x81, 0x4A, 0x40, 0x02, 0x4A, 0x81,
    0xB5, 0xBF, 0x2A, 0xFF, 0x83, 0xB5, 0xAA, 0x21, 0x2A, 0x02, 0x4A, 0x81, 0x21, 0x2A, 0x02, 0x4A,
    0x87, 0x6A, 0x40, 0x95, 0xB5, 0xDE, 0xD5, 0xFF, 0xF5, 0x32, 0xFF, 0x81, 0xDE, 0xDF, 0x02, 0xB5,
    0x83, 0x94, 0x95, 0x6B, 0x6A, 0x04, 0x4A, 0x93, 0x21, 0x20, 0x6B, 0x6A, 0xFE, 0xD5, 0xFE, 0xDF,
    0xFE, 0xD5, 0xFE, 0xDF, 0xFE, 0xD5, 0xFE, 0xDF, 0xFE, 0xD5, 0xFE, 0xD5, 0x0B, 0xFF, 0x84, 0xF5,
    0xDD, 0xB5, 0xB6, 0xD5, 0x0C, 0xB5, 0x81, 0xDE, 0xD5, 0x08, 0xFF, 0x85, 0x6B, 0x6A, 0x49, 0x20,
    0x95, 0xB5, 0x4A, 0xFF, 0x02, 0xB5, 0x04, 0x4A, 0x2E, 0xFF, 0x85, 0xDE, 0xD5, 0x94, 0x95, 0x6B,
    0x6A, 0x04, 0x4A, 0x81, 0x49, 0x20, 0x04, 0x4A, 0x83, 0x94, 0x8A, 0xFE, 0xD5, 0x25, 0xFF, 0x80,
    0xF5, 0x10, 0xFF, 0x81, 0xDE, 0xDF, 0x02, 0xB5, 0x91, 0x94, 0x95, 0xB4, 0x95, 0xFE, 0xDF, 0xFE,
    0xD5, 0xFE, 0xD5, 0xFE, 0xDF, 0xFE, 0xD5, 0xFE, 0xDF, 0xFD, 0xB5, 0x0A, 0xFF, 0x83, 0xFE, 0xD5,
    0x21, 0x2A, 0x02, 0x4A, 0x83, 0x49, 0x2A, 0x21, 0x20, 0x02, 0x4A, 0x81, 0x21, 0x20, 0x02, 0x4A,
    0x85, 0x21, 0x20, 0x49, 0x20, 0x6B, 0x6A, 0x08, 0xFF, 0x81, 0x94, 0x95, 0x02, 0x4A, 0x81, 0x6B,
    0x6A, 0x4A, 0xFF, 0x85, 0x94, 0x8A, 0x21, 0x2A, 0x94, 0x8A, 0x34, 0xFF, 0x81, 0xDE, 0xDF, 0x02,
    0xB5, 0x81, 0x6C, 0x8A, 0x05, 0x4A, 0x80, 0x40, 0x02, 0x4A, 0x23, 0xFF, 0x84, 0xF5, 0x6B, 0x60,
    0x94, 0x8A, 0x16, 0xFF, 0x8D, 0xFE, 0xD5, 0xFE, 0xDF, 0xFE, 0xD5, 0xFD, 0xBF, 0xFE, 0xD5, 0xFE,
    0xD5, 0xFE, 0xDF, 0x0A, 0xFF, 0x82, 0xFE, 0xD5, 0x4B, 0x02, 0x6A, 0x90, 0x4A, 0x4B, 0x6A, 0x6B,
    0x6A, 0x6B, 0x6A, 0x6B, 0x75, 0x6B, 0x6A, 0x6B, 0x75, 0x6B, 0x6A, 0x94, 0x95, 0x08, 0xFF, 0x02,
    0xB5, 0x83, 0x4A, 0x40, 0x6A, 0x4A, 0x4A, 0xFF, 0x81, 0x6B, 0x6A, 0x02, 0x4A, 0x02, 0xB5, 0x38,
    0xFF, 0x02, 0xB5, 0x06, 0x4A, 0x81, 0x94, 0x95, 0x23, 0xFF, 0x80, 0xF5, 0x02, 0x4A, 0x81, 0x6B,
    0x6A, 0x18, 0xFF, 0x87, 0xFE, 0xDF, 0xFE, 0xD5, 0xFE, 0xDF, 0xFE, 0xD5, 0x2C, 0xFF, 0x85, 0xDE,
    0xD5, 0x21, 0x2A, 0x4B, 0x6A, 0x4A, 0xFF, 0x81, 0x4A, 0x40, 0x02, 0x4A, 0x81, 0xDE, 0xDF, 0x29,
    0xFF, 0x80, 0xF5, 0x0C, 0xFF, 0x81, 0x6B, 0x6A, 0x03, 0x4A, 0x80, 0x40, 0x02, 0x4A, 0x81, 0xDE,
    0xDF, 0x25, 0xFF, 0x80, 0xF5, 0x02, 0x4A, 0x81, 0x6A, 0x4A, 0x4C, 0xFF, 0x81, 0xDE, 0xDF, 0x04,
    0x4A, 0x81, 0xDE, 0xDF, 0x46, 0xFF, 0x02, 0xB5, 0x85, 0x21, 0x2A, 0x6B, 0x6A, 0xFE, 0xDF, 0x25,
    0xFF, 0x88, 0xF5, 0xFF, 0xF5, 0xFE, 0xDF, 0xFF, 0xF5, 0xFE, 0xD5, 0x04, 0xFF, 0x81, 0xDE, 0xD5,
    0x03, 0x4A, 0x80, 0x40, 0x02, 0x4A, 0x82, 0x93, 0x75, 0xDF, 0x0B, 0xFF, 0x81, 0xDF, 0xEA, 0x0D,
    0xFF, 0x84, 0xF5, 0xFF, 0xEA, 0xFF, 0xF5, 0x08, 0xFF, 0x85, 0xB4, 0x8A, 0x22, 0x4A, 0x6C, 0x8A,
    0x4E, 0xFF, 0x81, 0x4A, 0x40, 0x02, 0x4A, 0x81, 0xDE, 0xD5, 0x46, 0xFF, 0x02, 0xB5, 0x83, 0x49,
    0x20, 0x6B, 0x6A, 0x25, 0xFF, 0x8E, 0xF5, 0xFE, 0xDF, 0xFE, 0xD5, 0xFE, 0xDF, 0xFE, 0xD5, 0xFE,
    0xDF, 0xFE, 0xD5, 0xB4, 0x8A, 0x06, 0x4A, 0x02, 0xB5, 0x0C, 0xFF, 0x02, 0xB5, 0x83, 0x21, 0x20,
    0xB4, 0x8A, 0x0A, 0xFF, 0x8D, 0xDE, 0xCA, 0x21, 0x2A, 0x6B, 0x6A, 0xDD, 0xB5, 0xFF, 0xF5, 0xFF,
    0xF5, 0x6C, 0x8A, 0x04, 0x4A, 0x81, 0xDD, 0xB5, 0x30, 0xFF, 0x83, 0x93, 0x6A, 0x6B, 0x6A, 0x02,
    0xB5, 0x18, 0xFF, 0x04, 0x4A, 0x81, 0xDD, 0xB5, 0x46, 0xFF, 0x85, 0x94, 0x8A, 0x22, 0x4A, 0x94,
    0x95, 0x0A, 0xFF, 0x83, 0xDE, 0xD5, 0xDE, 0xD5, 0x03, 0xB5, 0x86, 0xAA, 0x94, 0x8A, 0x6B, 0x6A,
    0xB5, 0xAA, 0x0B, 0xFF, 0x80, 0xF5, 0x02, 0xFF, 0x93, 0xFE, 0xD5, 0xFE, 0xDF, 0xFE, 0xD5, 0xFE,
    0xDF, 0xFE, 0xD5, 0xFD, 0xB5, 0x49, 0x2A, 0x22, 0x4A, 0x6B, 0x6A, 0xDE, 0xDF, 0x0E, 0xFF, 0x83,
    0xDE, 0xD5, 0x49, 0x2A, 0x02, 0x4A, 0x81, 0xDE, 0xD5, 0x07, 0xFF, 0x82, 0xF5, 0x6B, 0x6A, 0x02,
    0x4A, 0x81, 0x22, 0x40, 0x02, 0x4A, 0x83, 0x22, 0x40, 0x49, 0x2A, 0x03, 0x4A, 0x80, 0x40, 0x02,
    0x4A, 0x81, 0x94, 0x95, 0x2E, 0xFF, 0x81, 0xFE, 0xD5, 0x03, 0x4A, 0x82, 0x40, 0x49, 0x2A, 0x02,
    0x4A, 0x83, 0x94, 0x8A, 0xDE, 0xDF, 0x12, 0xFF, 0x85, 0x6B, 0x6A, 0x21, 0x20, 0xB6, 0xDF, 0x46,
    0xFF, 0x81, 0x6B, 0x6A, 0x02, 0x4A, 0x02, 0xB5, 0x04, 0xFF, 0x85, 0xDE, 0xD5, 0x4B, 0x6A, 0x4A,
    0x40, 0x04, 0x4A, 0x86, 0x49, 0x20, 0x22, 0x4A, 0x49, 0x2A, 0x22, 0x03, 0x4A, 0x0C, 0xFF, 0x91,
    0xFE, 0xD5, 0xFE, 0xD5, 0xFE, 0xD5, 0xFD, 0xBF, 0xFE, 0xD5, 0xFE, 0xDF, 0xFE, 0xD5, 0xB4, 0x95,
    0xB4, 0x95, 0x14, 0xFF, 0x87, 0x6C, 0x8A, 0x49, 0x2A, 0x4B, 0x6A, 0xB5, 0xAA, 0x03, 0xB5, 0x80,
    0xAA, 0x04, 0x4A, 0x88, 0x6A, 0x4A, 0xB4, 0x95, 0x6A, 0x4A, 0x6A, 0x4A, 0x4B, 0x02, 0x6A, 0x82,
    0x4A, 0x93, 0x6A, 0x02, 0x4A, 0x81, 0x6B, 0x6A, 0x30, 0xFF, 0x83, 0xDE, 0xD5, 0x6B, 0x75, 0x03,
    0x4A, 0x84, 0x40, 0x21, 0x2A, 0x4A, 0x40, 0x02, 0x4A, 0x83, 0x94, 0x95, 0xFF, 0xF5, 0x0C, 0xFF,
    0x85, 0x6B, 0x6A, 0x21, 0x2A, 0xDD, 0xB5, 0x46, 0xFF, 0x85, 0x6B, 0x6A, 0x4A, 0x40, 0xB5, 0xBF,
    0x04, 0xFF, 0x02, 0xB5, 0x81, 0x49, 0x2A, 0x06, 0x4A, 0x85, 0x6B, 0x6A, 0x6B, 0x75, 0x94, 0x8A,
    0x02, 0xB5, 0x81, 0xDE, 0xDF, 0x0B, 0xFF, 0x90, 0xF5, 0xFD, 0xBF, 0xFE, 0xD5, 0xFE, 0xDF, 0xFE,
    0xD5, 0xFE, 0xD5, 0xFE, 0xDF, 0xFE, 0xD5, 0xFE, 0xDF, 0x18, 0xFF, 0x87, 0x6B, 0x6A, 0x49, 0x2A,
    0x22, 0x4A, 0x49, 0x20, 0x04, 0x4A, 0x8F, 0x6B, 0x6A, 0xDC, 0x95, 0xFD, 0xB5, 0xFD, 0xB5, 0xFD,
    0xB5, 0xFD, 0xB5, 0xFD, 0xB5, 0xDC, 0x95, 0x04, 0x4A, 0x81, 0xDE, 0xDF, 0x34, 0xFF, 0x83, 0x94,
    0x95, 0x6B, 0x6A, 0x04, 0x4A, 0x83, 0x21, 0x20, 0x6B, 0x6A, 0x0C, 0xFF, 0x03, 0x4A, 0x80, 0x40,
    0x02, 0xB5, 0x46, 0xFF, 0x04, 0x4A, 0x81, 0xDE, 0xD5, 0x06, 0xFF, 0x02, 0xB5, 0x83, 0xB6, 0xD5,
    0xDE, 0xDF, 0x18, 0xFF, 0x8F, 0xFE, 0xD5, 0xFE, 0xDF, 0xFE, 0xD5, 0xFE, 0xDF, 0xFE, 0xD5, 0xFE,
    0xDF, 0xFE, 0xD5, 0xFE, 0xD5, 0x18, 0xFF, 0x83, 0xDF, 0xFF, 0x4A, 0x40, 0x04, 0x4A, 0x93, 0x6B,
    0x6A, 0xB3, 0x6A, 0xFD, 0xB5, 0xFD, 0xB5, 0xFD, 0xB5, 0xFC, 0x8A, 0xFD, 0xB5, 0xFC, 0x95, 0xFD,
    0xB5, 0xFD, 0xB5, 0x03, 0x4A, 0x80, 0x40, 0x02, 0xB5, 0x38, 0xFF, 0x87, 0xDE, 0xDF, 0x94, 0x95,
    0x6B, 0x6A, 0x94, 0x95, 0x0C, 0xFF, 0x04, 0x4A, 0x81, 0xDE, 0xDF, 0x46, 0xFF, 0x81, 0x4A, 0x40,
    0x02, 0x4A, 0x81, 0xDE, 0xDF, 0x24, 0xFF, 0x8F, 0xFE, 0xD5, 0xFE, 0xD5, 0xFD, 0xBF, 0xFE, 0xD5,
    0xFE, 0xDF, 0xFE, 0xD5, 0xFD, 0xBF, 0xFE, 0xDF, 0x1A, 0xFF, 0x81, 0x6B, 0x6A, 0x02, 0x4A, 0x9B,
    0xB3, 0x6A, 0xFD, 0xB5, 0xFD, 0xB5, 0xFD, 0xB5, 0xFC, 0x95, 0xFD, 0xB5, 0xDD, 0xB5, 0xFD, 0xB5,
    0xFD, 0xB5, 0xDC, 0x95, 0xFD, 0xAA, 0x6B, 0x6A, 0x49, 0x2A, 0x95, 0xB5, 0x4A, 0xFF, 0x81, 0xDE,
    0xD5, 0x03, 0x4A, 0x82, 0x40, 0xDE, 0xDF, 0x46, 0xFF, 0x03, 0x4A, 0x82, 0x40, 0xDE, 0xDF, 0x26,
    0xFF, 0x8B, 0xFE, 0xD5, 0xFE, 0xD5, 0xFE, 0xDF, 0xFD, 0xB5, 0xFE, 0xD5, 0xFE, 0xDF, 0x1C, 0xFF,
    0x9B, 0x93, 0x6A, 0x22, 0x4A, 0x93, 0x75, 0xFD, 0xB5, 0xFD, 0xB5, 0xDD, 0xB5, 0xFD, 0xB5, 0xFC,
    0x8A, 0xFD, 0xB5, 0xFC, 0x95, 0xFD, 0xAA, 0xFD, 0xB5, 0xFD, 0xB5, 0x93, 0x6A, 0x02, 0x4A, 0x81,
    0x94, 0x95, 0x4A, 0xFF, 0x81, 0xDE, 0xD5, 0x04, 0x4A, 0x81, 0xDE, 0xDF, 0x46, 0xFF, 0x81, 0x4A,
    0x40, 0x02, 0x4A, 0x81, 0xDE, 0xDF, 0x18, 0xFF, 0x81, 0xFE, 0xD5, 0x0E, 0xFF, 0x83, 0xFE, 0xDF,
    0xFE, 0xD5, 0x22, 0xFF, 0x02, 0xB5, 0x02, 0x4A, 0x9B, 0x6A, 0x40, 0xFD, 0xB5, 0xFC, 0x95, 0xFD,
    0xB5, 0xFC, 0x95, 0xDD, 0xB5, 0xFD, 0xB5, 0xDD, 0xB5, 0xFD, 0xB5, 0xFC, 0x95, 0xFD, 0xB5, 0x93,
    0x6A, 0x22, 0x4A, 0x93, 0x6A, 0x4A, 0xFF, 0x02, 0xB5, 0x83, 0x21, 0x20, 0x6B, 0x6A, 0x48, 0xFF,
    0x03, 0x4A, 0x80, 0x40, 0x02, 0xB5, 0x16, 0xFF, 0x82, 0x94, 0x8A, 0x22, 0x03, 0x4A, 0x81, 0xFF,
    0xF5, 0x32, 0xFF, 0x81, 0x4A, 0x40, 0x02, 0x4A, 0x97, 0xB4, 0x95, 0xFD, 0xB5, 0xFD, 0xAA, 0xFD,
    0xB5, 0xFD, 0xB5, 0xFC, 0x95, 0xFD, 0xAA, 0xFC, 0x95, 0xDD, 0xB5, 0xFD, 0xB5, 0x93, 0x6A, 0x21,
    0x2A, 0x02, 0xB5, 0x4A, 0xFF, 0x81, 0x94, 0x95, 0x02, 0x4A, 0x81, 0x6B, 0x6A, 0x48, 0xFF, 0x85,
    0x6B, 0x6A, 0x49, 0x2A, 0xB6, 0xD5, 0x12, 0xFF, 0x02, 0xB5, 0x83, 0x4A, 0x40, 0x49, 0x2A, 0x02,
    0x4A, 0x81, 0x6B, 0x6A, 0x34, 0xFF, 0x9B, 0x6B, 0x75, 0x4A, 0x40, 0x6B, 0x6A, 0xFD, 0xB5, 0xFC,
    0x95, 0xDD, 0xB5, 0xFC, 0x95, 0xFD, 0xB5, 0xDD, 0xB5, 0xFD, 0xB5, 0xFD, 0xB5, 0xFC, 0x95, 0x6B,
    0x6A, 0x22, 0x40, 0x02, 0xB5, 0x4A, 0xFF, 0x85, 0x6B, 0x6A, 0x49, 0x20, 0x95, 0xB5, 0x48, 0xFF,
    0x85, 0x6B, 0x6A, 0x22, 0x4A, 0xB4, 0x95, 0x0E, 0xFF, 0x85, 0xDE, 0xD5, 0x6B, 0x6A, 0x49, 0x20,
    0x04, 0x4A, 0x02, 0xB5, 0x36, 0xFF, 0x83, 0xDE, 0xD5, 0x49, 0x2A, 0x02, 0x4A, 0x91, 0xB4, 0x95,
    0xFD, 0xB5, 0xFD, 0xB5, 0xFD, 0xAA, 0xFD, 0xB5, 0xFC, 0x95, 0xFD, 0xB5, 0xFD, 0xAA, 0xDC, 0x95,
    0x02, 0x4A, 0x83, 0x49, 0x2A, 0xDE, 0xDF, 0x48, 0xFF, 0x81, 0xFE, 0xD5, 0x02, 0x4A, 0x83, 0x22,
    0x4A, 0xDD, 0xBF, 0x48, 0xFF, 0x85, 0x94, 0x8A, 0x49, 0x2A, 0x94, 0x8A, 0x0C, 0xFF, 0x84, 0x94,
    0x8A, 0x49, 0x2A, 0x22, 0x03, 0x4A, 0x83, 0x94, 0x95, 0xDE, 0xDF, 0x3A, 0xFF, 0x95, 0x94, 0x95,
    0x21, 0x20, 0x6A, 0x4A, 0xDC, 0x8A, 0xFD, 0xB5, 0xFC, 0x95, 0xDD, 0xB5, 0xFD, 0xAA, 0xDC, 0x95,
    0xFD, 0xB5, 0x93, 0x6A, 0x02, 0x4A, 0x81, 0x4B, 0x6A, 0x4A, 0xFF, 0x02, 0xB5, 0x83, 0x22, 0x4A,
    0x6A, 0x4A, 0x4A, 0xFF, 0x02, 0xB5, 0x83, 0x21, 0x20, 0x6B, 0x75, 0x0A, 0xFF, 0x89, 0x94, 0x8A,
    0x21, 0x2A, 0x4A, 0x40, 0x6B, 0x6A, 0xDE, 0xDF, 0x0A, 0xFF, 0x02, 0xB5, 0x81, 0xDE, 0xD5, 0x32,
    0xFF, 0x04, 0x4A, 0x8D, 0x4B, 0x6A, 0xDC, 0x95, 0xFD, 0xB5, 0xFD, 0xB5, 0xFD, 0xB5, 0xFD, 0xB5,
    0xDC, 0x95, 0x03, 0x4A, 0x82, 0x40, 0x94, 0x95, 0x4A, 0xFF, 0x85, 0x6B, 0x6A, 0x4A, 0x40, 0x94,
    0x95, 0x4A, 0xFF, 0x85, 0xDE, 0xD5, 0x22, 0x4A, 0x6B, 0x6A, 0x0A, 0xFF, 0x02, 0xB5, 0x83, 0x6B,
    0x6A, 0xB5, 0xBF, 0x0C, 0xFF, 0x85, 0x94, 0x8A, 0x21, 0x2A, 0x93, 0x6A, 0x32, 0xFF, 0x81, 0xDE,
    0xD5, 0x03, 0x4A, 0x80, 0x40, 0x02, 0x4A, 0x89, 0xB4, 0x8A, 0xDC, 0x95, 0xFC, 0x95, 0xB4, 0x8A,
    0x6B, 0x6A, 0x02, 0x4A, 0x81, 0x6A, 0x4A, 0x4A, 0xFF, 0x81, 0xDE, 0xD5, 0x04, 0x4A, 0x02, 0xB5,
    0x4C, 0xFF, 0x81, 0x49, 0x20, 0x02, 0x4A, 0x81, 0xDE, 0xD5, 0x18, 0xFF, 0x02, 0xB5, 0x81, 0x4A,
    0x40, 0x02, 0x4A, 0x81, 0x94, 0x95, 0x34, 0xFF, 0x81, 0xDE, 0xDF, 0x0C, 0x4A, 0x85, 0x49, 0x20,
    0x4B, 0x6A, 0xDE, 0xDF, 0x4A, 0xFF, 0x85, 0x6B, 0x6A, 0x49, 0x20, 0x6B, 0x75, 0x4E, 0xFF, 0x83,
    0x6B, 0x6A, 0x21, 0x2A, 0x02, 0xB5, 0x16, 0xFF, 0x81, 0xDE, 0xD5, 0x02, 0x4A, 0x83, 0x22, 0x4A,
    0x6B, 0x6A, 0x3A, 0xFF, 0x81, 0x94, 0x8A, 0x05, 0x4A, 0x80, 0x40, 0x02, 0x4A, 0x83, 0x94, 0x95,
    0xDE, 0xDF, 0x4A, 0xFF, 0x81, 0xDE, 0xD5, 0x04, 0x4A, 0x81, 0xB6, 0xD5, 0x4E, 0xFF, 0x81, 0x94,
    0x8A, 0x02, 0x4A, 0x81, 0x6B, 0x6A, 0x16, 0xFF, 0x03, 0x4A, 0x82, 0x40, 0x6A, 0x4A, 0x40, 0xFF,
    0x85, 0xDE, 0xDF, 0xDE, 0xDF, 0xDE, 0xDF, 0x4E, 0xFF, 0x85, 0x6B, 0x6A, 0x21, 0x20, 0x94, 0x95,
    0x50, 0xFF, 0x83, 0xDE, 0xDF, 0x21, 0x20, 0x02, 0x4A, 0x14, 0xFF, 0x81, 0x6B, 0x6A, 0x04, 0x4A,
    0x81, 0xDE, 0xDF, 0x7F, 0xFF, 0x13, 0xFF, 0x83, 0xB5, 0xAA, 0x49, 0x2A, 0x02, 0x4A, 0x81, 0xDE,
    0xDF, 0x52, 0xFF, 0x85, 0x6A, 0x4A, 0x22, 0x4A, 0xB4, 0x95, 0x10, 0xFF, 0x02, 0xB5, 0x81, 0x4A,
    0x40, 0x02, 0x4A, 0x02, 0xB5, 0x7F, 0xFF, 0x13, 0xFF, 0x83, 0xFE, 0xD5, 0x22, 0x40, 0x02, 0x4A,
    0x81, 0x95, 0xB5, 0x54, 0xFF, 0x81, 0x94, 0x8A, 0x02, 0x4A, 0x81, 0x6B, 0x6A, 0x10, 0xFF, 0x02,
    0xB5, 0x02, 0x4A, 0x81, 0x94, 0x95, 0x7F, 0xFF, 0x14, 0xFF, 0x80, 0xF5, 0x04, 0x4A, 0x81, 0x6B,
    0x6A, 0x56, 0xFF, 0x83, 0xDE, 0xDF, 0x22, 0x40, 0x02, 0x4A, 0x02, 0xB5, 0x10, 0xFF, 0x81, 0xDE,
    0xDF, 0x7F, 0xFF, 0x14, 0xFF, 0x86, 0xF5, 0x6B, 0x6A, 0x49, 0x20, 0x6B, 0x6A, 0x5A, 0xFF, 0x81,
    0x93, 0x6A, 0x02, 0x4A, 0x81, 0x6B, 0x6A, 0x7F, 0xFF, 0x24, 0xFF, 0x82, 0xF5, 0x6B, 0x6A, 0x04,
    0x4A, 0x81, 0xDE, 0xDF, 0x5A, 0xFF, 0x82, 0xDE, 0xD5, 0x22, 0x03, 0x4A, 0x7F, 0xFF, 0x22, 0xFF,
    0x84, 0xF5, 0x6B, 0x6A, 0x49, 0x20, 0x02, 0x4A, 0x81, 0xDE, 0xDF, 0x5C, 0xFF, 0x83, 0xDE, 0xD5,
    0x49, 0x2A, 0x02, 0x4A, 0x7F, 0xFF, 0x20, 0xFF, 0x80, 0xEA, 0x04, 0x4A, 0x83, 0x6B, 0x6A, 0xDE,
    0xDF, 0x5E, 0xFF, 0x87, 0xDE, 0xD5, 0x22, 0x40, 0x6B, 0x6A, 0xFE, 0xDF, 0x7F, 0xFF, 0x1A, 0xFF,
    0x8A, 0xF5, 0xDE, 0xCA, 0x49, 0x2A, 0x4A, 0x40, 0x6B, 0x6A, 0xDE, 0xDF, 0x60, 0xFF, 0x83, 0xDE,
    0xDF, 0x49, 0x2A, 0x02, 0x4A, 0x80, 0xDF, 0x7F, 0xFF, 0x19, 0xFF, 0x84, 0xF5, 0x94, 0x8A, 0x49,
    0x2A, 0x02, 0x4A, 0x81, 0x94, 0x95, 0x65, 0xFF, 0x80, 0xF5, 0x03, 0x4A, 0x82, 0x40, 0xDE, 0xDF,
    0x7F, 0xFF, 0x14, 0xFF, 0x82, 0xF5, 0xDE, 0xCA, 0x03, 0x4A, 0x80, 0x40, 0x04, 0x4A, 0x81, 0xDE,
    0xDF, 0x66, 0xFF, 0x04, 0x4A, 0x02, 0xB5, 0x75, 0xFF, 0x88, 0xF5, 0xFF, 0xF5, 0xDE, 0xD5, 0xFF,
    0xF5, 0xFF, 0xF5, 0x13, 0xFF, 0x82, 0xF5, 0x94, 0x8A, 0x04, 0x4A, 0x87, 0x6B, 0x6A, 0x6B, 0x6A,
    0x22, 0x40, 0x94, 0x95, 0x66, 0xFF, 0x85, 0x94, 0x8A, 0x21, 0x20, 0x94, 0x95, 0x71, 0xFF, 0x82,
    0xF5, 0xB5, 0xAA, 0x04, 0x4A, 0x81, 0x21, 0x20, 0x04, 0x4A, 0x85, 0x94, 0x8A, 0xDE, 0xD5, 0xFF,
    0xF5, 0x0C, 0xFF, 0x83, 0xB5, 0xAA, 0x21, 0x20, 0x02, 0x4A, 0x02, 0xB5, 0x02, 0xFF, 0x85, 0x94,
    0x95, 0x49, 0x2A, 0x6B, 0x6A, 0x66, 0xFF, 0x02, 0xB5, 0x04, 0x4A, 0x81, 0xDE, 0xD5, 0x6C, 0xFF,
    0x81, 0xFE, 0xD5, 0x02, 0x4A, 0x81, 0x22, 0x40, 0x02, 0x4A, 0x85, 0x6B, 0x6A, 0x6B, 0x75, 0x6B,
    0x6A, 0x02, 0x4A, 0x81, 0x21, 0x20, 0x04, 0x4A, 0x81, 0xB5, 0xAA, 0x0B, 0xFF, 0x80, 0xF5, 0x02,
    0xB5, 0x81, 0xDE, 0xDF, 0x04, 0xFF, 0x87, 0xDE, 0xDF, 0x4A, 0x40, 0x22, 0x4A, 0xDD, 0xB5, 0x64,
    0xFF, 0x81, 0xDE, 0xD5, 0x03, 0x4A, 0x82, 0x40, 0x6B, 0x75, 0x6A, 0xFF, 0x83, 0xDE, 0xCA, 0x22,
    0x40, 0x02, 0x4A, 0x83, 0x6B, 0x75, 0xDE, 0xDF, 0x06, 0xFF, 0x81, 0xDE, 0xDF, 0x02, 0xB5, 0x81,
    0x6B, 0x6A, 0x03, 0x4A, 0x82, 0x40, 0x6B, 0x6A, 0x02, 0xB5, 0x12, 0xFF, 0x85, 0x6B, 0x6A, 0x49,
    0x2A, 0x94, 0x95, 0x66, 0xFF, 0x81, 0x6B, 0x6A, 0x04, 0x4A, 0x02, 0xB5, 0x4D, 0xFF, 0x80, 0xF5,
    0x18, 0xFF, 0x83, 0xDE, 0xCA, 0x49, 0x2A, 0x02, 0x4A, 0x81, 0x94, 0x95, 0x10, 0xFF, 0x8B, 0xB5,
    0xBF, 0x6B, 0x6A, 0x49, 0x2A, 0x4A, 0x40, 0x6B, 0x6A, 0xFF, 0xF5, 0x0E, 0xFF, 0x02, 0xB5, 0x83,
    0x21, 0x20, 0x4B, 0x6A, 0x66, 0xFF, 0x02, 0xB5, 0x03, 0x4A, 0x80, 0x40, 0x02, 0x4A, 0x81, 0xDD,
    0xB5, 0x45, 0xFF, 0x8E, 0xF5, 0xDE, 0xCA, 0x94, 0x8A, 0x93, 0x60, 0x94, 0x8A, 0xB5, 0xAA, 0xDE,
    0xD5, 0xFF, 0xF5, 0x0F, 0xFF, 0x80, 0xF5, 0x04, 0x4A, 0x81, 0x94, 0x95, 0x16, 0xFF, 0x02, 0xB5,
    0x03, 0x4A, 0x80, 0x40, 0x02, 0x4A, 0x81, 0x94, 0x95, 0x0C, 0xFF, 0x81, 0xDE, 0xDF, 0x04, 0x4A,
    0x81, 0xDE, 0xD5, 0x66, 0xFF, 0x81, 0x6B, 0x6A, 0x06, 0x4A, 0x02, 0xB5, 0x3F, 0xFF, 0x84, 0xF5,
    0xDD, 0xAA, 0x4A, 0x40, 0x04, 0x4A, 0x8B, 0x22, 0x4A, 0x49, 0x2A, 0x22, 0x40, 0x49, 0x2A, 0x6B,
    0x6A, 0xDE, 0xD5, 0x0C, 0xFF, 0x85, 0x94, 0x8A, 0x21, 0x20, 0x6C, 0x8A, 0x1C, 0xFF, 0x87, 0x6B,
    0x75, 0x4A, 0x40, 0x4A, 0x40, 0x6B, 0x6A, 0x0C, 0xFF, 0x85, 0x6B, 0x6A, 0x21, 0x20, 0xB4, 0x95,
    0x68, 0xFF, 0x81, 0x4A, 0x40, 0x05, 0x4A, 0x82, 0x40, 0x94, 0x95, 0x3B, 0xFF, 0x98, 0xEA, 0x6B,
    0x6A, 0x22, 0x40, 0x6A, 0x4A, 0x94, 0x95, 0xDE, 0xD5, 0xDE, 0xDF, 0xDE, 0xDF, 0x94, 0x95, 0x6B,
    0x6A, 0x22, 0x40, 0x49, 0x2A, 0x94, 0x8A, 0x09, 0xFF, 0x86, 0xF5, 0x21, 0x20, 0x6A, 0x4A, 0xDE,
    0xDF, 0x1E, 0xFF, 0x02, 0xB5, 0x04, 0x4A, 0x81, 0xDE, 0xDF, 0x0A, 0xFF, 0x85, 0x94, 0x95, 0x4A,
    0x40, 0x6B, 0x75, 0x68, 0xFF, 0x83, 0xDE, 0xDF, 0x49, 0x20, 0x05, 0x4A, 0x80, 0x40, 0x02, 0x4A,
    0x81, 0xB5, 0xAA, 0x33, 0xFF, 0x84, 0xF5, 0xFE, 0xCA, 0x49, 0x2A, 0x02, 0x4A, 0x83, 0x6B, 0x75,
    0xDE, 0xDF, 0x0C, 0xFF, 0x81, 0xB4, 0x95, 0x02, 0x4A, 0x83, 0x22, 0x40, 0x6B, 0x6A, 0x06, 0xFF,
    0x81, 0x6B, 0x6A, 0x02, 0x4A, 0x81, 0x95, 0xB5, 0x24, 0xFF, 0x81, 0xDE, 0xDF, 0x0C, 0xFF, 0x85,
    0xDE, 0xD5, 0x21, 0x2A, 0x4A, 0x40, 0x6A, 0xFF, 0x83, 0xB6, 0xDF, 0x4A, 0x40, 0x0A, 0x4A, 0x83,
    0xB4, 0x8A, 0xDE, 0xD5, 0x2C, 0xFF, 0x81, 0xB5, 0xAA, 0x04, 0x4A, 0x02, 0xB5, 0x12, 0xFF, 0x81,
    0xDE, 0xDF, 0x03, 0x4A, 0x82, 0x40, 0x6B, 0x6A, 0x03, 0xFF, 0x80, 0xF5, 0x03, 0x4A, 0x82, 0x40,
    0xFE, 0xDF, 0x32, 0xFF, 0x81, 0xDE, 0xDF, 0x04, 0x4A, 0x02, 0xB5, 0x6A, 0xFF, 0x81, 0xDE, 0xDF,
    0x07, 0x4A, 0x80, 0x40, 0x02, 0x4A, 0x80, 0x22, 0x02, 0x4A, 0x8A, 0x40, 0x6B, 0x6A, 0x94, 0x8A,
    0xDE, 0xD5, 0xDE, 0xD5, 0xFF, 0xF5, 0x11, 0xFF, 0x80, 0xF5, 0x03, 0xFF, 0x84, 0xF5, 0xFF, 0xF5,
    0xFE, 0xCA, 0x05, 0xFF, 0x86, 0xF5, 0xB5, 0xAA, 0x49, 0x20, 0x4B, 0x6A, 0x02, 0xB5, 0x16, 0xFF,
    0x81, 0xDE, 0xDF, 0x03, 0x4A, 0x82, 0x40, 0x6B, 0x75, 0x02, 0xB5, 0x02, 0x4A, 0x81, 0x6B, 0x6A,
    0x12, 0xFF, 0x83, 0xDE, 0xD5, 0x93, 0x6A, 0x20, 0xFF, 0x85, 0x6B, 0x6A, 0x4A, 0x40, 0x94, 0x95,
    0x6C, 0xFF, 0x81, 0xDE, 0xD5, 0x06, 0x4A, 0x83, 0x94, 0x95, 0x6B, 0x6A, 0x04, 0x4A, 0x85, 0x21,
    0x20, 0x21, 0x2A, 0x4A, 0x40, 0x02, 0x4A, 0x93, 0x6B, 0x6A, 0x6B, 0x60, 0x94, 0x8A, 0x94, 0x8A,
    0x94, 0x8A, 0x94, 0x80, 0x94, 0x8A, 0x94, 0x8A, 0x93, 0x6A, 0x6B, 0x60, 0x04, 0x4A, 0x81, 0x21,
    0x20, 0x02, 0xB5, 0x02, 0xFF, 0x81, 0x94, 0x8A, 0x04, 0x4A, 0x81, 0xDE, 0xDF, 0x1A, 0xFF, 0x81,
    0xDE, 0xD5, 0x03, 0x4A, 0x86, 0x40, 0x6A, 0x4A, 0x22, 0x4A, 0x94, 0x95, 0x10, 0xFF, 0x87, 0xDE,
    0xD5, 0x4A, 0x40, 0x21, 0x2A, 0xDE, 0xD5, 0x1E, 0xFF, 0x85, 0x94, 0x95, 0x21, 0x20, 0x94, 0x95,
    0x6E, 0xFF, 0x83, 0xDE, 0xDF, 0x4A, 0x40, 0x02, 0x4A, 0x81, 0x6B, 0x6A, 0x02, 0xFF, 0x81, 0xFE,
    0xDF, 0x02, 0xB5, 0x83, 0x94, 0x95, 0x6B, 0x6A, 0x08, 0x4A, 0x85, 0x21, 0x2A, 0x4A, 0x40, 0x21,
    0x2A, 0x06, 0x4A, 0x80, 0x22, 0x05, 0x4A, 0x83, 0x6B, 0x6A, 0x6B, 0x6A, 0x02, 0xB5, 0x83, 0x6B,
    0x6A, 0x49, 0x20, 0x02, 0x4A, 0x81, 0xDE, 0xDF, 0x1E, 0xFF, 0x81, 0x94, 0x95, 0x05, 0x4A, 0x82,
    0x40, 0x94, 0x95, 0x10, 0xFF, 0x85, 0x6B, 0x6A, 0x21, 0x2A, 0x94, 0x8A, 0x20, 0xFF, 0x02, 0xB5,
    0x04, 0x4A, 0x70, 0xFF, 0x83, 0xDE, 0xD5, 0x49, 0x2A, 0x02, 0x4A, 0x81, 0x95, 0xB5, 0x0A, 0xFF,
    0x81, 0x6B, 0x6A, 0x02, 0x4A, 0x81, 0x6B, 0x6A, 0x03, 0xB5, 0x80, 0xBF, 0x02, 0xB5, 0x81, 0xB4,
    0x95, 0x03, 0x4A, 0x86, 0x40, 0xB4, 0x95, 0xDE, 0xDF, 0xDE, 0xDF, 0x04, 0xFF, 0x81, 0x94, 0x95,
    0x04, 0x4A, 0x81, 0xDE, 0xDF, 0x20, 0xFF, 0x83, 0xDE, 0xDF, 0x4A, 0x40, 0x04, 0x4A, 0x81, 0x6A,
    0x4A, 0x0E, 0xFF, 0x87, 0x94, 0x8A, 0x49, 0x2A, 0x4B, 0x6A, 0xDE, 0xDF, 0x20, 0xFF, 0x81, 0xDE,
    0xD5, 0x03, 0x4A, 0x82, 0x40, 0xDE, 0xDF, 0x70, 0xFF, 0x85, 0x94, 0x8A, 0x21, 0x2A, 0x6B, 0x6A,
    0x0A, 0xFF, 0x02, 0xB5, 0x83, 0x49, 0x2A, 0x4B, 0x6A, 0x08, 0xFF, 0x04, 0x4A, 0x81, 0xDE, 0xDF,
    0x08, 0xFF, 0x81, 0x6B, 0x6A, 0x02, 0x4A, 0x02, 0xB5, 0x24, 0xFF, 0x81, 0x93, 0x6A, 0x04, 0x4A,
    0x83, 0x22, 0x4A, 0x93, 0x6A, 0x0A, 0xFF, 0x81, 0x94, 0x8A, 0x03, 0x4A, 0x82, 0x40, 0xB5, 0xBF,
    0x1F, 0xFF, 0x82, 0xF5, 0x94, 0x95, 0x02, 0xB5, 0x04, 0x4A, 0x81, 0xDE, 0xD5, 0x70, 0xFF, 0x85,
    0xDF, 0xFF, 0x4A, 0x40, 0x49, 0x2A, 0x02, 0xB5, 0x0A, 0xFF, 0x81, 0x4A, 0x40, 0x02, 0x4A, 0x02,
    0xB5, 0x04, 0xFF, 0x81, 0xDE, 0xD5, 0x03, 0x4A, 0x82, 0x40, 0xB6, 0xD5, 0x0A, 0xFF, 0x81, 0xDE,
    0xD5, 0x0E, 0xFF, 0x85, 0xDE, 0xD5, 0x6B, 0x6A, 0x94, 0x8A, 0x12, 0xFF, 0x85, 0x94, 0x95, 0x22,
    0x40, 0x6B, 0x6A, 0x06, 0x4A, 0x02, 0xB5, 0x85, 0xDE, 0xDF, 0xDE, 0xD5, 0x6B, 0x6A, 0x06, 0x4A,
    0x02, 0xB5, 0x1E, 0xFF, 0x8B, 0x94, 0x8A, 0x21, 0x20, 0x6B, 0x75, 0x6B, 0x6A, 0x4A, 0x40, 0x94,
    0x95, 0x72, 0xFF, 0x85, 0x93, 0x75, 0x22, 0x40, 0x6B, 0x6A, 0x0A, 0xFF, 0x04, 0x4A, 0x81, 0xB4,
    0x95, 0x04, 0xFF, 0x83, 0xDE, 0xDF, 0x4A, 0x40, 0x02, 0x4A, 0x81, 0xFE, 0xDF, 0x1A, 0xFF, 0x83,
    0xDE, 0xDF, 0x4A, 0x40, 0x02, 0x4A, 0x81, 0x94, 0x8A, 0x10, 0xFF, 0x83, 0x6B, 0x6A, 0x49, 0x2A,
    0x04, 0xB5, 0x03, 0x4A, 0x81, 0x40, 0x22, 0x02, 0x4A, 0x84, 0x40, 0x49, 0x2A, 0x22, 0x40, 0x02,
    0x4A, 0x81, 0x6B, 0x6A, 0x02, 0x4A, 0x83, 0x49, 0x20, 0xB6, 0xD5, 0x1C, 0xFF, 0x04, 0x4A, 0x87,
    0xDD, 0xB5, 0x6C, 0x95, 0x49, 0x2A, 0x94, 0x95, 0x72, 0xFF, 0x02, 0xB5, 0x04, 0x4A, 0x0A, 0xFF,
    0x81, 0x6B, 0x6A, 0x02, 0x4A, 0x81, 0x94, 0x8A, 0x04, 0xFF, 0x02, 0xB5, 0x04, 0x4A, 0x1E, 0xFF,
    0x02, 0xB5, 0x85, 0x49, 0x2A, 0x22, 0x4A, 0x6B, 0x6A, 0x0C, 0xFF, 0x02, 0xB5, 0x81, 0x4A, 0x40,
    0x02, 0x4A, 0x81, 0xDE, 0xDF, 0x04, 0xFF, 0x83, 0x94, 0x95, 0x6B, 0x6A, 0x02, 0x4A, 0x85, 0x6B,
    0x6A, 0x94, 0x95, 0xDE, 0xDF, 0x02, 0xFF, 0x81, 0x6B, 0x6A, 0x04, 0x4A, 0x81, 0xDE, 0xDF, 0x18,
    0xFF, 0x85, 0x6B, 0x6A, 0x4A, 0x40, 0x6B, 0x6A, 0x02, 0xFF, 0x85, 0x94, 0x95, 0x21, 0x20, 0x94,
    0x8A, 0x74, 0xFF, 0x81, 0x4A, 0x40, 0x02, 0x4A, 0x81, 0xDE, 0xDF, 0x08, 0xFF, 0x85, 0x94, 0x95,
    0x4A, 0x40, 0x6B, 0x75, 0x04, 0xFF, 0x85, 0x94, 0x95, 0x22, 0x40, 0x6B, 0x75, 0x20, 0xFF, 0x02,
    0xB5, 0x03, 0x4A, 0x80, 0x40, 0x02, 0x4A, 0x02, 0xB5, 0x06, 0xFF, 0x83, 0xB5, 0xAA, 0x21, 0x2A,
    0x02, 0x4A, 0x81, 0x94, 0x95, 0x16, 0xFF, 0x85, 0x6B, 0x6A, 0x49, 0x2A, 0x4A, 0x40, 0x02, 0xB5,
    0x14, 0xFF, 0x83, 0xB5, 0xAA, 0x49, 0x2A, 0x02, 0x4A, 0x81, 0xDE, 0xDF, 0x02, 0xFF, 0x02, 0xB5,
    0x83, 0x21, 0x20, 0x6B, 0x75, 0x74, 0xFF, 0x03, 0x4A, 0x82, 0x40, 0xB5, 0xBF, 0x08, 0xFF, 0x02,
    0xB5, 0x83, 0x21, 0x2A, 0x6B, 0x6A, 0x04, 0xFF, 0x81, 0x93, 0x6A, 0x02, 0x4A, 0x81, 0x94, 0x8A,
    0x22, 0xFF, 0x02, 0xB5, 0x81, 0x49, 0x2A, 0x03, 0x4A, 0x84, 0x40, 0x6B, 0x6A, 0x6B, 0x6A, 0x03,
    0x4A, 0x80, 0x40, 0x02, 0x4A, 0x81, 0x94, 0x8A, 0x18, 0xFF, 0x85, 0xDF, 0xFF, 0x6B, 0x6A, 0x49,
    0x2A, 0x02, 0x4A, 0x81, 0x94, 0x8A, 0x10, 0xFF, 0x85, 0xB5, 0xAA, 0x21, 0x2A, 0x4A, 0x40, 0x02,
    0xB5, 0x04, 0xFF, 0x02, 0xB5, 0x02, 0x4A, 0x81, 0x6B, 0x6A, 0x74, 0xFF, 0x81, 0x6B, 0x6A, 0x02,
    0x4A, 0x02, 0xB5, 0x08, 0xFF, 0x85, 0xDE, 0xD5, 0x49, 0x20, 0x4B, 0x6A, 0x04, 0xFF, 0x85, 0x4B,
    0x6A, 0x49, 0x2A, 0x95, 0xB5, 0x22, 0xFF, 0x81, 0x6B, 0x6A, 0x02, 0x4A, 0x81, 0x4B, 0x6A, 0x08,
    0x4A, 0x81, 0x6A, 0x4A, 0x02, 0xB5, 0x1E, 0xFF, 0x81, 0x6C, 0x8A, 0x02, 0x4A, 0x81, 0x21, 0x2A,
    0x02, 0x4A, 0x83, 0xB5, 0xAA, 0xDE, 0xDF, 0x05, 0xFF, 0x84, 0xF5, 0xDE, 0xD5, 0x6B, 0x6A, 0x04,
    0x4A, 0x81, 0x94, 0x95, 0x06, 0xFF, 0x83, 0xB6, 0xD5, 0x49, 0x2A, 0x02, 0x4A, 0x80, 0xDF, 0x73,
    0xFF, 0x81, 0x4A, 0x40, 0x02, 0x4A, 0x81, 0xDE, 0xD5, 0x08, 0xFF, 0x83, 0xB6, 0xDF, 0x49, 0x2A,
    0x02, 0x4A, 0x02, 0xFF, 0x83, 0xDE, 0xDF, 0x4A, 0x40, 0x02, 0x4A, 0x81, 0xDD, 0xB5, 0x20, 0xFF,
    0x82, 0xDE, 0xD5, 0x22, 0x02, 0x4A, 0x82, 0x40, 0xDE, 0xDF, 0x02, 0xFF, 0x04, 0xB5, 0x81, 0xDE,
    0xDF, 0x24, 0xFF, 0x02, 0xB5, 0x81, 0x6B, 0x6A, 0x02, 0x4A, 0x81, 0x21, 0x20, 0x02, 0x4A, 0x82,
    0x6A, 0x40, 0x4B, 0x02, 0x6A, 0x84, 0x4A, 0x22, 0x4A, 0x49, 0x20, 0x02, 0x4A, 0x02, 0xB5, 0x08,
    0xFF, 0x83, 0xDE, 0xDF, 0x4A, 0x40, 0x02, 0x4A, 0x81, 0xDE, 0xD5, 0x72, 0xFF, 0x81, 0x6B, 0x6A,
    0x02, 0x4A, 0x02, 0xB5, 0x08, 0xFF, 0x83, 0xDE, 0xD5, 0x4A, 0x40, 0x02, 0x4A, 0x02, 0xFF, 0x02,
    0xB5, 0x04, 0x4A, 0x83, 0xDE, 0xDF, 0xB6, 0xD5, 0x1E, 0xFF, 0x80, 0x6A, 0x02, 0x4A, 0x82, 0x40,
    0x93, 0x75, 0x32, 0xFF, 0x02, 0xB5, 0x81, 0x6B, 0x6A, 0x08, 0x4A, 0x84, 0x6B, 0x6A, 0x94, 0x95,
    0xDF, 0x0B, 0xFF, 0x81, 0xDE, 0xDF, 0x03, 0x4A, 0x82, 0x40, 0xDE, 0xDF, 0x72, 0xFF, 0x85, 0x6B,
    0x6A, 0x49, 0x20, 0xB6, 0xDF, 0x08, 0xFF, 0x81, 0xDE, 0xDF, 0x04, 0x4A, 0x81, 0xDE, 0xDF, 0x02,
    0xB5, 0x83, 0x21, 0x20, 0x6B, 0x6A, 0x02, 0xB5, 0x83, 0x21, 0x20, 0x6B, 0x6A, 0x1A, 0xFF, 0x86,
    0x94, 0x8A, 0x22, 0x4A, 0x6A, 0x4A, 0xDF, 0x39, 0xFF, 0x85, 0xDE, 0xDF, 0xDE, 0xD5, 0xDE, 0xDF,
    0x12, 0xFF, 0x81, 0x4A, 0x40, 0x02, 0x4A, 0x81, 0xDE, 0xDF, 0x72, 0xFF, 0x81, 0x6B, 0x6A, 0x02,
    0x4A, 0x81, 0xDD, 0xB5, 0x08, 0xFF, 0x83, 0xDE, 0xD5, 0x4A, 0x40, 0x02, 0x4A, 0x02, 0xFF, 0x81,
    0x6B, 0x6A, 0x02, 0x4A, 0x83, 0x94, 0x95, 0xDE, 0xDF, 0x02, 0x4A, 0x83, 0x49, 0x2A, 0x94, 0x8A,
    0x16, 0xFF, 0x02, 0xB5, 0x81, 0x4A, 0x40, 0x02, 0x4A, 0x02, 0xB5, 0x52, 0xFF, 0x02, 0x4A, 0x83,
    0x21, 0x2A, 0xDE, 0xD5, 0x71, 0xFF, 0x80, 0xF5, 0x03, 0x4A, 0x82, 0x40, 0xDE, 0xDF, 0x08, 0xFF,
    0x81, 0xDE, 0xDF, 0x04, 0x4A, 0x85, 0xDE, 0xDF, 0x6B, 0x6A, 0x21, 0x20, 0x02, 0xB5, 0x02, 0xFF,
    0x02, 0xB5, 0x02, 0x4A, 0x83, 0x22, 0x4A, 0x93, 0x6A, 0x12, 0xFF, 0x83, 0xDE, 0xD5, 0x4A, 0x40,
    0x02, 0x4A, 0x81, 0x94, 0x95, 0x54, 0xFF, 0x81, 0x4A, 0x40, 0x02, 0x4A, 0x02, 0xB5, 0x72, 0xFF,
    0x81, 0x4A, 0x40, 0x02, 0x4A, 0x81, 0xDE, 0xDF, 0x08, 0xFF, 0x89, 0xDE, 0xD5, 0x49, 0x20, 0x4B,
    0x6A, 0xDD, 0xB5, 0x4B, 0x6A, 0x02, 0x4A, 0x81, 0xB5, 0xBF, 0x04, 0xFF, 0x02, 0xB5, 0x87, 0x49,
    0x2A, 0x22, 0x40, 0x6B, 0x6A, 0xDE, 0xDF, 0x0B, 0xFF, 0x84, 0xF5, 0x94, 0x8A, 0x21, 0x2A, 0x02,
    0x4A, 0x81, 0x94, 0x95, 0x56, 0xFF, 0x04, 0x4A, 0x81, 0xDE, 0xD5, 0x71, 0xFF, 0x80, 0xF5, 0x04,
    0x4A, 0x0A, 0xFF, 0x85, 0xDE, 0xDF, 0x21, 0x20, 0x6B, 0x75, 0x02, 0xB5, 0x04, 0x4A, 0x81, 0xFE,
    0xD5, 0x06, 0xFF, 0x02, 0xB5, 0x02, 0x4A, 0x85, 0x21, 0x2A, 0x4A, 0x40, 0x6B, 0x6A, 0x06, 0xB5,
    0x81, 0x94, 0x8A, 0x05, 0x4A, 0x82, 0x40, 0x94, 0x95, 0x58, 0xFF, 0x85, 0x4A, 0x40, 0x21, 0x2A,
    0xDE, 0xDF, 0x72, 0xFF, 0x81, 0x4A, 0x40, 0x02, 0x4A, 0x81, 0xDE, 0xDF, 0x08, 0xFF, 0x85, 0xB6,
    0xD5, 0x49, 0x2A, 0x4B, 0x6A, 0x02, 0xB5, 0x83, 0x49, 0x20, 0x6B, 0x75, 0x0C, 0xFF, 0x81, 0x6B,
    0x6A, 0x02, 0x4A, 0x83, 0x49, 0x2A, 0x22, 0x40, 0x02, 0x4A, 0x82, 0x49, 0x20, 0x22, 0x03, 0x4A,
    0x83, 0x6B, 0x6A, 0xDD, 0xBF, 0x5A, 0xFF, 0x03, 0x4A, 0x82, 0x40, 0xB5, 0xBF, 0x71, 0xFF, 0x80,
    0xF5, 0x04, 0x4A, 0x0A, 0xFF, 0x83, 0xDE, 0xDF, 0x4A, 0x40, 0x02, 0x4A, 0x85, 0x93, 0x75, 0x22,
    0x40, 0x6B, 0x6A, 0x0E, 0xFF, 0x81, 0xDE, 0xDF, 0x02, 0xB5, 0x89, 0x6B, 0x6A, 0x94, 0x95, 0x6B,
    0x6A, 0xB4, 0x95, 0xDE, 0xDF, 0x5E, 0xFF, 0x81, 0x4A, 0x40, 0x02, 0x4A, 0x81, 0xDD, 0xB5, 0x72,
    0xFF, 0x81, 0x4A, 0x40, 0x02, 0x4A, 0x81, 0xDE, 0xD5, 0x08, 0xFF, 0x81, 0xDE, 0xD5, 0x04, 0x4A,
    0x81, 0x6B, 0x6A, 0x02, 0x4A, 0x81, 0x94, 0x95, 0x78, 0xFF, 0x81, 0xDE, 0xDF, 0x04, 0x4A, 0x81,
    0xDE, 0xDF, 0x72, 0xFF, 0x81, 0x6B, 0x6A, 0x02, 0x4A, 0x02, 0xB5, 0x08, 0xFF, 0x83, 0xDE, 0xDF,
    0x4A, 0x40, 0x02, 0x4A, 0x80, 0x6A, 0x03, 0x4A, 0x81, 0x94, 0x95, 0x79, 0xFF, 0x80, 0xF5, 0x02,
    0x4A, 0x82, 0x21, 0x20, 0xDF, 0x73, 0xFF, 0x85, 0x6B, 0x6A, 0x4A, 0x40, 0xB5, 0xBF, 0x0A, 0xFF,
    0x07, 0x4A, 0x82, 0x40, 0xB5, 0xBF, 0x78, 0xFF, 0x81, 0xDE, 0xD5, 0x04, 0x4A, 0x81, 0xFE, 0xDF,
    0x72, 0xFF, 0x85, 0xB5, 0xAA, 0x21, 0x2A, 0x94, 0x8A, 0x0A, 0xFF, 0x83, 0x6B, 0x6A, 0x4A, 0x40,
    0x04, 0x4A, 0x81, 0xDE, 0xD5, 0x78, 0xFF, 0x02, 0xB5, 0x04, 0x4A, 0x74, 0xFF, 0x85, 0xDE, 0xD5,
    0x21, 0x20, 0x6B, 0x75, 0x0A, 0xFF, 0x81, 0x6B, 0x6A, 0x06, 0x4A, 0x81, 0xDE, 0xDF, 0x78, 0xFF,
    0x02, 0xB5, 0x83, 0x4A, 0x40, 0x6B, 0x6A, 0x75, 0xFF, 0x82, 0xF5, 0x49, 0x2A, 0x02, 0x4A, 0x81,
    0xDE, 0xD5, 0x08, 0xFF, 0x02, 0xB5, 0x81, 0x21, 0x2A, 0x03, 0x4A, 0x82, 0x40, 0xDE, 0xDF, 0x78,
    0xFF, 0x85, 0xB4, 0x95, 0x21, 0x20, 0x6C, 0x95, 0x76, 0xFF, 0x85, 0x6B, 0x6A, 0x22, 0x40, 0xB5,
    0xBF, 0x08, 0xFF, 0x83, 0xDE, 0xD5, 0x4A, 0x40, 0x04, 0x4A, 0x81, 0xDE, 0xD5, 0x78, 0xFF, 0x81,
    0x94, 0x8A, 0x02, 0x4A, 0x81, 0x94, 0x95, 0x76, 0xFF, 0x85, 0x94, 0x8A, 0x49, 0x2A, 0x94, 0x8A,
    0x0A, 0xFF, 0x81, 0x6B, 0x6A, 0x04, 0x4A, 0x81, 0xFE, 0xDF, 0x78, 0xFF, 0x83, 0x6B, 0x6A, 0x21,
    0x20, 0x02, 0xB5, 0x76, 0xFF, 0x83, 0xDE, 0xD5, 0x22, 0x40, 0x02, 0x4A, 0x0A, 0xFF, 0x02, 0xB5,
    0x81, 0x21, 0x2A, 0x02, 0x4A, 0x80, 0xDF, 0x79, 0xFF, 0x81, 0x4A, 0x40, 0x02, 0x4A, 0x81, 0xDE,
    0xDF, 0x42, 0xFF, 0x0A, 0x00, 0x81, 0x21, 0x20, 0x02, 0x00, 0xA5, 0x21, 0x20, 0x21, 0x20, 0x21,
    0x20, 0x21, 0x20, 0x21, 0x20, 0x21, 0x20, 0x4A, 0x40, 0x21, 0x20, 0x4A, 0x40, 0x4A, 0x40, 0x4A,
    0x40, 0x4A, 0x40, 0x4A, 0x40, 0x4A, 0x40, 0x4A, 0x40, 0x4A, 0x40, 0x4A, 0x40, 0x21, 0x20, 0x21,
    0x20, 0x24, 0x00, 0x80, 0x01, 0x02, 0x20, 0x03, 0x00, 0x80, 0x01, 0x02, 0x20, 0x82, 0x00, 0x01,
    0x20, 0x02, 0x00, 0x81, 0x21, 0x20, 0x04, 0x00, 0x81, 0x01, 0x20, 0x02, 0x00, 0x81, 0x21, 0x20,
    0x02, 0x00, 0x80, 0x01, 0x02, 0x20, 0x81, 0x00, 0x01, 0x02, 0x20, 0x84, 0x00, 0x01, 0x20, 0x21,
    0x20, 0x02, 0x00, 0xBD, 0x21, 0x20, 0x21, 0x20, 0x21, 0x20, 0x21, 0x20, 0x21, 0x20, 0x21, 0x20,
    0x21, 0x20, 0x21, 0x20, 0x21, 0x20, 0x21, 0x20, 0x21, 0x20, 0x21, 0x20, 0x21, 0x20, 0x21, 0x20,
    0x21, 0x20, 0x21, 0x20, 0x21, 0x20, 0x21, 0x20, 0x21, 0x20, 0x21, 0x20, 0x21, 0x20, 0x21, 0x20,
    0x21, 0x20, 0x21, 0x20, 0x21, 0x20, 0x21, 0x20, 0x21, 0x20, 0x21, 0x20, 0x21, 0x20, 0x21, 0x20,
    0x21, 0x20, 0x16, 0x00, 0x81, 0x21, 0x20, 0x02, 0x00, 0xB1, 0x21, 0x20, 0x21, 0x20, 0x21, 0x20,
    0x21, 0x20, 0x22, 0x40, 0x49, 0x20, 0x22, 0x40, 0x4A, 0x40, 0x4A, 0x40, 0x4A, 0x40, 0x4A, 0x40,
    0x4A, 0x40, 0x4B, 0x60, 0x6A, 0x40, 0x4B, 0x60, 0x6B, 0x60, 0x6B, 0x60, 0x6B, 0x60, 0x6B, 0x60,
    0x6B, 0x60, 0x6B, 0x60, 0x6B, 0x60, 0x6B, 0x60, 0x6B, 0x60, 0x21, 0x20, 0x7F, 0x00, 0x7F, 0x00,
    0x7F, 0x00, 0x7F, 0x00, 0x7F, 0x00, 0x7F, 0x00, 0x7F, 0x00, 0x7F, 0x00, 0x7F, 0x00, 0x7F, 0x00,
    0x7F, 0x00, 0x7F, 0x00, 0x7F, 0x00, 0x7F, 0x00, 0x7F, 0x00, 0x7F, 0x00, 0x7F, 0x00, 0x7F, 0x00,
    0x7F, 0x00, 0x7F, 0x00, 0x7F, 0x00, 0x7F, 0x00, 0x7F, 0x00, 0x7F, 0x00, 0x7F, 0x00, 0x7F, 0x00,
    0x7F, 0x00, 0x7F, 0x00, 0x7F, 0x00, 0x7F, 0x00, 0x7F, 0x00, 0x7F, 0x00, 0x7F, 0x00, 0x7F, 0x00,
    0x7F, 0x00, 0x7F, 0x00, 0x7F, 0x00, 0x7F, 0x00, 0x7F, 0x00, 0x7F, 0x00, 0x7F, 0x00, 0x7F, 0x00,
    0x7F, 0x00, 0x7F, 0x00, 0x7F, 0x00, 0x7F, 0x00, 0x7F, 0x00, 0x7F, 0x00, 0x7F, 0x00, 0x7F, 0x00,
    0x7F, 0x00, 0x7F, 0x00, 0x7F, 0x00, 0x7F, 0x00, 0x7F, 0x00, 0x7F, 0x00, 0x7F, 0x00, 0x7F, 0x00,
    0x7F, 0x00, 0x7F, 0x00, 0x7F, 0x00, 0x7F, 0x00, 0x7F, 0x00, 0x7F, 0x00, 0x7F, 0x00, 0x7F, 0x00,
    0x7F, 0x00, 0x7F, 0x00, 0x7F, 0x00, 0x7F, 0x00, 0x7F, 0x00, 0x7F, 0x00, 0x7F, 0x00, 0x7F, 0x00,
    0x7F, 0x00, 0x7F, 0x00, 0x7F, 0x00, 0x7F, 0x00, 0x7F, 0x00, 0x7F, 0x00, 0x7F, 0x00, 0x7F, 0x00,
    0x7F, 0x00, 0x7F, 0x00, 0x7F, 0x00, 0x7F, 0x00, 0x7F, 0x00, 0x7F, 0x00, 0x7F, 0x00, 0x7F, 0x00,
    0x7F, 0x00, 0x7F, 0x00, 0x7F, 0x00, 0x7F, 0x00, 0x7F, 0x00, 0x7F, 0x00, 0x7F, 0x00, 0x7F, 0x00,
    0x7F, 0x00, 0x7F, 0x00, 0x7F, 0x00, 0x7F, 0x00, 0x7F, 0x00, 0x7F, 0x00, 0x7F, 0x00, 0x7F, 0x00,
    0x7F, 0x00, 0x7F, 0x00, 0x7F, 0x00, 0x5D, 0x00, 0x02, 0xFD, 0x06, 0x00, 0x00, 0x08, 0x02, 0x01,
    0xFF, 0xC8, 0x00, 0x04, 0xFB, 0x08, 0x00, 0x00, 0x00, 0x00, 0x46, 0x00, 0x82, 0x00, 0xBB, 0x00,
    0x05, 0xFA, 0x4E, 0x19, 0x00, 0x7F, 0xFF, 0x26, 0xFF, 0x82, 0xF5, 0xFF, 0xF5, 0x7F, 0xFF, 0x7E,
    0xFF, 0x84, 0xF5, 0xDE, 0xD5, 0x6B, 0x60, 0x02, 0x4A, 0x81, 0x21, 0x20, 0x02, 0x4A, 0x81, 0xDE,
    0xD5, 0x7F, 0xFF, 0x78, 0xFF, 0x86, 0xF5, 0x6A, 0x4A, 0x22, 0x40, 0x49, 0x2A, 0x02, 0x4A, 0x81,
    0x6B, 0x6A, 0x03, 0x4A, 0x80, 0x40, 0x7F, 0xFF, 0x74, 0xFF, 0x8E, 0xF5, 0x94, 0x8A, 0x4A, 0x40,
    0x22, 0x4A, 0x6A, 0x4A, 0x94, 0x95, 0xDF, 0xFF, 0xDE, 0xDF, 0x04, 0x4A, 0x81, 0x6B, 0x6A, 0x7F,
    0xFF, 0x6F, 0xFF, 0x81, 0xFE, 0xCA, 0x06, 0x4A, 0x83, 0x94, 0x95, 0xDE, 0xDF, 0x06, 0xFF, 0x02,
    0xB5, 0x81, 0x4A, 0x40, 0x02, 0x4A, 0x81, 0xDD, 0xB5, 0x7F, 0xFF, 0x6A, 0xFF, 0x82, 0xF5, 0x95,
    0xAA, 0x03, 0x4A, 0x84, 0x40, 0x4B, 0x6A, 0xDD, 0xB5, 0x0C, 0xFF, 0x81, 0x6B, 0x6A, 0x02, 0x4A,
    0x81, 0x6B, 0x6A, 0x7F, 0xFF, 0x68, 0xFF, 0x84, 0xF5, 0x6B, 0x6A, 0x49, 0x20, 0x02, 0x4A, 0x81,
    0x94, 0x95, 0x10, 0xFF, 0x87, 0xDE, 0xDF, 0x49, 0x20, 0x22, 0x4A, 0xDE, 0xD5, 0x7F, 0xFF, 0x63,
    0xFF, 0x81, 0xDE, 0xCA, 0x03, 0x4A, 0x82, 0x40, 0x4A, 0x55, 0x02, 0xB5, 0x14, 0xFF, 0x81, 0x6B,
    0x6A, 0x02, 0x4A, 0x81, 0x6B, 0x6A, 0x7F, 0xFF, 0x60, 0xFF, 0x82, 0xF5, 0xB5, 0xAA, 0x04, 0x4A,
    0x81, 0x6B, 0x6A, 0x0A, 0xFF, 0x87, 0xFE, 0xDF, 0xFD, 0xB5, 0xFD, 0xB5, 0xFE, 0xD5, 0x06, 0xFF,
    0x02, 0xB5, 0x04, 0x4A, 0x81, 0xDE, 0xDF, 0x7F, 0xFF, 0x5C, 0xFF, 0x82, 0xF5, 0x94, 0x8A, 0x03,
    0x4A, 0x82, 0x40, 0x94, 0x95, 0x0A, 0xFF, 0x89, 0xFE, 0xD5, 0xFD, 0xB5, 0xFC, 0x8A, 0xFD, 0xB5,
    0xFD, 0xB5, 0x08, 0xFF, 0x03, 0x4A, 0x82, 0x40, 0x94, 0x95, 0x7F, 0xFF, 0x5A, 0xFF, 0x84, 0xF5,
    0x6B, 0x60, 0x49, 0x2A, 0x02, 0x4A, 0x81, 0xB5, 0xBF, 0x0A, 0xFF, 0x8D, 0xFD, 0xB5, 0xFC, 0x95,
    0xFD, 0xB5, 0xFD, 0xB5, 0xDC, 0x95, 0xFD, 0xAA, 0xFD, 0xBF, 0x06, 0xFF, 0x02, 0xB5, 0x83, 0x21,
    0x20, 0x6B, 0x6A, 0x7F, 0xFF, 0x58, 0xFF, 0x80, 0xEA, 0x04, 0x4A, 0x83, 0x4B, 0x6A, 0xDE, 0xDF,
    0x08, 0xFF, 0x91, 0xFE, 0xD5, 0xFC, 0x95, 0xFD, 0xAA, 0xFC, 0x95, 0xDD, 0xB5, 0xFC, 0x8A, 0xFD,
    0xB5, 0xFD, 0xB5, 0xFD, 0xB5, 0x06, 0xFF, 0x81, 0xDE, 0xDF, 0x04, 0x4A, 0x02, 0xB5, 0x7F, 0xFF,
    0x44, 0xFF, 0x80, 0xF5, 0x03, 0xFF, 0x8C, 0xF5, 0xFF, 0xF5, 0xFF, 0xF5, 0xFF, 0xF5, 0xFF, 0xF5,
    0xFF, 0xF5, 0xB5, 0xAA, 0x02, 0x4A, 0x83, 0x49, 0x2A, 0x6B, 0x6A, 0x0A, 0xFF, 0x95, 0xFE, 0xD5,
    0xFC, 0x95, 0xFD, 0xB5, 0xDD, 0xB5, 0xFD, 0xB5, 0xFD, 0xB5, 0xFD, 0xB5, 0xFC, 0x95, 0xDD, 0xB5,
    0xFC, 0x8A, 0xFE, 0xD5, 0x06, 0xFF, 0x85, 0x6B, 0x6A, 0x49, 0x20, 0x6C, 0x95, 0x7F, 0xFF, 0x36,
    0xFF, 0x93, 0xF5, 0xFF, 0xF5, 0xFF, 0xF5, 0xDE, 0xCA, 0xB5, 0xAA, 0x94, 0x8A, 0x94, 0x8A, 0x93,
    0x60, 0x6B, 0x6A, 0x4B, 0x60, 0x6A, 0x0E, 0x4A, 0x80, 0x40, 0x02, 0x4A, 0x85, 0x6B, 0x6A, 0x6B,
    0x6A, 0xB4, 0x95, 0x02, 0xB5, 0x97, 0xDD, 0xB5, 0xDC, 0x95, 0xFD, 0xB5, 0xFD, 0xB5, 0xFC, 0x95,
    0xFD, 0xAA, 0xFC, 0x95, 0xDD, 0xB5, 0xFD, 0xB5, 0xFD, 0xB5, 0xFD, 0xB5, 0xFD, 0xB5, 0x06, 0xFF,
    0x02, 0xB5, 0x03, 0x4A, 0x80, 0x40, 0x7F, 0xFF, 0x2E, 0xFF, 0x88, 0xF5, 0xFF, 0xF5, 0xDE, 0xCA,
    0x94, 0x8A, 0x94, 0x8A, 0x03, 0x4A, 0x82, 0x40, 0x21, 0x2A, 0x03, 0x4A, 0x81, 0x40, 0x22, 0x07,
    0x4A, 0x80, 0x4B, 0x02, 0x6A, 0x81, 0x4A, 0x4B, 0x02, 0x6A, 0x82, 0x4A, 0x4B, 0x6A, 0x0A, 0x4A,
    0x81, 0x22, 0x40, 0x02, 0x4A, 0x81, 0x21, 0x20, 0x02, 0x4A, 0x97, 0x6A, 0x40, 0x6B, 0x6A, 0xB3,
    0x6A, 0xDC, 0x95, 0xDD, 0xB5, 0xFD, 0xB5, 0xFD, 0xB5, 0xFC, 0x8A, 0xFD, 0xB5, 0xFC, 0x95, 0xFD,
    0xB5, 0xFE, 0xDF, 0x06, 0xFF, 0x04, 0x4A, 0x81, 0xB4, 0x95, 0x7F, 0xFF, 0x26, 0xFF, 0x88, 0xF5,
    0xFF, 0xEA, 0xB5, 0xAA, 0x6B, 0x6A, 0x4A, 0x40, 0x02, 0x4A, 0x83, 0x21, 0x2A, 0x4A, 0x40, 0x02,
    0x4A, 0x85, 0x6B, 0x6A, 0x93, 0x75, 0x94, 0x95, 0x02, 0xB5, 0x86, 0xDD, 0xBF, 0xDE, 0xD5, 0xDE,
    0xDF, 0xFE, 0x02, 0xDF, 0x81, 0xFF, 0xFE, 0x02, 0xDF, 0x8A, 0xFF, 0xFE, 0xDF, 0xDE, 0xD5, 0xFE,
    0xDF, 0xDE, 0xD5, 0xB6, 0xDF, 0x02, 0xB5, 0x85, 0xB4, 0x95, 0x94, 0x95, 0x6B, 0x6A, 0x06, 0x4A,
    0x80, 0x22, 0x04, 0x4A, 0x90, 0x40, 0x6A, 0x4A, 0x93, 0x6A, 0xDC, 0x95, 0xFD, 0xB5, 0xFD, 0xB5,
    0xDD, 0xB5, 0xFC, 0x8A, 0xFE, 0xD5, 0x06, 0xFF, 0x85, 0x94, 0x8A, 0x21, 0x20, 0x6B, 0x6A, 0x7F,
    0xFF, 0x20, 0xFF, 0x8A, 0xF5, 0xFF, 0xEA, 0x94, 0x8A, 0x6B, 0x6A, 0x21, 0x2A, 0x4A, 0x40, 0x04,
    0x4A, 0x81, 0x93, 0x75, 0x02, 0xB5, 0x83, 0xB6, 0xDF, 0xFE, 0xDF, 0x2A, 0xFF, 0x85, 0xDE, 0xDF,
    0xB4, 0x95, 0x6C, 0x8A, 0x04, 0x4A, 0x80, 0x22, 0x04, 0x4A, 0x8A, 0x40, 0x6A, 0x4A, 0xB4, 0x8A,
    0xDC, 0x95, 0xFD, 0xB5, 0xFD, 0xB5, 0x06, 0xFF, 0x81, 0xB5, 0xBF, 0x04, 0x4A, 0x80, 0xDF, 0x7F,
    0xFF, 0x1B, 0xFF, 0x84, 0xF5, 0xDE, 0xCA, 0x6B, 0x6A, 0x02, 0x4A, 0x81, 0x49, 0x20, 0x02, 0x4A,
    0x85, 0x6B, 0x6A, 0x94, 0x95, 0xDE, 0xDF, 0x3C, 0xFF, 0x02, 0xB5, 0x81, 0x94, 0x95, 0x04, 0x4A,
    0x80, 0x22, 0x05, 0x4A, 0x83, 0xB4, 0x8A, 0xDC, 0x95, 0x08, 0xFF, 0x81, 0x4A, 0x40, 0x02, 0x4A,
    0x81, 0xB4, 0x95, 0x7F, 0xFF, 0x14, 0xFF, 0x84, 0xF5, 0xFF, 0xF5, 0xB5, 0xA0, 0x02, 0x4A, 0x81,
    0x21, 0x20, 0x02, 0x4A, 0x85, 0x6B, 0x6A, 0x94, 0x95, 0xDE, 0xDF, 0x48, 0xFF, 0x02, 0xB5, 0x81,
    0x6B, 0x6A, 0x03, 0x4A, 0x82, 0x40, 0x49, 0x2A, 0x02, 0x4A, 0x81, 0xB4, 0x8A, 0x06, 0xFF, 0x85,
    0x94, 0x95, 0x21, 0x20, 0x6B, 0x6A, 0x7F, 0xFF, 0x10, 0xFF, 0x88, 0xF5, 0xFF, 0xF5, 0x94, 0x8A,
    0x4A, 0x40, 0x49, 0x2A, 0x02, 0x4A, 0x81, 0x94, 0x95, 0x02, 0xB5, 0x52, 0xFF, 0x83, 0xDE, 0xDF,
    0x6B, 0x6A, 0x06, 0x4A, 0x83, 0x6B, 0x6A, 0xDD, 0xB5, 0x02, 0xFF, 0x81, 0xDE, 0xD5, 0x04, 0x4A,
    0x80, 0xDF, 0x7F, 0xFF, 0x0D, 0xFF, 0x84, 0xF5, 0xB5, 0xAA, 0x4A, 0x40, 0x04, 0x4A, 0x83, 0x95,
    0xB5, 0xDE, 0xDF, 0x5A, 0xFF, 0x83, 0xDE, 0xDF, 0x6C, 0x8A, 0x02, 0x4A, 0x81, 0x21, 0x20, 0x02,
    0x4A, 0x87, 0x94, 0x95, 0xDE, 0xDF, 0x4B, 0x6A, 0x49, 0x20, 0x02, 0xB5, 0x7F, 0xFF, 0x08, 0xFF,
    0x84, 0xF5, 0xDE, 0xCA, 0x4A, 0x40, 0x04, 0x4A, 0x83, 0x94, 0x95, 0xFE, 0xDF, 0x62, 0xFF, 0x83,
    0xDD, 0xBF, 0x6B, 0x6A, 0x02, 0x4A, 0x82, 0x22, 0x40, 0x6B, 0x02, 0x6A, 0x03, 0x4A, 0x81, 0x6B,
    0x6A, 0x7F, 0xFF, 0x88, 0xF5, 0xFF, 0xF5, 0xFF, 0xF5, 0xB5, 0xAA, 0x6B, 0x60, 0x04, 0x4A, 0x83,
    0x94, 0x95, 0xDE, 0xDF, 0x6A, 0xFF, 0x81, 0x94, 0x95, 0x0A, 0x4A, 0x79, 0xFF, 0x88, 0xF5, 0xFF,
    0xEA, 0xB5, 0xAA, 0x94, 0x8A, 0x6A, 0x40, 0x06, 0x4A, 0x83, 0x6A, 0x4A, 0xDE, 0xDF, 0x70, 0xFF,
    0x81, 0xDE, 0xD5, 0x05, 0x4A, 0x80, 0x40, 0x02, 0x4A, 0x02, 0xB5, 0x6F, 0xFF, 0x88, 0xF5, 0xFF,
    0xF5, 0xDE, 0xCA, 0x94, 0x8A, 0x6B, 0x60, 0x0B, 0x4A, 0x82, 0x40, 0x95, 0xB5, 0x78, 0xFF, 0x81,
    0x6B, 0x6A, 0x04, 0x4A, 0x81, 0x6B, 0x6A, 0x69, 0xFF, 0x8B, 0xF5, 0xFF, 0xF5, 0xB5, 0xAA, 0x6B,
    0x6A, 0x4A, 0x40, 0x49, 0x2A, 0x22, 0x03, 0x4A, 0x80, 0x6A, 0x06, 0x4A, 0x84, 0x40, 0x6B, 0x75,
    0xDE, 0xDF, 0x7C, 0xFF, 0x83, 0x94, 0x95, 0x49, 0x20, 0x02, 0x4A, 0x81, 0x94, 0x8A, 0x63, 0xFF,
    0x88, 0xF5, 0xB5, 0xAA, 0x6B, 0x6A, 0x4A, 0x40, 0x21, 0x2A, 0x02, 0x4A, 0x84, 0x4B, 0x6A, 0x94,
    0x95, 0xDD, 0x03, 0xB5, 0x81, 0x4B, 0x6A, 0x04, 0x4A, 0x81, 0x94, 0x95, 0x7F, 0xFF, 0x03, 0xFF,
    0x87, 0x94, 0x95, 0x22, 0x4A, 0x49, 0x2A, 0x94, 0x8A, 0x5B, 0xFF, 0x88, 0xF5, 0xB5, 0xAA, 0x6B,
    0x6A, 0x4A, 0x40, 0x21, 0x2A, 0x02, 0x4A, 0x87, 0x6A, 0x4A, 0x94, 0x95, 0xDE, 0xD5, 0xFE, 0xDF,
    0x02, 0xFF, 0x81, 0xDE, 0xDF, 0x03, 0x4A, 0x80, 0x40, 0x02, 0x4A, 0x02, 0xB5, 0x7F, 0xFF, 0x07,
    0xFF, 0x81, 0x94, 0x8A, 0x02, 0x4A, 0x83, 0x22, 0x4A, 0xB4, 0x95, 0x55, 0xFF, 0x82, 0xF5, 0x93,
    0x6A, 0x05, 0x4A, 0x80, 0x40, 0x02, 0x4A, 0x83, 0x94, 0x95, 0xDE, 0xD5, 0x08, 0xFF, 0x02, 0xB5,
    0x81, 0x4A, 0x40, 0x04, 0x4A, 0x81, 0xDE, 0xDF, 0x7F, 0xFF, 0x0B, 0xFF, 0x85, 0x94, 0x95, 0x49,
    0x20, 0x22, 0x40, 0x02, 0xB5, 0x4E, 0xFF, 0x85, 0xDE, 0xD5, 0x6B, 0x6A, 0x22, 0x40, 0x03, 0x4A,
    0x82, 0x40, 0x6B, 0x75, 0x02, 0xB5, 0x0C, 0xFF, 0x02, 0xB5, 0x02, 0x4A, 0x85, 0x22, 0x4A, 0x6A,
    0x4A, 0xDE, 0xDF, 0x7F, 0xFF, 0x0F, 0xFF, 0x81, 0x6B, 0x6A, 0x04, 0x4A, 0x81, 0xFF, 0xF5, 0x49,
    0xFF, 0x82, 0xF5, 0x6B, 0x6A, 0x02, 0x4A, 0x81, 0x49, 0x20, 0x02, 0x4A, 0x83, 0x6B, 0x75, 0xDE,
    0xDF, 0x0C, 0xFF, 0x85, 0xFD, 0xB5, 0xB4, 0x95, 0x4A, 0x40, 0x02, 0x4A, 0x82, 0x6A, 0x4A, 0xDF,
    0x7F, 0xFF, 0x14, 0xFF, 0x85, 0x6B, 0x6A, 0x49, 0x2A, 0x6B, 0x6A, 0x46, 0xFF, 0x81, 0x94, 0x95,
    0x03, 0x4A, 0x80, 0x40, 0x02, 0x4A, 0x83, 0x6C, 0x95, 0xDE, 0xDF, 0x0A, 0xFF, 0x87, 0xFE, 0xDF,
    0xFD, 0xB5, 0xFD, 0xB5, 0xB4, 0x8A, 0x06, 0x4A, 0x80, 0xDF, 0x7F, 0xFF, 0x16, 0xFF, 0x83, 0xDE,
    0xDF, 0x22, 0x40, 0x02, 0x4A, 0x81, 0x94, 0x95, 0x42, 0xFF, 0x83, 0x6B, 0x6A, 0x4A, 0x40, 0x02,
    0x4A, 0x83, 0x6A, 0x4A, 0xB6, 0xDF, 0x0A, 0xFF, 0x89, 0xFE, 0xD5, 0xFD, 0xB5, 0xFC, 0x8A, 0xFD,
    0xB5, 0xDC, 0x95, 0x03, 0x4A, 0x80, 0x40, 0x02, 0x4A, 0x81, 0xFE, 0xDF, 0x7F, 0xFF, 0x19, 0xFF,
    0x83, 0x94, 0x95, 0x4A, 0x40, 0x02, 0x4A, 0x81, 0xFF, 0xF5, 0x3E, 0xFF, 0x83, 0x6B, 0x6A, 0x49,
    0x2A, 0x02, 0x4A, 0x81, 0x94, 0x95, 0x09, 0xFF, 0x8E, 0xF5, 0xFD, 0xB5, 0xFD, 0xB5, 0xFC, 0x8A,
    0xFD, 0xB5, 0xFD, 0xB5, 0xDC, 0x95, 0x6B, 0x60, 0x04, 0x4A, 0x81, 0xDE, 0xDF, 0x7F, 0xFF, 0x1D,
    0xFF, 0x85, 0x6B, 0x6A, 0x21, 0x2A, 0x6B, 0x6A, 0x3C, 0xFF, 0x82, 0x6B, 0x6A, 0x22, 0x02, 0x4A,
    0x82, 0x40, 0xB5, 0xBF, 0x06, 0xFF, 0x91, 0xFE, 0xD5, 0xFD, 0xB5, 0xFD, 0xB5, 0xFC, 0x95, 0xFD,
    0xB5, 0xFC, 0x95, 0xDD, 0xB5, 0xFD, 0xB5, 0x93, 0x6A, 0x04, 0x4A, 0x02, 0xB5, 0x7F, 0xFF, 0x1F,
    0xFF, 0x81, 0xDD, 0xB5, 0x04, 0x4A, 0x81, 0xDE, 0xD5, 0x38, 0xFF, 0x02, 0xB5, 0x04, 0x4A, 0x02,
    0xB5, 0x06, 0xFF, 0x91, 0xFE, 0xD5, 0xFD, 0xB5, 0xFC, 0x95, 0xFD, 0xB5, 0xFD, 0xB5, 0xFC, 0x8A,
    0xFD, 0xB5, 0xFD, 0xB5, 0xB3, 0x6A, 0x02, 0x4A, 0x83, 0x22, 0x4A, 0x94, 0x95, 0x7F, 0xFF, 0x16,
    0xFF, 0x82, 0xF5, 0xB5, 0xAA, 0x02, 0xB5, 0x08, 0xFF, 0x85, 0x6C, 0x8A, 0x49, 0x2A, 0x6B, 0x6A,
    0x38, 0xFF, 0x85, 0x94, 0x95, 0x49, 0x20, 0x6B, 0x6A, 0x08, 0xFF, 0x8F, 0xFC, 0x95, 0xFD, 0xB5,
    0xFD, 0xAA, 0xFC, 0x95, 0xDD, 0xB5, 0xFD, 0xB5, 0xFD, 0xB5, 0xDC, 0x95, 0x03, 0x4A, 0x82, 0x40,
    0x6B, 0x6A, 0x6D, 0xFF, 0x82, 0xF5, 0xFF, 0xF5, 0x23, 0xFF, 0x82, 0xF5, 0x94, 0x8A, 0x02, 0x4A,
    0x83, 0x21, 0x2A, 0x6A, 0x4A, 0x08, 0xFF, 0x83, 0xDE, 0xDF, 0x4A, 0x40, 0x02, 0x4A, 0x81, 0xDE,
    0xD5, 0x36, 0xFF, 0x02, 0xB5, 0x80, 0x22, 0x03, 0x4A, 0x81, 0xFE, 0xDF, 0x06, 0xFF, 0x8F, 0xFE,
    0xD5, 0xFC, 0x95, 0xFD, 0xB5, 0xFD, 0xB5, 0xFC, 0x95, 0xFD, 0xB5, 0xFD, 0xB5, 0x6B, 0x6A, 0x04,
    0x4A, 0x81, 0xDE, 0xDF, 0x6B, 0xFF, 0x80, 0xEA, 0x02, 0x4A, 0x83, 0x21, 0x20, 0xDE, 0xD5, 0x1D,
    0xFF, 0x82, 0xF5, 0x94, 0x8A, 0x05, 0x4A, 0x84, 0x40, 0x6B, 0x6A, 0xB6, 0xDF, 0x0A, 0xFF, 0x85,
    0x6B, 0x6A, 0x21, 0x2A, 0x6B, 0x6A, 0x38, 0xFF, 0x03, 0x4A, 0x82, 0x40, 0x6B, 0x6A, 0x08, 0xFF,
    0x8B, 0xFE, 0xD5, 0xDC, 0x95, 0xFD, 0xAA, 0xDD, 0xB5, 0xFD, 0xB5, 0xB3, 0x6A, 0x03, 0x4A, 0x82,
    0x40, 0x94, 0x95, 0x6A, 0xFF, 0x81, 0xB5, 0xAA, 0x04, 0x4A, 0x81, 0x6B, 0x6A, 0x1C, 0xFF, 0x89,
    0xB5, 0xAA, 0x4A, 0x40, 0x49, 0x2A, 0x4A, 0x40, 0x6B, 0x75, 0x02, 0xB5, 0x0E, 0xFF, 0x02, 0xB5,
    0x04, 0x4A, 0x38, 0xFF, 0x82, 0xDD, 0xB5, 0x22, 0x03, 0x4A, 0x81, 0x6B, 0x6A, 0x08, 0xFF, 0x89,
    0xFE, 0xD5, 0xFC, 0x95, 0xFD, 0xB5, 0xFC, 0x95, 0x6B, 0x6A, 0x02, 0x4A, 0x81, 0x6B, 0x6A, 0x69,
    0xFF, 0x82, 0xF5, 0x95, 0xAA, 0x03, 0x4A, 0x82, 0x40, 0x6B, 0x75, 0x0B, 0xFF, 0x82, 0xF5, 0xFF,
    0xF5, 0x03, 0xFF, 0x80, 0xF5, 0x0B, 0xFF, 0x82, 0xF5, 0x21, 0x20, 0x02, 0x4A, 0x83, 0x6B, 0x75,
    0xB6, 0xD5, 0x14, 0xFF, 0x83, 0x6B, 0x6A, 0x21, 0x20, 0x02, 0xB5, 0x38, 0xFF, 0x81, 0x94, 0x95,
    0x04, 0x4A, 0x81, 0x94, 0x8A, 0x08, 0xFF, 0x8B, 0xFE, 0xD5, 0xFD, 0xB5, 0xB4, 0x8A, 0x21, 0x2A,
    0x4A, 0x40, 0xB5, 0xBF, 0x67, 0xFF, 0x88, 0xF5, 0x6B, 0x6A, 0x4A, 0x40, 0x49, 0x2A, 0x95, 0xB5,
    0x0B, 0xFF, 0x84, 0xF5, 0xFE, 0xDF, 0xFE, 0xD5, 0x03, 0xFF, 0x80, 0xF5, 0x0C, 0xFF, 0x83, 0xDE,
    0xD5, 0xB5, 0xBF, 0x18, 0xFF, 0x85, 0x94, 0x95, 0x4A, 0x40, 0x6B, 0x6A, 0x3A, 0xFF, 0x83, 0x94,
    0x8A, 0x21, 0x2A, 0x02, 0x4A, 0x81, 0x6B, 0x6A, 0x08, 0xFF, 0x82, 0xFE, 0xDF, 0x6A, 0x03, 0x4A,
    0x81, 0x6B, 0x6A, 0x67, 0xFF, 0x80, 0xEA, 0x04, 0x4A, 0x83, 0x6A, 0x4A, 0xB6, 0xDF, 0x0A, 0xFF,
    0x8F, 0xFE, 0xD5, 0xFE, 0xD5, 0xFE, 0xDF, 0xFE, 0xD5, 0xFE, 0xD5, 0xFE, 0xDF, 0xFE, 0xD5, 0xFF,
    0xF5, 0x24, 0xFF, 0x83, 0xDE, 0xD5, 0x21, 0x2A, 0x02, 0x4A, 0x3C, 0xFF, 0x88, 0x94, 0x95, 0x4A,
    0x40, 0x49, 0x2A, 0x6B, 0x6A, 0xDF, 0x05, 0xFF, 0x81, 0xB6, 0xD5, 0x03, 0x4A, 0x82, 0x40, 0xB5,
    0xBF, 0x65, 0xFF, 0x82, 0xF5, 0x4A, 0x40, 0x04, 0x4A, 0x83, 0x94, 0x95, 0xDE, 0xD5, 0x08, 0xFF,
    0x91, 0xFE, 0xD5, 0xFE, 0xDF, 0xFE, 0xD5, 0xFE, 0xDF, 0xFE, 0xD5, 0xFE, 0xDF, 0xFE, 0xD5, 0xFE,
    0xDF, 0xFE, 0xD5, 0x26, 0xFF, 0x03, 0x4A, 0x80, 0x40, 0x02, 0xB5, 0x3C, 0xFF, 0x81, 0x95, 0xB5,
    0x02, 0x4A, 0x81, 0x49, 0x2A, 0x02, 0x4A, 0x81, 0xDE, 0xD5, 0x02, 0xFF, 0x85, 0x6B, 0x6A, 0x49,
    0x2A, 0x6B, 0x6A, 0x66, 0xFF, 0x83, 0xDE, 0xD5, 0x21, 0x2A, 0x03, 0x4A, 0x80, 0x40, 0x04, 0x4A,
    0x99, 0x6A, 0x4A, 0x6C, 0x8A, 0xB4, 0x95, 0xDE, 0xD5, 0xFE, 0xDF, 0xFE, 0xD5, 0xFD, 0xBF, 0xFE,
    0xD5, 0xFE, 0xD5, 0xFD, 0xBF, 0xFE, 0xD5, 0xFE, 0xD5, 0xFE, 0xDF, 0x26, 0xFF, 0x85, 0x93, 0x6A,
    0x21, 0x2A, 0x94, 0x95, 0x3E, 0xFF, 0x02, 0xB5, 0x03, 0x4A, 0x80, 0x40, 0x02, 0x4A, 0x85, 0x94,
    0x95, 0x6A, 0x4A, 0x22, 0x4A, 0x02, 0xB5, 0x29, 0xFF, 0x86, 0xF5, 0x94, 0x8A, 0xB5, 0xAA, 0xDE,
    0xD5, 0x38, 0xFF, 0x85, 0xDE, 0xD5, 0x94, 0x95, 0x6B, 0x6A, 0x05, 0x4A, 0x82, 0x40, 0x21, 0x2A,
    0x02, 0x4A, 0x81, 0x49, 0x20, 0x02, 0x4A, 0x8F, 0xFE, 0xD5, 0xFE, 0xDF, 0xFE, 0xD5, 0xFE, 0xDF,
    0xFE, 0xD5, 0xFE, 0xDF, 0xFE, 0xD5, 0xFE, 0xD5, 0x0D, 0xFF, 0x80, 0xF5, 0x02, 0xFF, 0x89, 0xDE,
    0xD5, 0xFE, 0xDF, 0xDE, 0xD5, 0xDE, 0xD5, 0xDE, 0xD5, 0x02, 0xB5, 0x81, 0xDE, 0xD5, 0x08, 0xFF,
    0x85, 0x95, 0xB5, 0x4A, 0x40, 0x6B, 0x6A, 0x40, 0xFF, 0x81, 0xDE, 0xDF, 0x08, 0x4A, 0x81, 0x6A,
    0x4A, 0x2A, 0xFF, 0x85, 0xDE, 0xD5, 0x21, 0x20, 0x49, 0x2A, 0x03, 0x4A, 0x86, 0x40, 0x94, 0x8A,
    0xDE, 0xD5, 0xFF, 0xF5, 0x38, 0xFF, 0x87, 0xDE, 0xDF, 0x94, 0x95, 0x94, 0x8A, 0x6B, 0x6A, 0x04,
    0x4A, 0x8F, 0xDD, 0xB5, 0xFE, 0xDF, 0xFE, 0xD5, 0xFE, 0xDF, 0xFE, 0xD5, 0xFE, 0xD5, 0xFD, 0xBF,
    0xFE, 0xDF, 0x0A, 0xFF, 0x85, 0x94, 0x8A, 0x49, 0x2A, 0x4A, 0x40, 0x04, 0x4A, 0x83, 0x22, 0x40,
    0x49, 0x2A, 0x02, 0x4A, 0x85, 0x21, 0x2A, 0x4A, 0x40, 0xDE, 0xDF, 0x06, 0xFF, 0x81, 0xDD, 0xB5,
    0x04, 0x4A, 0x81, 0xDE, 0xDF, 0x42, 0xFF, 0x81, 0x6B, 0x6A, 0x03, 0x4A, 0x82, 0x40, 0x6C, 0x95,
    0x2C, 0xFF, 0x85, 0x94, 0x95, 0x6B, 0x6A, 0x4B, 0x6A, 0x02, 0x4A, 0x83, 0x21, 0x2A, 0x21, 0x20,
    0x02, 0x4A, 0x85, 0x6B, 0x60, 0x94, 0x8A, 0xDF, 0xF5, 0x25, 0xFF, 0x80, 0xF5, 0x14, 0xFF, 0x91,
    0xDE, 0xDF, 0xDE, 0xDF, 0xFE, 0xD5, 0xFE, 0xD5, 0xFE, 0xDF, 0xFE, 0xD5, 0xFE, 0xDF, 0xFE, 0xD5,
    0xFE, 0xD5, 0x0C, 0xFF, 0x82, 0x6A, 0x40, 0x22, 0x0B, 0x4A, 0x80, 0x6B, 0x02, 0x6A, 0x82, 0x4A,
    0x6B, 0x75, 0x08, 0xFF, 0x81, 0xDF, 0xFF, 0x03, 0x4A, 0x82, 0x40, 0xDE, 0xDF, 0x44, 0xFF, 0x04,
    0x4A, 0x02, 0xB5, 0x32, 0xFF, 0x02, 0xB5, 0x83, 0x94, 0x95, 0x6B, 0x6A, 0x06, 0x4A, 0x83, 0x49,
    0x20, 0xDE, 0xD5, 0x22, 0xFF, 0x83, 0xDE, 0xCA, 0x4B, 0x60, 0x18, 0xFF, 0x8B, 0xFE, 0xDF, 0xFE,
    0xD5, 0xFD, 0xB5, 0xFE, 0xDF, 0xFE, 0xD5, 0xFE, 0xDF, 0x0E, 0xFF, 0x87, 0xDD, 0xB5, 0xDE, 0xDF,
    0xDE, 0xDF, 0xDE, 0xD5, 0x04, 0xFF, 0x81, 0xDE, 0xDF, 0x0E, 0xFF, 0x83, 0x6A, 0x4A, 0x22, 0x4A,
    0x02, 0xB5, 0x42, 0xFF, 0x02, 0xB5, 0x81, 0x4A, 0x40, 0x02, 0x4A, 0x3A, 0xFF, 0x81, 0x6B, 0x6A,
    0x06, 0x4A, 0x24, 0xFF, 0x85, 0x94, 0x8A, 0x49, 0x2A, 0xDE, 0xD5, 0x4C, 0xFF, 0x85, 0x6B, 0x6A,
    0x49, 0x20, 0x94, 0x95, 0x42, 0xFF, 0x85, 0x94, 0x95, 0x49, 0x20, 0x6B, 0x75, 0x36, 0xFF, 0x83,
    0xDE, 0xD5, 0x6B, 0x6A, 0x04, 0x4A, 0x83, 0x6B, 0x6A, 0xDE, 0xDF, 0x24, 0xFF, 0x85, 0x94, 0x8A,
    0x22, 0x40, 0xDE, 0xDF, 0x4C, 0xFF, 0x85, 0x94, 0x8A, 0x22, 0x4A, 0x94, 0x8A, 0x42, 0xFF, 0x81,
    0x6B, 0x6A, 0x02, 0x4A, 0x81, 0x94, 0x95, 0x27, 0xFF, 0x86, 0xF5, 0xFF, 0xF5, 0xFF, 0xF5, 0xFF,
    0xF5, 0x06, 0xFF, 0x02, 0xB5, 0x02, 0x4A, 0x85, 0x49, 0x2A, 0x4A, 0x40, 0x94, 0x95, 0x0B, 0xFF,
    0x80, 0xF5, 0x0F, 0xFF, 0x82, 0xEA, 0xDE, 0xCA, 0x08, 0xFF, 0x83, 0xDF, 0xEA, 0x49, 0x2A, 0x02,
    0x4A, 0x30, 0xFF, 0x81, 0xFE, 0xD5, 0x02, 0xB5, 0x81, 0xDD, 0xB5, 0x18, 0xFF, 0x85, 0x94, 0x95,
    0x49, 0x20, 0x6B, 0x75, 0x42, 0xFF, 0x03, 0x4A, 0x80, 0x40, 0x02, 0xB5, 0x25, 0xFF, 0x90, 0xF5,
    0xFE, 0xD5, 0xFE, 0xDF, 0xFE, 0xDF, 0xFE, 0xD5, 0xFE, 0xD5, 0xFE, 0xDF, 0x94, 0x8A, 0x4A, 0x40,
    0x04, 0x4A, 0x81, 0xDE, 0xDF, 0x0C, 0xFF, 0x83, 0x94, 0x8A, 0x6B, 0x6A, 0x0B, 0xFF, 0x82, 0xF5,
    0x6B, 0x6A, 0x02, 0x4A, 0x87, 0x94, 0x8A, 0xDF, 0xF5, 0xFF, 0xF5, 0x94, 0x8A, 0x03, 0x4A, 0x82,
    0x40, 0x6B, 0x75, 0x30, 0xFF, 0x83, 0x94, 0x8A, 0x21, 0x20, 0x04, 0x4A, 0x83, 0x94, 0x8A, 0xDE,
    0xDF, 0x12, 0xFF, 0x02, 0xB5, 0x83, 0x21, 0x20, 0x94, 0x95, 0x42, 0xFF, 0x81, 0x4A, 0x40, 0x02,
    0x4A, 0x81, 0xDE, 0xDF, 0x13, 0xFF, 0x80, 0xF5, 0x0F, 0xFF, 0x90, 0xF5, 0xFE, 0xDF, 0xFE, 0xD5,
    0xFE, 0xD5, 0xFE, 0xDF, 0xFE, 0xD5, 0xFE, 0xDF, 0xB3, 0x6A, 0x21, 0x2A, 0x02, 0x4A, 0x81, 0x6B,
    0x6A, 0x10, 0xFF, 0x83, 0x6B, 0x6A, 0x21, 0x20, 0x02, 0xB5, 0x08, 0xFF, 0x8D, 0xB5, 0xAA, 0x4A,
    0x40, 0x22, 0x4A, 0x49, 0x20, 0x21, 0x2A, 0x4A, 0x40, 0x49, 0x2A, 0x05, 0x4A, 0x82, 0x40, 0xDE,
    0xDF, 0x2E, 0xFF, 0x82, 0xDE, 0xD5, 0x6A, 0x05, 0x4A, 0x81, 0x22, 0x40, 0x02, 0x4A, 0x85, 0x6A,
    0x4A, 0x94, 0x8A, 0xDE, 0xDF, 0x0C, 0xFF, 0x02, 0xB5, 0x83, 0x21, 0x20, 0x6B, 0x6A, 0x40, 0xFF,
    0x81, 0xDE, 0xD5, 0x04, 0x4A, 0x08, 0xFF, 0x8F, 0xDE, 0xD5, 0xDE, 0xD5, 0x94, 0x95, 0x94, 0x8A,
    0x6B, 0x6A, 0x6B, 0x6A, 0x4A, 0x40, 0x21, 0x2A, 0x02, 0xB5, 0x0B, 0xFF, 0x90, 0xF5, 0xFE, 0xD5,
    0xFE, 0xDF, 0xFE, 0xD5, 0xFE, 0xDF, 0xFD, 0xB5, 0xFE, 0xDF, 0xB4, 0x8A, 0x6A, 0x4A, 0x02, 0xB5,
    0x12, 0xFF, 0x02, 0xB5, 0x03, 0x4A, 0x82, 0x40, 0x94, 0x8A, 0x02, 0xB5, 0x83, 0xB6, 0xCA, 0x93,
    0x6A, 0x04, 0x4A, 0x8C, 0xB4, 0x95, 0xB3, 0x6A, 0x6B, 0x6A, 0x6B, 0x6A, 0x6B, 0x6A, 0xB4, 0x8A,
    0x6A, 0x03, 0x4A, 0x02, 0xB5, 0x32, 0xFF, 0x85, 0xDE, 0xDF, 0x94, 0x95, 0x6B, 0x6A, 0x02, 0x4A,
    0x81, 0x22, 0x40, 0x03, 0x4A, 0x82, 0x40, 0xDE, 0xD5, 0x0A, 0xFF, 0x02, 0xB5, 0x02, 0x4A, 0x81,
    0x6B, 0x6A, 0x40, 0xFF, 0x02, 0xB5, 0x04, 0x4A, 0x06, 0xFF, 0x81, 0x6B, 0x6A, 0x02, 0x4A, 0x81,
    0x49, 0x20, 0x02, 0x4A, 0x81, 0x22, 0x40, 0x08, 0x4A, 0x81, 0xDE, 0xD5, 0x09, 0xFF, 0x92, 0xF5,
    0xFE, 0xDF, 0xFE, 0xD5, 0xFE, 0xDF, 0xFE, 0xD5, 0xFE, 0xD5, 0xFE, 0xDF, 0xFE, 0xD5, 0xFE, 0xDF,
    0xFE, 0xDF, 0x16, 0xFF, 0x02, 0xB5, 0x81, 0x21, 0x2A, 0x03, 0x4A, 0x83, 0x40, 0x49, 0x2A, 0x22,
    0x03, 0x4A, 0x93, 0xB4, 0x8A, 0xFD, 0xB5, 0xFD, 0xB5, 0xFD, 0xB5, 0xFC, 0x95, 0xFD, 0xB5, 0xFD,
    0xB5, 0x93, 0x75, 0x22, 0x40, 0x93, 0x75, 0x38, 0xFF, 0x89, 0xDE, 0xDF, 0x94, 0x95, 0x6A, 0x4A,
    0x22, 0x4A, 0xDD, 0xBF, 0x0A, 0xFF, 0x85, 0x94, 0x8A, 0x21, 0x2A, 0x6B, 0x6A, 0x40, 0xFF, 0x02,
    0xB5, 0x83, 0x49, 0x20, 0x6B, 0x6A, 0x06, 0xFF, 0x8B, 0x6B, 0x6A, 0x22, 0x4A, 0x6B, 0x6A, 0x6B,
    0x6A, 0x93, 0x75, 0x94, 0x95, 0x02, 0xB5, 0x81, 0xDE, 0xDF, 0x0E, 0xFF, 0x91, 0xFE, 0xD5, 0xFE,
    0xDF, 0xFD, 0xB5, 0xFE, 0xDF, 0xFE, 0xD5, 0xFE, 0xDF, 0xFE, 0xD5, 0xFE, 0xD5, 0xFE, 0xDF, 0x18,
    0xFF, 0x02, 0xB5, 0x81, 0x21, 0x20, 0x02, 0x4A, 0x95, 0x6A, 0x4A, 0x93, 0x6A, 0xDC, 0x95, 0xFD,
    0xB5, 0xFC, 0x95, 0xFD, 0xB5, 0xFC, 0x95, 0xFD, 0xB5, 0xFD, 0xB5, 0xFD, 0xB5, 0xB4, 0x8A, 0x02,
    0x4A, 0x81, 0x6B, 0x6A, 0x4C, 0xFF, 0x02, 0xB5, 0x83, 0x21, 0x20, 0x94, 0x95, 0x40, 0xFF, 0x02,
    0xB5, 0x83, 0x22, 0x4A, 0x6B, 0x6A, 0x08, 0xFF, 0x80, 0xFE, 0x02, 0xDF, 0x19, 0xFF, 0x8F, 0xFE,
    0xD5, 0xFE, 0xD5, 0xFE, 0xDF, 0xFE, 0xD5, 0xFE, 0xDF, 0xFE, 0xD5, 0xFD, 0xBF, 0xFE, 0xD5, 0x1A,
    0xFF, 0x02, 0xB5, 0x02, 0x4A, 0x97, 0x6B, 0x6A, 0xDD, 0xB5, 0xFD, 0xB5, 0xFD, 0xB5, 0xFD, 0xB5,
    0xFD, 0xB5, 0xDD, 0xB5, 0xFD, 0xB5, 0xDD, 0xB5, 0xFC, 0x95, 0xFD, 0xB5, 0xDC, 0x95, 0x04, 0x4A,
    0x81, 0xDE, 0xD5, 0x4A, 0xFF, 0x85, 0x94, 0x8A, 0x22, 0x4A, 0x93, 0x75, 0x40, 0xFF, 0x02, 0xB5,
    0x83, 0x49, 0x20, 0x6B, 0x75, 0x26, 0xFF, 0x8D, 0xFE, 0xDF, 0xFE, 0xD5, 0xFE, 0xD5, 0xFD, 0xB5,
    0xFE, 0xDF, 0xFE, 0xD5, 0xFE, 0xDF, 0x1C, 0xFF, 0x81, 0x4A, 0x40, 0x02, 0x4A, 0x97, 0xDC, 0x95,
    0xFD, 0xB5, 0xFC, 0x95, 0xDD, 0xAA, 0xFC, 0x95, 0xFD, 0xAA, 0xFC, 0x95, 0xFD, 0xB5, 0xFD, 0xAA,
    0xFD, 0xB5, 0xDC, 0x95, 0x4A, 0x40, 0x02, 0x4A, 0x81, 0xDE, 0xDF, 0x4A, 0xFF, 0x85, 0x6B, 0x6A,
    0x49, 0x20, 0x95, 0xB5, 0x40, 0xFF, 0x02, 0xB5, 0x83, 0x22, 0x4A, 0x6B, 0x6A, 0x28, 0xFF, 0x87,
    0xFE, 0xD5, 0xFE, 0xDF, 0xFE, 0xD5, 0xFE, 0xDF, 0x20, 0xFF, 0x99, 0x6A, 0x4A, 0x22, 0x4A, 0xB3,
    0x6A, 0xFD, 0xB5, 0xFD, 0xB5, 0xFD, 0xB5, 0xFC, 0x95, 0xFD, 0xB5, 0xDD, 0xB5, 0xFC, 0x95, 0xFD,
    0xB5, 0xFD, 0xB5, 0xDC, 0x95, 0x03, 0x4A, 0x82, 0x40, 0xDE, 0xDF, 0x4A, 0xFF, 0x04, 0x4A, 0x02,
    0xB5, 0x40, 0xFF, 0x02, 0xB5, 0x83, 0x49, 0x20, 0x6B, 0x75, 0x18, 0xFF, 0x85, 0xDE, 0xD5, 0x94,
    0x8A, 0xDE, 0xD5, 0x32, 0xFF, 0x99, 0x95, 0xB5, 0x49, 0x20, 0x6B, 0x6A, 0xFD, 0xB5, 0xFC, 0x95,
    0xFD, 0xB5, 0xDD, 0xB5, 0xFC, 0x95, 0xFD, 0xAA, 0xFD, 0xB5, 0xDC, 0x95, 0xFD, 0xB5, 0xDC, 0x8A,
    0x04, 0x4A, 0x81, 0xDE, 0xDF, 0x48, 0xFF, 0x83, 0xDE, 0xD5, 0x4A, 0x40, 0x02, 0x4A, 0x81, 0xDE,
    0xDF, 0x40, 0xFF, 0x02, 0xB5, 0x02, 0x4A, 0x81, 0x6B, 0x6A, 0x16, 0xFF, 0x87, 0x94, 0x8A, 0x49,
    0x2A, 0x21, 0x20, 0x94, 0x95, 0x32, 0xFF, 0x81, 0xDE, 0xDF, 0x04, 0x4A, 0x93, 0xB4, 0x8A, 0xFD,
    0xB5, 0xFD, 0xB5, 0xFC, 0x8A, 0xFD, 0xB5, 0xDD, 0xB5, 0xFC, 0x95, 0xFD, 0xB5, 0xFD, 0xB5, 0xDC,
    0x8A, 0x04, 0x4A, 0x4A, 0xFF, 0x85, 0x94, 0x95, 0x22, 0x4A, 0x6B, 0x6A, 0x42, 0xFF, 0x81, 0xDE,
    0xD5, 0x03, 0x4A, 0x80, 0x40, 0x12, 0xFF, 0x02, 0xB5, 0x81, 0x4A, 0x40, 0x04, 0x4A, 0x83, 0x6B,
    0x6A, 0xDE, 0xDF, 0x34, 0xFF, 0x9B, 0x94, 0x8A, 0x21, 0x2A, 0x6B, 0x6A, 0xDC, 0x95, 0xFD, 0xB5,
    0xFD, 0xB5, 0xFD, 0xB5, 0xFC, 0x95, 0xFD, 0xAA, 0xFD, 0xB5, 0xFD, 0xB5, 0x93, 0x6A, 0x22, 0x4A,
    0x93, 0x6A, 0x4A, 0xFF, 0x85, 0x6B, 0x6A, 0x49, 0x20, 0x94, 0x95, 0x44, 0xFF, 0x81, 0x21, 0x20,
    0x02, 0x4A, 0x81, 0xDE, 0xDF, 0x0C, 0xFF, 0x83, 0xDE, 0xD5, 0x6B, 0x6A, 0x06, 0x4A, 0x02, 0xB5,
    0x3A, 0xFF, 0x03, 0x4A, 0x91, 0x40, 0x6B, 0x6A, 0xFD, 0xB5, 0xFC, 0x95, 0xDD, 0xB5, 0xFD, 0xB5,
    0xDD, 0xB5, 0xFC, 0x95, 0xDD, 0xB5, 0x6A, 0x02, 0x4A, 0x82, 0x40, 0x94, 0x95, 0x48, 0xFF, 0x81,
    0xDF, 0xF5, 0x04, 0x4A, 0x81, 0xDE, 0xD5, 0x44, 0xFF, 0x04, 0x4A, 0x81, 0xDE, 0xD5, 0x0A, 0xFF,
    0x02, 0xB5, 0x81, 0x4A, 0x40, 0x04, 0x4A, 0x83, 0x6B, 0x6A, 0xDE, 0xDF, 0x3C, 0xFF, 0x02, 0xB5,
    0x02, 0x4A, 0x8F, 0x49, 0x2A, 0x93, 0x6A, 0xDD, 0xB5, 0xFD, 0xAA, 0xFC, 0x95, 0xFD, 0xB5, 0xFD,
    0xB5, 0x93, 0x6A, 0x04, 0x4A, 0x80, 0xDF, 0x49, 0xFF, 0x85, 0x94, 0x8A, 0x49, 0x2A, 0x6B, 0x6A,
    0x46, 0xFF, 0x81, 0x6B, 0x6A, 0x02, 0x4A, 0x81, 0x94, 0x95, 0x0A, 0xFF, 0x06, 0x4A, 0x81, 0xDD,
    0xB5, 0x0A, 0xFF, 0x02, 0xB5, 0x83, 0x6B, 0x6A, 0xDE, 0xD5, 0x32, 0xFF, 0x02, 0xB5, 0x81, 0x22,
    0x40, 0x02, 0x4A, 0x89, 0x6A, 0x4A, 0xB4, 0x95, 0xDC, 0x8A, 0xDC, 0x95, 0x93, 0x6A, 0x02, 0x4A,
    0x83, 0x22, 0x40, 0xB4, 0x95, 0x4A, 0xFF, 0x85, 0x6A, 0x4A, 0x22, 0x40, 0xB4, 0x95, 0x46, 0xFF,
    0x85, 0x94, 0x8A, 0x21, 0x2A, 0x94, 0x8A, 0x0A, 0xFF, 0x83, 0xDE, 0xD5, 0x94, 0x95, 0x0C, 0xFF,
    0x85, 0xDE, 0xD5, 0x21, 0x20, 0x49, 0x2A, 0x02, 0xB5, 0x34, 0xFF, 0x02, 0xB5, 0x02, 0x4A, 0x81,
    0x21, 0x20, 0x06, 0x4A, 0x85, 0x22, 0x40, 0x49, 0x2A, 0x94, 0x95, 0x4A, 0xFF, 0x86, 0xB5, 0xAA,
    0x21, 0x2A, 0x6B, 0x6A, 0xDF, 0x47, 0xFF, 0x02, 0xB5, 0x04, 0x4A, 0x1A, 0xFF, 0x04, 0x4A, 0x81,
    0x6B, 0x6A, 0x38, 0xFF, 0x85, 0xDE, 0xDF, 0x94, 0x95, 0x6B, 0x6A, 0x04, 0x4A, 0x81, 0x6B, 0x6A,
    0x02, 0xB5, 0x4B, 0xFF, 0x80, 0xF5, 0x03, 0x4A, 0x82, 0x40, 0x94, 0x95, 0x4A, 0xFF, 0x81, 0x4A,
    0x40, 0x02, 0x4A, 0x02, 0xB5, 0x16, 0xFF, 0x81, 0x6B, 0x6A, 0x04, 0x4A, 0x81, 0xDE, 0xDF, 0x3E,
    0xFF, 0x81, 0xDE, 0xDF, 0x50, 0xFF, 0x85, 0x93, 0x6A, 0x22, 0x4A, 0x6B, 0x6A, 0x4C, 0xFF, 0x85,
    0x6B, 0x6A, 0x49, 0x2A, 0x94, 0x95, 0x14, 0xFF, 0x02, 0xB5, 0x81, 0x22, 0x40, 0x02, 0x4A, 0x02,
    0xB5, 0x7F, 0xFF, 0x11, 0xFF, 0x82, 0xDD, 0xAA, 0x22, 0x02, 0x4A, 0x82, 0x40, 0xDD, 0xBF, 0x4C,
    0xFF, 0x02, 0xB5, 0x83, 0x21, 0x20, 0x6B, 0x6A, 0x12, 0xFF, 0x81, 0xDE, 0xD5, 0x02, 0x4A, 0x83,
    0x49, 0x2A, 0x94, 0x8A, 0x7F, 0xFF, 0x12, 0xFF, 0x82, 0xF5, 0x4A, 0x40, 0x02, 0x4A, 0x81, 0x94,
    0x95, 0x50, 0xFF, 0x04, 0x4A, 0x02, 0xB5, 0x10, 0xFF, 0x85, 0x6B, 0x6A, 0x22, 0x40, 0x6B, 0x75,
    0x7F, 0xFF, 0x12, 0xFF, 0x80, 0xF5, 0x02, 0x4A, 0x83, 0x49, 0x2A, 0x6B, 0x6A, 0x52, 0xFF, 0x85,
    0x6B, 0x6A, 0x22, 0x40, 0x6B, 0x75, 0x10, 0xFF, 0x02, 0xB5, 0x83, 0x93, 0x75, 0xDE, 0xD5, 0x7F,
    0xFF, 0x10, 0xFF, 0x81, 0xF5, 0x6A, 0x02, 0x4A, 0x82, 0x40, 0x4B, 0x6A, 0x54, 0xFF, 0x83, 0xDE,
    0xDF, 0x49, 0x20, 0x02, 0x4A, 0x81, 0xDE, 0xD5, 0x7F, 0xFF, 0x22, 0xFF, 0x82, 0xF5, 0x6B, 0x60,
    0x04, 0x4A, 0x81, 0xDE, 0xDF, 0x56, 0xFF, 0x81, 0x6B, 0x6A, 0x02, 0x4A, 0x81, 0x6B, 0x6A, 0x7F,
    0xFF, 0x20, 0xFF, 0x88, 0xF5, 0x6A, 0x40, 0x22, 0x4A, 0x6A, 0x4A, 0xDE, 0xDF, 0x58, 0xFF, 0x02,
    0xB5, 0x04, 0x4A, 0x7F, 0xFF, 0x1D, 0xFF, 0x81, 0xFE, 0xCA, 0x04, 0x4A, 0x83, 0x6B, 0x6A, 0xDE,
    0xDF, 0x5A, 0xFF, 0x85, 0xDE, 0xD5, 0x22, 0x40, 0x6A, 0x4A, 0x7F, 0xFF, 0x1A, 0xFF, 0x84, 0xF5,
    0xB5, 0xAA, 0x4A, 0x40, 0x02, 0x4A, 0x83, 0x6B, 0x6A, 0xDE, 0xDF, 0x5C, 0xFF, 0x83, 0xDE, 0xDF,
    0x49, 0x20, 0x02, 0x4A, 0x7F, 0xFF, 0x18, 0xFF, 0x82, 0xEA, 0x6B, 0x6A, 0x04, 0x4A, 0x81, 0x6B,
    0x6A, 0x60, 0xFF, 0x82, 0xDE, 0xD5, 0x22, 0x03, 0x4A, 0x7F, 0xFF, 0x14, 0xFF, 0x82, 0xF5, 0xB5,
    0xAA, 0x0A, 0x4A, 0x81, 0xDE, 0xDF, 0x60, 0xFF, 0x81, 0x49, 0x20, 0x02, 0x4A, 0x81, 0xDE, 0xDF,
    0x77, 0xFF, 0x88, 0xF5, 0xDE, 0xD5, 0xDE, 0xCA, 0xDE, 0xD5, 0xFF, 0xF5, 0x10, 0xFF, 0x83, 0xDE,
    0xCA, 0x21, 0x20, 0x02, 0x4A, 0x89, 0x94, 0x95, 0xDE, 0xD5, 0x6B, 0x6A, 0x21, 0x20, 0x94, 0x95,
    0x60, 0xFF, 0x03, 0x4A, 0x80, 0x40, 0x02, 0xB5, 0x73, 0xFF, 0x89, 0xF5, 0x94, 0x8A, 0x4A, 0x40,
    0x21, 0x2A, 0x49, 0x20, 0x22, 0x03, 0x4A, 0x81, 0x6B, 0x60, 0x02, 0xB5, 0x81, 0xFF, 0xF5, 0x0A,
    0xFF, 0x85, 0xDE, 0xD5, 0x6B, 0x6A, 0xB5, 0xBF, 0x04, 0xFF, 0x02, 0xB5, 0x85, 0x49, 0x2A, 0x4A,
    0x40, 0xDE, 0xDF, 0x5E, 0xFF, 0x81, 0x6B, 0x6A, 0x02, 0x4A, 0x81, 0x94, 0x95, 0x70, 0xFF, 0x81,
    0xB5, 0xAA, 0x02, 0x4A, 0x88, 0x21, 0x20, 0x6A, 0x4A, 0x6C, 0x95, 0x94, 0x95, 0x6B, 0x02, 0x6A,
    0x04, 0x4A, 0x80, 0x40, 0x02, 0x4A, 0x83, 0xB5, 0xAA, 0xFF, 0xF5, 0x12, 0xFF, 0x04, 0x4A, 0x81,
    0x94, 0x95, 0x5E, 0xFF, 0x02, 0xB5, 0x83, 0x22, 0x40, 0x6A, 0x4A, 0x6E, 0xFF, 0x83, 0xB5, 0xAA,
    0x21, 0x20, 0x02, 0x4A, 0x82, 0x94, 0x95, 0xDF, 0x09, 0xFF, 0x02, 0xB5, 0x85, 0x6B, 0x75, 0x4A,
    0x40, 0x21, 0x2A, 0x02, 0x4A, 0x81, 0xB5, 0xAA, 0x10, 0xFF, 0x83, 0x94, 0x95, 0x4A, 0x40, 0x02,
    0x4A, 0x60, 0xFF, 0x04, 0x4A, 0x02, 0xB5, 0x6A, 0xFF, 0x81, 0xB5, 0xAA, 0x04, 0x4A, 0x02, 0xB5,
    0x10, 0xFF, 0x83, 0xDE, 0xDF, 0x93, 0x6A, 0x02, 0x4A, 0x83, 0x21, 0x20, 0x6B, 0x6A, 0x02, 0xB5,
    0x0E, 0xFF, 0x02, 0x4A, 0x81, 0x22, 0x40, 0x02, 0xB5, 0x5E, 0xFF, 0x85, 0x94, 0x8A, 0x21, 0x20,
    0x4B, 0x6A, 0x4B, 0xFF, 0x8C, 0xF5, 0xFF, 0xEA, 0xB5, 0xAA, 0x94, 0x8A, 0xB5, 0xAA, 0xDD, 0xAA,
    0xFF, 0xF5, 0x11, 0xFF, 0x82, 0xF5, 0x49, 0x20, 0x02, 0x4A, 0x02, 0xB5, 0x16, 0xFF, 0x89, 0xB6,
    0xDF, 0x6B, 0x6A, 0x49, 0x2A, 0x4A, 0x40, 0x6B, 0x6A, 0x0C, 0xFF, 0x85, 0x6B, 0x6A, 0x49, 0x2A,
    0x6B, 0x6A, 0x60, 0xFF, 0x02, 0x4A, 0x83, 0x49, 0x2A, 0x6B, 0x6A, 0x45, 0xFF, 0x8E, 0xF5, 0xFE,
    0xCA, 0x6B, 0x6A, 0x21, 0x2A, 0x4A, 0x40, 0x49, 0x2A, 0x22, 0x40, 0x21, 0x2A, 0x02, 0x4A, 0x83,
    0x94, 0x8A, 0xDE, 0xD5, 0x0B, 0xFF, 0x86, 0xF5, 0x6B, 0x6A, 0x22, 0x4A, 0x94, 0x95, 0x1C, 0xFF,
    0x81, 0x94, 0x95, 0x02, 0x4A, 0x83, 0x22, 0x40, 0x6A, 0x4A, 0x0A, 0xFF, 0x81, 0xDE, 0xD5, 0x04,
    0x4A, 0x81, 0xDE, 0xDF, 0x5E, 0xFF, 0x02, 0xB5, 0x81, 0x4A, 0x40, 0x02, 0x4A, 0x81, 0x94, 0x8A,
    0x41, 0xFF, 0x88, 0xF5, 0x94, 0x8A, 0x21, 0x2A, 0x4A, 0x40, 0x6B, 0x75, 0x02, 0xB5, 0x81, 0xDE,
    0xDF, 0x02, 0xB5, 0x83, 0x94, 0x95, 0x4A, 0x40, 0x03, 0x4A, 0x80, 0x40, 0x02, 0xB5, 0x08, 0xFF,
    0x85, 0xDE, 0xD5, 0x21, 0x20, 0x6B, 0x6A, 0x20, 0xFF, 0x85, 0xDE, 0xDF, 0x6B, 0x6A, 0x6B, 0x6A,
    0x0C, 0xFF, 0x03, 0x4A, 0x80, 0x40, 0x02, 0xB5, 0x60, 0xFF, 0x87, 0x94, 0x95, 0x22, 0x4A, 0x49,
    0x2A, 0x6B, 0x6A, 0x3D, 0xFF, 0x82, 0xEA, 0x4A, 0x40, 0x02, 0x4A, 0x83, 0x6B, 0x6A, 0xDE, 0xDF,
    0x0A, 0xFF, 0x89, 0xDE, 0xDF, 0x94, 0x95, 0x49, 0x2A, 0x22, 0x40, 0x93, 0x6A, 0x06, 0xFF, 0x81,
    0x6B, 0x6A, 0x02, 0x4A, 0x81, 0xB4, 0x95, 0x32, 0xFF, 0x81, 0x6B, 0x6A, 0x02, 0x4A, 0x81, 0x6B,
    0x6A, 0x62, 0xFF, 0x84, 0xB4, 0x95, 0x4A, 0x40, 0x22, 0x02, 0x4A, 0x80, 0x40, 0x02, 0xB5, 0x36,
    0xFF, 0x81, 0xFE, 0xCA, 0x04, 0x4A, 0x81, 0x94, 0x95, 0x12, 0xFF, 0x02, 0xB5, 0x03, 0x4A, 0x82,
    0x40, 0x6C, 0x8A, 0x03, 0xFF, 0x85, 0xF5, 0x49, 0x20, 0x4B, 0x6A, 0xDF, 0x33, 0xFF, 0x83, 0xDE,
    0xD5, 0x21, 0x2A, 0x02, 0x4A, 0x64, 0xFF, 0x02, 0xB5, 0x80, 0x6A, 0x03, 0x4A, 0x87, 0x21, 0x20,
    0x6B, 0x6A, 0x94, 0x8A, 0xDE, 0xD5, 0x23, 0xFF, 0x82, 0xF5, 0xFF, 0xF5, 0x07, 0xFF, 0x88, 0xF5,
    0xDE, 0xCA, 0x49, 0x2A, 0x4A, 0x40, 0x94, 0x95, 0x16, 0xFF, 0x81, 0xDE, 0xDF, 0x02, 0x4A, 0x82,
    0x49, 0x2A, 0x94, 0x02, 0x95, 0x84, 0xB5, 0x49, 0x2A, 0x6C, 0x95, 0x12, 0xFF, 0x83, 0xB4, 0x8A,
    0x6B, 0x6A, 0x1E, 0xFF, 0x83, 0xDE, 0xDF, 0x4A, 0x40, 0x02, 0x4A, 0x02, 0xB5, 0x66, 0xFF, 0x81,
    0x94, 0x95, 0x08, 0x4A, 0x83, 0x6B, 0x6A, 0x94, 0x8A, 0x02, 0xB5, 0x85, 0xDE, 0xD5, 0xFF, 0xF5,
    0xFF, 0xF5, 0x03, 0xFF, 0x82, 0xF5, 0xFF, 0xF5, 0x03, 0xFF, 0x8D, 0xF5, 0xFF, 0xF5, 0xFE, 0xD5,
    0xDE, 0xD5, 0xB5, 0xAA, 0xB5, 0xAA, 0x94, 0x8A, 0x6B, 0x02, 0x6A, 0x82, 0x40, 0x94, 0x8A, 0x04,
    0xFF, 0x81, 0xDD, 0xAA, 0x04, 0x4A, 0x02, 0xB5, 0x1A, 0xFF, 0x02, 0xB5, 0x81, 0x4A, 0x40, 0x02,
    0x4A, 0x85, 0x6B, 0x6A, 0x4A, 0x40, 0x94, 0x95, 0x10, 0xFF, 0x83, 0xDE, 0xD5, 0x21, 0x2A, 0x02,
    0x4A, 0x81, 0xDE, 0xDF, 0x1E, 0xFF, 0x81, 0x6B, 0x6A, 0x02, 0x4A, 0x81, 0x94, 0x95, 0x68, 0xFF,
    0x81, 0xDE, 0xD5, 0x05, 0x4A, 0x80, 0x40, 0x02, 0x4A, 0x81, 0x21, 0x20, 0x02, 0x4A, 0x85, 0x21,
    0x20, 0x21, 0x2A, 0x4A, 0x40, 0x05, 0x4A, 0x80, 0x40, 0x03, 0x4A, 0x84, 0x40, 0x21, 0x2A, 0x22,
    0x40, 0x04, 0x4A, 0x81, 0x21, 0x20, 0x02, 0x4A, 0x85, 0x49, 0x2A, 0x4B, 0x6A, 0xB4, 0x95, 0x02,
    0xFF, 0x81, 0xB5, 0xAA, 0x04, 0x4A, 0x02, 0xB5, 0x1E, 0xFF, 0x83, 0x94, 0x95, 0x21, 0x20, 0x04,
    0x4A, 0x81, 0x94, 0x95, 0x10, 0xFF, 0x03, 0x4A, 0x82, 0x40, 0x94, 0x95, 0x20, 0xFF, 0x85, 0x94,
    0x95, 0x4A, 0x40, 0x6B, 0x6A, 0x6A, 0xFF, 0x02, 0xB5, 0x04, 0x4A, 0x89, 0x6B, 0x75, 0xB4, 0x95,
    0x6B, 0x6A, 0x6B, 0x6A, 0x6B, 0x6A, 0x0A, 0x4A, 0x83, 0x6A, 0x4A, 0x6B, 0x6A, 0x04, 0x4A, 0x83,
    0x6B, 0x6A, 0xB4, 0x95, 0x02, 0xB5, 0x83, 0xDE, 0xDF, 0xDE, 0xDF, 0x02, 0xFF, 0x02, 0xB5, 0x80,
    0x22, 0x02, 0x4A, 0x82, 0x40, 0xB4, 0x95, 0x20, 0xFF, 0x81, 0xDE, 0xDF, 0x06, 0x4A, 0x81, 0x6A,
    0x4A, 0x0E, 0xFF, 0x85, 0x6B, 0x6A, 0x4A, 0x40, 0x6B, 0x75, 0x22, 0xFF, 0x02, 0xB5, 0x04, 0x4A,
    0x6C, 0xFF, 0x85, 0x94, 0x8A, 0x21, 0x2A, 0x6B, 0x6A, 0x08, 0xFF, 0x81, 0xDE, 0xDF, 0x02, 0xB5,
    0x84, 0x49, 0x20, 0x4B, 0x6A, 0xDE, 0x02, 0xDF, 0x86, 0xFF, 0xFE, 0xDF, 0x6B, 0x6A, 0x21, 0x2A,
    0x02, 0xB5, 0x0A, 0xFF, 0x85, 0x6B, 0x6A, 0x49, 0x20, 0x95, 0xBF, 0x24, 0xFF, 0x81, 0x6C, 0x8A,
    0x03, 0x4A, 0x80, 0x40, 0x02, 0x4A, 0x81, 0x6B, 0x6A, 0x0A, 0xFF, 0x81, 0x6B, 0x6A, 0x04, 0x4A,
    0x02, 0xB5, 0x1E, 0xFF, 0x87, 0xDE, 0xD5, 0x4A, 0x40, 0x6B, 0x75, 0x4A, 0x40, 0x02, 0x4A, 0x81,
    0xDE, 0xD5, 0x6A, 0xFF, 0x83, 0xDE, 0xDF, 0x4A, 0x40, 0x02, 0x4A, 0x02, 0xB5, 0x08, 0xFF, 0x81,
    0xDE, 0xDF, 0x04, 0x4A, 0x81, 0xDD, 0xB5, 0x04, 0xFF, 0x85, 0x4B, 0x6A, 0x49, 0x20, 0x95, 0xB5,
    0x0A, 0xFF, 0x81, 0xB6, 0xD5, 0x02, 0xB5, 0x10, 0xFF, 0x81, 0x94, 0x8A, 0x02, 0xB5, 0x12, 0xFF,
    0x85, 0x94, 0x8A, 0x49, 0x2A, 0x6B, 0x6A, 0x06, 0x4A, 0x02, 0xB5, 0x81, 0xDE, 0xD5, 0x02, 0xB5,
    0x81, 0x6B, 0x6A, 0x03, 0x4A, 0x80, 0x40, 0x02, 0x4A, 0x81, 0x94, 0x95, 0x1E, 0xFF, 0x89, 0x94,
    0x8A, 0x21, 0x2A, 0x94, 0x95, 0x6B, 0x6A, 0x49, 0x2A, 0x02, 0xB5, 0x6C, 0xFF, 0x85, 0x94, 0x95,
    0x21, 0x20, 0x6B, 0x75, 0x0A, 0xFF, 0x83, 0x6B, 0x6A, 0x21, 0x20, 0x02, 0xB5, 0x04, 0xFF, 0x04,
    0x4A, 0x02, 0xB5, 0x1C, 0xFF, 0x87, 0xDE, 0xD5, 0x21, 0x2A, 0x4A, 0x40, 0x94, 0x95, 0x10, 0xFF,
    0x81, 0x6B, 0x6A, 0x02, 0x4A, 0x04, 0xB5, 0x03, 0x4A, 0x88, 0x40, 0x21, 0x2A, 0x4A, 0x40, 0x49,
    0x2A, 0x4A, 0x40, 0x02, 0x4A, 0x83, 0x6B, 0x75, 0x4A, 0x40, 0x02, 0x4A, 0x81, 0x94, 0x95, 0x1A,
    0xFF, 0x83, 0xDE, 0xD5, 0x49, 0x2A, 0x02, 0x4A, 0x87, 0xDE, 0xD5, 0x94, 0x95, 0x21, 0x20, 0x94,
    0x95, 0x6C, 0xFF, 0x02, 0xB5, 0x02, 0x4A, 0x81, 0x4B, 0x6A, 0x0A, 0xFF, 0x81, 0x6B, 0x6A, 0x02,
    0x4A, 0x81, 0x94, 0x95, 0x02, 0xFF, 0x81, 0xDE, 0xDF, 0x04, 0x4A, 0x81, 0xDE, 0xD5, 0x1E, 0xFF,
    0x81, 0x94, 0x95, 0x03, 0x4A, 0x82, 0x40, 0x94, 0x95, 0x0C, 0xFF, 0x02, 0xB5, 0x04, 0x4A, 0x81,
    0xDE, 0xDF, 0x04, 0xFF, 0x8B, 0x94, 0x95, 0x6B, 0x6A, 0x6B, 0x75, 0x6B, 0x6A, 0x94, 0x95, 0xDE,
    0xDF, 0x02, 0xFF, 0x83, 0x94, 0x95, 0x4A, 0x40, 0x02, 0x4A, 0x81, 0xB4, 0x95, 0x18, 0xFF, 0x81,
    0x4A, 0x40, 0x02, 0x4A, 0x81, 0x94, 0x95, 0x02, 0xFF, 0x85, 0x94, 0x95, 0x22, 0x40, 0x6B, 0x75,
    0x6E, 0xFF, 0x85, 0x4A, 0x40, 0x49, 0x2A, 0xDE, 0xD5, 0x08, 0xFF, 0x85, 0x94, 0x95, 0x4A, 0x40,
    0x6B, 0x75, 0x02, 0xFF, 0x83, 0xDE, 0xD5, 0x4A, 0x40, 0x02, 0x4A, 0x81, 0xDE, 0xDF, 0x20, 0xFF,
    0x81, 0x94, 0x95, 0x03, 0x4A, 0x84, 0x40, 0x6A, 0x4A, 0xB6, 0xD5, 0x06, 0xFF, 0x81, 0xB5, 0xAA,
    0x03, 0x4A, 0x82, 0x40, 0x94, 0x95, 0x16, 0xFF, 0x83, 0x94, 0x95, 0x21, 0x20, 0x02, 0x4A, 0x81,
    0x94, 0x8A, 0x14, 0xFF, 0x81, 0x6B, 0x6A, 0x02, 0x4A, 0x81, 0x4B, 0x6A, 0x04, 0xFF, 0x02, 0xB5,
    0x83, 0x49, 0x20, 0x6B, 0x6A, 0x6E, 0xFF, 0x04, 0x4A, 0x02, 0xB5, 0x08, 0xFF, 0x02, 0xB5, 0x02,
    0x4A, 0x81, 0x6B, 0x6A, 0x02, 0xFF, 0x02, 0xB5, 0x83, 0x21, 0x2A, 0x6B, 0x6A, 0x24, 0xFF, 0x02,
    0xB5, 0x80, 0x22, 0x04, 0x4A, 0x87, 0x40, 0x6B, 0x6A, 0x94, 0x8A, 0x6A, 0x4A, 0x22, 0x03, 0x4A,
    0x81, 0x94, 0x95, 0x1A, 0xFF, 0x83, 0x94, 0x95, 0x4A, 0x40, 0x02, 0x4A, 0x83, 0x6B, 0x6A, 0xDE,
    0xD5, 0x0D, 0xFF, 0x84, 0xF5, 0x6B, 0x6A, 0x4A, 0x40, 0x02, 0x4A, 0x81, 0xDD, 0xB5, 0x04, 0xFF,
    0x02, 0xB5, 0x04, 0x4A, 0x6E, 0xFF, 0x81, 0x4B, 0x60, 0x02, 0x4A, 0x81, 0xDD, 0xBF, 0x08, 0xFF,
    0x02, 0xB5, 0x81, 0x49, 0x20, 0x02, 0x4A, 0x02, 0xFF, 0x02, 0xB5, 0x83, 0x21, 0x20, 0x6B, 0x75,
    0x24, 0xFF, 0x83, 0x94, 0x8A, 0x49, 0x2A, 0x06, 0x4A, 0x81, 0x21, 0x2A, 0x04, 0x4A, 0x02, 0xB5,
    0x1E, 0xFF, 0x02, 0xB5, 0x02, 0x4A, 0x85, 0x21, 0x2A, 0x4A, 0x40, 0x6B, 0x6A, 0x02, 0xB5, 0x89,
    0xDE, 0xD5, 0xDF, 0xF5, 0xDE, 0xD5, 0x94, 0x95, 0x4A, 0x40, 0x04, 0x4A, 0x81, 0xB5, 0xBF, 0x06,
    0xFF, 0x83, 0xDE, 0xDF, 0x4A, 0x40, 0x02, 0x4A, 0x81, 0xDE, 0xDF, 0x6C, 0xFF, 0x80, 0x6A, 0x03,
    0x4A, 0x81, 0xB6, 0xD5, 0x08, 0xFF, 0x89, 0xDE, 0xDF, 0x22, 0x4A, 0x6A, 0x4A, 0xDF, 0xFF, 0x93,
    0x6A, 0x02, 0x4A, 0x81, 0x94, 0x8A, 0x24, 0xFF, 0x03, 0x4A, 0x82, 0x40, 0xB5, 0xBF, 0x02, 0xFF,
    0x06, 0xB5, 0x24, 0xFF, 0x83, 0xDF, 0xFF, 0x93, 0x6A, 0x04, 0x4A, 0x83, 0x22, 0x4A, 0x49, 0x20,
    0x02, 0x4A, 0x83, 0x49, 0x2A, 0x4A, 0x40, 0x02, 0x4A, 0x83, 0x6B, 0x6A, 0xDE, 0xDF, 0x08, 0xFF,
    0x81, 0xDF, 0xFF, 0x03, 0x4A, 0x82, 0x40, 0xDE, 0xDF, 0x6C, 0xFF, 0x85, 0x6B, 0x6A, 0x22, 0x40,
    0xDD, 0xBF, 0x08, 0xFF, 0x83, 0xDE, 0xD5, 0x4A, 0x40, 0x02, 0x4A, 0x85, 0xDF, 0xFF, 0x6B, 0x6A,
    0x21, 0x2A, 0x02, 0xB5, 0x22, 0xFF, 0x81, 0x6B, 0x6A, 0x02, 0x4A, 0x81, 0x6B, 0x6A, 0x32, 0xFF,
    0x8F, 0xDE, 0xDF, 0xB4, 0x95, 0x6B, 0x6A, 0x6B, 0x6A, 0x6B, 0x6A, 0x4B, 0x6A, 0x93, 0x75, 0xB6,
    0xDF, 0x0E, 0xFF, 0x85, 0x4A, 0x40, 0x49, 0x2A, 0xB6, 0xD5, 0x6C, 0xFF, 0x85, 0x6B, 0x6A, 0x49,
    0x2A, 0xB6, 0xD5, 0x08, 0xFF, 0x81, 0xDE, 0xDF, 0x04, 0x4A, 0x89, 0xDD, 0xB5, 0x4B, 0x6A, 0x49,
    0x2A, 0xB6, 0xD5, 0xDE, 0xDF, 0x02, 0x4A, 0x81, 0xB4, 0x8A, 0x1A, 0xFF, 0x02, 0xB5, 0x81, 0x4A,
    0x40, 0x02, 0x4A, 0x81, 0xB5, 0xBF, 0x50, 0xFF, 0x04, 0x4A, 0x02, 0xB5, 0x6C, 0xFF, 0x81, 0x4B,
    0x60, 0x02, 0x4A, 0x81, 0xDD, 0xB5, 0x08, 0xFF, 0x81, 0xDE, 0xD5, 0x04, 0x4A, 0x02, 0xB5, 0x04,
    0x4A, 0x87, 0xDE, 0xDF, 0xDE, 0xD5, 0x49, 0x20, 0x22, 0x4A, 0x02, 0xB5, 0x17, 0xFF, 0x80, 0xF5,
    0x04, 0x4A, 0x81, 0x94, 0x95, 0x52, 0xFF, 0x03, 0x4A, 0x82, 0x40, 0xB5, 0xBF, 0x6C, 0xFF, 0x80,
    0x6A, 0x03, 0x4A, 0x81, 0xDE, 0xDF, 0x08, 0xFF, 0x83, 0xDE, 0xDF, 0x4A, 0x40, 0x02, 0x4A, 0x87,
    0x94, 0x95, 0x4A, 0x40, 0x6B, 0x6A, 0xFE, 0xDF, 0x02, 0xFF, 0x81, 0x94, 0x95, 0x04, 0x4A, 0x02,
    0xB5, 0x14, 0xFF, 0x03, 0x4A, 0x82, 0x40, 0x6B, 0x6A, 0x54, 0xFF, 0x83, 0x6B, 0x6A, 0x49, 0x2A,
    0x02, 0xB5, 0x6B, 0xFF, 0x82, 0xF5, 0x4A, 0x40, 0x02, 0x4A, 0x81, 0xDE, 0xD5, 0x08, 0xFF, 0x81,
    0xDE, 0xD5, 0x04, 0x4A, 0x85, 0x94, 0x95, 0x49, 0x2A, 0x6B, 0x6A, 0x06, 0xFF, 0x87, 0x6C, 0x8A,
    0x49, 0x20, 0x22, 0x4A, 0x94, 0x8A, 0x0E, 0xFF, 0x83, 0xDE, 0xD5, 0x4A, 0x40, 0x04, 0x4A, 0x56,
    0xFF, 0x83, 0x6B, 0x6A, 0x22, 0x40, 0x02, 0xB5, 0x6C, 0xFF, 0x04, 0x4A, 0x80, 0xDF, 0x09, 0xFF,
    0x8B, 0xB6, 0xD5, 0x49, 0x2A, 0x4B, 0x6A, 0x93, 0x6A, 0x22, 0x4A, 0x94, 0x8A, 0x08, 0xFF, 0x81,
    0x94, 0x95, 0x02, 0x4A, 0x81, 0x49, 0x20, 0x02, 0x4A, 0x83, 0x94, 0x95, 0xFF, 0xF5, 0x03, 0xFF,
    0x80, 0xF5, 0x02, 0xB5, 0x81, 0x94, 0x8A, 0x02, 0x4A, 0x84, 0x49, 0x2A, 0x6B, 0x6A, 0xDF, 0x57,
    0xFF, 0x83, 0x6B, 0x6A, 0x49, 0x2A, 0x02, 0xB5, 0x6B, 0xFF, 0x82, 0xF5, 0x4A, 0x40, 0x02, 0x4A,
    0x81, 0xFE, 0xDF, 0x08, 0xFF, 0x82, 0xDD, 0xB5, 0x22, 0x03, 0x4A, 0x81, 0x6B, 0x6A, 0x02, 0x4A,
    0x81, 0x94, 0x95, 0x0A, 0xFF, 0x81, 0xDE, 0xDF, 0x04, 0x4A, 0x87, 0x22, 0x40, 0x49, 0x2A, 0x22,
    0x40, 0x49, 0x2A, 0x02, 0x4A, 0x81, 0x21, 0x20, 0x02, 0x4A, 0x81, 0x94, 0x95, 0x5A, 0xFF, 0x85,
    0x6B, 0x6A, 0x22, 0x40, 0xB5, 0xBF, 0x6C, 0xFF, 0x04, 0x4A, 0x80, 0xDF, 0x09, 0xFF, 0x83, 0xDE,
    0xDF, 0x4A, 0x40, 0x05, 0x4A, 0x82, 0x40, 0xB5, 0xBF, 0x0E, 0xFF, 0x02, 0xB5, 0x83, 0x93, 0x75,
    0x4B, 0x6A, 0x04, 0x4A, 0x85, 0x6B, 0x6A, 0x95, 0xB5, 0xDE, 0xDF, 0x5C, 0xFF, 0x80, 0x6A, 0x03,
    0x4A, 0x02, 0xB5, 0x6B, 0xFF, 0x80, 0xF5, 0x03, 0x4A, 0x82, 0x40, 0xDE, 0xDF, 0x08, 0xFF, 0x81,
    0xDE, 0xD5, 0x08, 0x4A, 0x81, 0xDE, 0xD5, 0x7A, 0xFF, 0x85, 0x4A, 0x40, 0x22, 0x4A, 0xDD, 0xB5,
    0x6C, 0xFF, 0x85, 0x6B, 0x6A, 0x49, 0x2A, 0xB6, 0xD5, 0x08, 0xFF, 0x83, 0xDE, 0xDF, 0x4A, 0x40,
    0x06, 0x4A, 0x81, 0xDE, 0xDF, 0x7A, 0xFF, 0x03, 0x4A, 0x82, 0x40, 0xB5, 0xBF, 0x6C, 0xFF, 0x83,
    0x6B, 0x6A, 0x4A, 0x40, 0x02, 0xB5, 0x0A, 0xFF, 0x05, 0x4A, 0x84, 0x40, 0x6A, 0x4A, 0xDE, 0xDF,
    0x79, 0xFF, 0x80, 0xF5, 0x04, 0x4A, 0x81, 0xDE, 0xDF, 0x6C, 0xFF, 0x85, 0xB5, 0xAA, 0x21, 0x2A,
    0x94, 0x95, 0x0A, 0xFF, 0x81, 0x6B, 0x6A, 0x04, 0x4A, 0x81, 0x6B, 0x6A, 0x7A, 0xFF, 0x83, 0xDE,
    0xDF, 0x4A, 0x40, 0x02, 0x4A, 0x81, 0xDE, 0xD5, 0x6C, 0xFF, 0x85, 0xDE, 0xD5, 0x21, 0x20, 0x6B,
    0x6A, 0x0A, 0xFF, 0x81, 0x6B, 0x6A, 0x03, 0x4A, 0x80, 0x40, 0x02, 0x4A, 0x7A, 0xFF, 0x83, 0xDE,
    0xD5, 0x49, 0x2A, 0x02, 0x4A, 0x6F, 0xFF, 0x82, 0xF5, 0x21, 0x2A, 0x02, 0x4A, 0x81, 0xDE, 0xDF,
    0x08, 0xFF, 0x83, 0xB4, 0x95, 0x22, 0x40, 0x02, 0x4A, 0x81, 0x6B, 0x6A, 0x7A, 0xFF, 0x02, 0xB5,
    0x83, 0x22, 0x40, 0x6B, 0x6A, 0x70, 0xFF, 0x83, 0x6B, 0x6A, 0x4A, 0x40, 0x02, 0xB5, 0x08, 0xFF,
    0x81, 0xDE, 0xD5, 0x04, 0x4A, 0x82, 0x6A, 0x4A, 0xDF, 0x79, 0xFF, 0x02, 0xB5, 0x83, 0x21, 0x20,
    0x93, 0x75, 0x70, 0xFF, 0x85, 0x94, 0x8A, 0x21, 0x2A, 0x94, 0x95, 0x0A, 0xFF, 0x85, 0x6B, 0x6A,
    0x49, 0x2A, 0x6B, 0x6A, 0x7A, 0xFF, 0x85, 0x94, 0x8A, 0x21, 0x2A, 0x94, 0x95, 0x70, 0xFF, 0x87,
    0xDE, 0xD5, 0x49, 0x20, 0x4B, 0x6A, 0xFE, 0xDF, 0x08, 0xFF, 0x02, 0xB5, 0x84, 0x21, 0x20, 0x6B,
    0x75, 0xDF, 0x79, 0xFF, 0x83, 0x6B, 0x6A, 0x4A, 0x40, 0x02, 0xB5, 0x3C, 0xFF, 0x0A, 0x00, 0x81,
    0x21, 0x20, 0x02, 0x00, 0xA5, 0x21, 0x20, 0x21, 0x20, 0x21, 0x20, 0x21, 0x20, 0x21, 0x20, 0x21,
    0x20, 0x4A, 0x40, 0x21, 0x20, 0x4A, 0x40, 0x4A, 0x40, 0x4A, 0x40, 0x4A, 0x40, 0x4A, 0x40, 0x4A,
    0x40, 0x4A, 0x40, 0x4A, 0x40, 0x4A, 0x40, 0x21, 0x20, 0x21, 0x20, 0x28, 0x00, 0x81, 0x21, 0x20,
    0x06, 0x00, 0x80, 0x20, 0x07, 0x00, 0x80, 0x20, 0x05, 0x00, 0x80, 0x20, 0x03, 0x00, 0x81, 0x21,
    0x20, 0x02, 0x00, 0x82, 0x20, 0x00, 0x01, 0x02, 0x20, 0x81, 0x00, 0x01, 0x02, 0x20, 0x81, 0x00,
    0x21, 0x02, 0x20, 0xB8, 0x00, 0x21, 0x20, 0x21, 0x20, 0x21, 0x20, 0x21, 0x20, 0x21, 0x20, 0x21,
    0x20, 0x21, 0x20, 0x21, 0x20, 0x21, 0x20, 0x21, 0x20, 0x21, 0x20, 0x21, 0x20, 0x21, 0x20, 0x21,
    0x20, 0x21, 0x20, 0x21, 0x20, 0x21, 0x20, 0x21, 0x20, 0x21, 0x20, 0x21, 0x20, 0x21, 0x20, 0x21,
    0x20, 0x21, 0x20, 0x21, 0x20, 0x21, 0x20, 0x21, 0x20, 0x21, 0x20, 0x21, 0x20, 0x14, 0x00, 0x80,
    0x01, 0x02, 0x20, 0xAE, 0x00, 0x21, 0x20, 0x21, 0x20, 0x21, 0x20, 0x21, 0x20, 0x21, 0x20, 0x4A,
    0x40, 0x21, 0x20, 0x4A, 0x40, 0x4A, 0x40, 0x4A, 0x40, 0x4A, 0x40, 0x4A, 0x40, 0x4A, 0x40, 0x6B,
    0x60, 0x4A, 0x40, 0x6B, 0x60, 0x6B, 0x60, 0x6B, 0x60, 0x6B, 0x60, 0x6B, 0x60, 0x6B, 0x60, 0x6B,
    0x60, 0x94, 0x80, 0x02, 0xFD, 0x06, 0x00, 0x00, 0x08, 0x02, 0x01, 0xFF, 0xC8, 0x00, 0x04, 0xFB,
    0x08, 0x00, 0x00, 0x00, 0x00, 0x46, 0x00, 0x84, 0x00, 0xBB, 0x00, 0x05, 0xFA, 0xDE, 0x1A, 0x00,
    0x7F, 0xFF, 0x7F, 0xFF, 0x7F, 0xFF, 0x7F, 0xFF, 0x7F, 0xFF, 0x7F, 0xFF, 0x7F, 0xFF, 0x7F, 0xFF,
    0x7F, 0xFF, 0x7F, 0xFF, 0x7F, 0xFF, 0x7F, 0xFF, 0x7F, 0xFF, 0x7F, 0xFF, 0x7F, 0xFF, 0x7F, 0xFF,
    0x1B, 0xFF, 0x8A, 0xF5, 0xFF, 0xF5, 0xDE, 0xCA, 0xB5, 0xAA, 0x94, 0x8A, 0xDE, 0xCA, 0x6D, 0xFF,
    0x86, 0xF5, 0xFF, 0xF5, 0xFF, 0xF5, 0xFF, 0xF5, 0x7F, 0xFF, 0x06, 0xFF, 0x8A, 0xF5, 0xDE, 0xCA,
    0x94, 0x8A, 0x6B, 0x6A, 0x21, 0x20, 0x21, 0x2A, 0x02, 0x4A, 0x85, 0x21, 0x2A, 0x4A, 0x40, 0x6A,
    0x4A, 0x67, 0xFF, 0x84, 0xF5, 0x94, 0x8A, 0x4A, 0x40, 0x02, 0x4A, 0x81, 0x21, 0x20, 0x02, 0x4A,
    0x87, 0x94, 0x8A, 0x94, 0x8A, 0xDE, 0xD5, 0xFF, 0xF5, 0x77, 0xFF, 0x84, 0xF5, 0xFF, 0xEA, 0x94,
    0x8A, 0x03, 0x4A, 0x82, 0x40, 0x21, 0x2A, 0x02, 0x4A, 0x87, 0x6B, 0x6A, 0x6B, 0x75, 0x94, 0x8A,
    0x94, 0x95, 0x03, 0x4A, 0x82, 0x40, 0x95, 0xB5, 0x64, 0xFF, 0x83, 0xDE, 0xCA, 0x49, 0x2A, 0x02,
    0x4A, 0x83, 0x6B, 0x6A, 0x6B, 0x6A, 0x04, 0x4A, 0x81, 0x49, 0x20, 0x04, 0x4A, 0x83, 0x94, 0x8A,
    0xB5, 0xAA, 0x6F, 0xFF, 0x82, 0xEA, 0xB5, 0xAA, 0x02, 0x4A, 0x83, 0x49, 0x2A, 0x22, 0x40, 0x02,
    0x4A, 0x85, 0x6B, 0x75, 0xB4, 0x95, 0xDE, 0xD5, 0x08, 0xFF, 0x81, 0x94, 0x95, 0x02, 0x4A, 0x81,
    0x6B, 0x6A, 0x64, 0xFF, 0x81, 0x6B, 0x60, 0x02, 0x4A, 0x02, 0xB5, 0x04, 0xFF, 0x81, 0xDE, 0xDF,
    0x02, 0xB5, 0x82, 0x6C, 0x95, 0x6A, 0x02, 0x4A, 0x80, 0x40, 0x05, 0x4A, 0x86, 0x40, 0x94, 0x8A,
    0xDE, 0xD5, 0xFF, 0xF5, 0x61, 0xFF, 0x84, 0xF5, 0xFF, 0xEA, 0x6B, 0x6A, 0x02, 0x4A, 0x89, 0x49,
    0x2A, 0x4A, 0x40, 0x6B, 0x6A, 0x94, 0x95, 0xDE, 0xDF, 0x0E, 0xFF, 0x83, 0xDE, 0xDF, 0x4A, 0x40,
    0x02, 0x4A, 0x81, 0xFE, 0xDF, 0x61, 0xFF, 0x81, 0xF5, 0x22, 0x03, 0x4A, 0x0E, 0xFF, 0x83, 0xDE,
    0xDF, 0x94, 0x8A, 0x07, 0x4A, 0x86, 0x40, 0x6B, 0x6A, 0xB5, 0xAA, 0xFF, 0xF5, 0x2B, 0xFF, 0x80,
    0xF5, 0x03, 0xFF, 0x80, 0xF5, 0x03, 0xFF, 0x80, 0xF5, 0x05, 0xFF, 0x80, 0xF5, 0x1F, 0xFF, 0x82,
    0xF5, 0xDE, 0xCA, 0x05, 0x4A, 0x80, 0x40, 0x02, 0x4A, 0x83, 0x6C, 0x95, 0xB5, 0xBF, 0x16, 0xFF,
    0x03, 0x4A, 0x80, 0x40, 0x02, 0xB5, 0x60, 0xFF, 0x85, 0xDD, 0xB5, 0x4A, 0x40, 0x6B, 0x6A, 0x14,
    0xFF, 0x83, 0xDE, 0xDF, 0x6B, 0x6A, 0x02, 0x4A, 0x82, 0x49, 0x2A, 0x22, 0x03, 0x4A, 0x85, 0x93,
    0x6A, 0xDE, 0xD5, 0xFF, 0xF5, 0x15, 0xFF, 0xAA, 0xF5, 0xFF, 0xF5, 0xFF, 0xF5, 0xFE, 0xCA, 0xB6,
    0xCA, 0xB5, 0xAA, 0xB5, 0xAA, 0x94, 0x8A, 0x94, 0x8A, 0x94, 0x8A, 0x6B, 0x6A, 0x6B, 0x60, 0x6B,
    0x6A, 0x94, 0x8A, 0x94, 0x8A, 0x94, 0x8A, 0xB5, 0xAA, 0xB5, 0xAA, 0xB5, 0xAA, 0xDE, 0xD5, 0xFF,
    0xF5, 0xFF, 0xF5, 0x0F, 0xFF, 0x84, 0xF5, 0xB5, 0xAA, 0x4A, 0x40, 0x06, 0x4A, 0x82, 0xB4, 0x95,
    0xDF, 0x1B, 0xFF, 0x85, 0x6B, 0x6A, 0x22, 0x4A, 0x94, 0x95, 0x60, 0xFF, 0x85, 0x95, 0xAA, 0x21,
    0x2A, 0x94, 0x95, 0x1A, 0xFF, 0x02, 0xB5, 0x81, 0x6B, 0x6A, 0x02, 0x4A, 0x81, 0x22, 0x40, 0x02,
    0x4A, 0x83, 0x6B, 0x6A, 0xB5, 0xAA, 0x09, 0xFF, 0x8C, 0xF5, 0xFF, 0xF5, 0xFF, 0xF5, 0xB5, 0xAA,
    0x94, 0x8A, 0x93, 0x6A, 0x4B, 0x60, 0x02, 0x4A, 0x81, 0x21, 0x2A, 0x02, 0x4A, 0x87, 0x21, 0x2A,
    0x49, 0x20, 0x22, 0x4A, 0x49, 0x20, 0x09, 0x4A, 0x8A, 0x40, 0x21, 0x2A, 0x4A, 0x40, 0x21, 0x2A,
    0x49, 0x2A, 0x22, 0x40, 0x02, 0x4A, 0x81, 0x49, 0x20, 0x02, 0x4A, 0x8D, 0x6B, 0x60, 0x94, 0x8A,
    0xB5, 0xAA, 0xFF, 0xF5, 0xFF, 0xF5, 0xFF, 0xF5, 0x94, 0x80, 0x03, 0x4A, 0x80, 0x40, 0x02, 0x4A,
    0x81, 0x6B, 0x6A, 0x02, 0xB5, 0x10, 0xFF, 0x89, 0xFE, 0xD5, 0xFD, 0xB5, 0xFD, 0xB5, 0xFD, 0xB5,
    0xFE, 0xDF, 0x06, 0xFF, 0x85, 0x94, 0x95, 0x49, 0x20, 0x6B, 0x6A, 0x60, 0xFF, 0x83, 0x94, 0x8A,
    0x49, 0x20, 0x02, 0xB5, 0x08, 0xFF, 0x81, 0xFE, 0xDF, 0x14, 0xFF, 0x83, 0xDE, 0xDF, 0x94, 0x95,
    0x05, 0x4A, 0x80, 0x40, 0x02, 0x4A, 0x87, 0xB5, 0xAA, 0xDE, 0xD5, 0xB5, 0xAA, 0x94, 0x8A, 0x03,
    0x4A, 0x80, 0x40, 0x02, 0x4A, 0x81, 0x22, 0x40, 0x04, 0x4A, 0x87, 0x6B, 0x6A, 0x6B, 0x6A, 0x94,
    0x95, 0xB4, 0x95, 0x03, 0xB5, 0x90, 0xBF, 0xB6, 0xD5, 0xDD, 0xBF, 0xDE, 0xD5, 0xDE, 0xDF, 0xDE,
    0xD5, 0xB5, 0xBF, 0xDE, 0xD5, 0xB5, 0xBF, 0x02, 0xB5, 0x87, 0x94, 0x95, 0x94, 0x95, 0x6B, 0x6A,
    0x4B, 0x6A, 0x06, 0x4A, 0x81, 0x21, 0x20, 0x03, 0x4A, 0x82, 0x40, 0x49, 0x2A, 0x06, 0x4A, 0x02,
    0xB5, 0x0E, 0xFF, 0x8F, 0xFE, 0xD5, 0xFD, 0xB5, 0xFD, 0xB5, 0xFD, 0xB5, 0xFC, 0x95, 0xFD, 0xAA,
    0xFC, 0x95, 0xFE, 0xD5, 0x06, 0xFF, 0x02, 0xB5, 0x02, 0x4A, 0x81, 0x6B, 0x6A, 0x60, 0xFF, 0x81,
    0x6B, 0x6A, 0x02, 0x4A, 0x81, 0xB5, 0xBF, 0x06, 0xFF, 0x8B, 0xFC, 0x8A, 0xFD, 0xB5, 0xFC, 0x8A,
    0xFD, 0xB5, 0xFE, 0xD5, 0xFE, 0xDF, 0x10, 0xFF, 0x81, 0xDE, 0xD5, 0x07, 0x4A, 0x84, 0x40, 0x21,
    0x2A, 0x4A, 0x40, 0x04, 0x4A, 0x83, 0x6B, 0x6A, 0x93, 0x75, 0x02, 0xB5, 0x83, 0xDE, 0xDF, 0xDE,
    0xDF, 0x28, 0xFF, 0x04, 0xB5, 0x81, 0x94, 0x95, 0x0E, 0x4A, 0x83, 0x94, 0x95, 0xDE, 0xDF, 0x06,
    0xFF, 0x93, 0xFE, 0xD5, 0xFD, 0xB5, 0xFD, 0xB5, 0xFD, 0xB5, 0xFC, 0x8A, 0xFD, 0xB5, 0xFD, 0xB5,
    0xFD, 0xB5, 0xDD, 0xB5, 0xFD, 0xB5, 0x06, 0xFF, 0x02, 0xB5, 0x04, 0x4A, 0x5F, 0xFF, 0x86, 0xF5,
    0x6B, 0x6A, 0x4A, 0x40, 0xDE, 0xDF, 0x04, 0xFF, 0x93, 0xFE, 0xDF, 0xFD, 0xB5, 0xFD, 0xB5, 0xFD,
    0xB5, 0xFC, 0x95, 0xFD, 0xB5, 0xFC, 0x8A, 0xFD, 0xB5, 0xFE, 0xD5, 0xFE, 0xDF, 0x08, 0xFF, 0x81,
    0x94, 0x8A, 0x0A, 0x4A, 0x83, 0x6A, 0x4A, 0x6C, 0x95, 0x02, 0xB5, 0x81, 0xDE, 0xDF, 0x3A, 0xFF,
    0x85, 0xDE, 0xDF, 0x95, 0xB5, 0x6B, 0x6A, 0x03, 0x4A, 0x80, 0x40, 0x02, 0x4A, 0x81, 0x49, 0x20,
    0x02, 0x4A, 0x99, 0x6B, 0x6A, 0xDD, 0xB5, 0xFD, 0xB5, 0xFD, 0xB5, 0xFC, 0x95, 0xFD, 0xAA, 0xFC,
    0x95, 0xFD, 0xB5, 0xFD, 0xB5, 0xDC, 0x95, 0xFD, 0xB5, 0xFC, 0x8A, 0xFD, 0xB5, 0x06, 0xFF, 0x81,
    0xDE, 0xD5, 0x03, 0x4A, 0x82, 0x40, 0xDE, 0xDF, 0x5D, 0xFF, 0x80, 0xF5, 0x04, 0x4A, 0x06, 0xFF,
    0x99, 0xFE, 0xD5, 0xFC, 0x8A, 0xFD, 0xB5, 0xDC, 0x95, 0xFD, 0xAA, 0xFD, 0xB5, 0xDD, 0xB5, 0xFC,
    0x95, 0xFD, 0xB5, 0xFD, 0xAA, 0xFD, 0xB5, 0xFE, 0xDF, 0x94, 0x8A, 0x07, 0x4A, 0x80, 0x40, 0x02,
    0x4A, 0x83, 0x94, 0x8A, 0xB5, 0xBF, 0x4A, 0xFF, 0x02, 0xB5, 0x81, 0x6B, 0x75, 0x03, 0x4A, 0x80,
    0x40, 0x04, 0x4A, 0x97, 0x93, 0x6A, 0xDC, 0x8A, 0xFD, 0xB5, 0xFD, 0xB5, 0xFD, 0xB5, 0xDD, 0xB5,
    0xFC, 0x95, 0xFD, 0xAA, 0xFD, 0xB5, 0xFD, 0xB5, 0xFC, 0x95, 0xFF, 0xF5, 0x04, 0xFF, 0x87, 0xDE,
    0xDF, 0x6A, 0x4A, 0x22, 0x4A, 0xDE, 0xD5, 0x5D, 0xFF, 0x84, 0xF5, 0x21, 0x2A, 0x6B, 0x6A, 0x06,
    0xFF, 0x96, 0xFD, 0xB5, 0xFD, 0xB5, 0xFD, 0xB5, 0xFD, 0xB5, 0xFD, 0xB5, 0xDC, 0x95, 0xFD, 0xB5,
    0xFD, 0xB5, 0xFD, 0xB5, 0xFC, 0x95, 0x94, 0x8A, 0x6A, 0x04, 0x4A, 0x80, 0x40, 0x02, 0x4A, 0x85,
    0x6B, 0x6A, 0xB5, 0xBF, 0xFE, 0xDF, 0x52, 0xFF, 0x83, 0xDE, 0xDF, 0x94, 0x95, 0x03, 0x4A, 0x81,
    0x40, 0x22, 0x03, 0x4A, 0x93, 0x93, 0x6A, 0xDC, 0x95, 0xFD, 0xB5, 0xFD, 0xB5, 0xFD, 0xB5, 0xFC,
    0x95, 0xDD, 0xB5, 0xFD, 0xB5, 0xDC, 0x95, 0xFE, 0xDF, 0x06, 0xFF, 0x85, 0x4B, 0x6A, 0x49, 0x20,
    0xB5, 0xBF, 0x5C, 0xFF, 0x83, 0xDE, 0xD5, 0x4A, 0x40, 0x02, 0x4A, 0x06, 0xFF, 0x92, 0xFD, 0xB5,
    0xFD, 0xB5, 0xDC, 0x95, 0xFD, 0xAA, 0xFC, 0x95, 0xFD, 0xB5, 0xFD, 0xB5, 0xFC, 0x8A, 0xB4, 0x95,
    0x6A, 0x03, 0x4A, 0x81, 0x22, 0x40, 0x02, 0x4A, 0x83, 0x6B, 0x75, 0xDD, 0xB5, 0x5E, 0xFF, 0x84,
    0x94, 0x95, 0x6A, 0x4A, 0x22, 0x05, 0x4A, 0x8F, 0x93, 0x6A, 0xFC, 0x95, 0xFD, 0xB5, 0xFD, 0xAA,
    0xFC, 0x95, 0xFD, 0xB5, 0xFD, 0xAA, 0xFE, 0xD5, 0x06, 0xFF, 0x83, 0x6A, 0x4A, 0x22, 0x40, 0x02,
    0xB5, 0x5C, 0xFF, 0x85, 0xDE, 0xD5, 0x21, 0x2A, 0x6B, 0x6A, 0x06, 0xFF, 0x8F, 0xFD, 0xB5, 0xFD,
    0xAA, 0xFD, 0xB5, 0xFC, 0x95, 0xDD, 0xB5, 0xFD, 0xB5, 0xDC, 0x8A, 0x6B, 0x6A, 0x02, 0x4A, 0x81,
    0x22, 0x40, 0x02, 0x4A, 0x83, 0x93, 0x75, 0xDE, 0xD5, 0x66, 0xFF, 0x83, 0x94, 0x95, 0x4A, 0x40,
    0x04, 0x4A, 0x8D, 0x4B, 0x60, 0xB4, 0x95, 0xFD, 0xB5, 0xFD, 0xB5, 0xDC, 0x95, 0xFD, 0xB5, 0xFD,
    0xB5, 0x06, 0xFF, 0x81, 0x6B, 0x6A, 0x02, 0x4A, 0x81, 0x94, 0x95, 0x5C, 0xFF, 0x85, 0xDE, 0xD5,
    0x21, 0x20, 0x94, 0x95, 0x06, 0xFF, 0x8B, 0xFD, 0xB5, 0xDC, 0x95, 0xFD, 0xB5, 0xFD, 0xB5, 0xFD,
    0xB5, 0xB3, 0x6A, 0x06, 0x4A, 0x83, 0x6B, 0x6A, 0xB5, 0xBF, 0x6E, 0xFF, 0x81, 0x6B, 0x6A, 0x04,
    0x4A, 0x8B, 0x49, 0x2A, 0x93, 0x6A, 0xFD, 0xB5, 0xFD, 0xB5, 0xFC, 0x95, 0xFE, 0xD5, 0x06, 0xFF,
    0x81, 0x6B, 0x6A, 0x02, 0x4A, 0x81, 0x94, 0x95, 0x5C, 0xFF, 0x02, 0xB5, 0x83, 0x4A, 0x40, 0x6B,
    0x75, 0x06, 0xFF, 0x89, 0xFD, 0xB5, 0xFD, 0xB5, 0xFD, 0xB5, 0xDC, 0x8A, 0x6B, 0x6A, 0x06, 0x4A,
    0x81, 0x94, 0x95, 0x74, 0xFF, 0x81, 0xDE, 0xDF, 0x03, 0x4A, 0x8A, 0x40, 0x22, 0x4A, 0x6A, 0x4A,
    0xDD, 0xAA, 0xFD, 0xB5, 0xFD, 0xB5, 0x06, 0xFF, 0x85, 0x94, 0x95, 0x4A, 0x40, 0x93, 0x75, 0x5C,
    0xFF, 0x85, 0xB5, 0xAA, 0x21, 0x2A, 0x94, 0x8A, 0x06, 0xFF, 0x86, 0xFD, 0xAA, 0xFC, 0x95, 0xDC,
    0x8A, 0x6A, 0x05, 0x4A, 0x83, 0x6B, 0x6A, 0xDE, 0xDF, 0x7A, 0xFF, 0x81, 0x94, 0x95, 0x06, 0x4A,
    0x83, 0xB4, 0x95, 0xFD, 0xB5, 0x06, 0xFF, 0x85, 0x94, 0x95, 0x4A, 0x40, 0x6B, 0x75, 0x5C, 0xFF,
    0x81, 0xB5, 0xAA, 0x02, 0x4A, 0x81, 0x94, 0x95, 0x06, 0xFF, 0x83, 0xFC, 0x95, 0xB4, 0x8A, 0x02,
    0x4A, 0x80, 0x22, 0x03, 0x4A, 0x81, 0x94, 0x95, 0x7F, 0xFF, 0x80, 0xFF, 0x02, 0xB5, 0x03, 0x4A,
    0x80, 0x40, 0x02, 0x4A, 0x81, 0xB4, 0x8A, 0x06, 0xFF, 0x02, 0xB5, 0x83, 0x21, 0x2A, 0x6B, 0x6A,
    0x5C, 0xFF, 0x85, 0xB4, 0x8A, 0x22, 0x4A, 0xB4, 0x95, 0x06, 0xFF, 0x81, 0xB3, 0x6A, 0x06, 0x4A,
    0x81, 0xDE, 0xD5, 0x7F, 0xFF, 0x05, 0xFF, 0x82, 0xDE, 0xDF, 0x6A, 0x05, 0x4A, 0x81, 0x94, 0x95,
    0x04, 0xFF, 0x02, 0xB5, 0x83, 0x4A, 0x40, 0x6B, 0x6A, 0x5C, 0xFF, 0x85, 0x94, 0x8A, 0x49, 0x20,
    0x95, 0xB5, 0x04, 0xFF, 0x02, 0xB5, 0x81, 0x22, 0x40, 0x02, 0x4A, 0x83, 0x6B, 0x6A, 0xDE, 0xDF,
    0x7F, 0xFF, 0x09, 0xFF, 0x85, 0xDF, 0xFF, 0x6B, 0x6A, 0x49, 0x20, 0x02, 0x4A, 0x02, 0xB5, 0x02,
    0xFF, 0x02, 0xB5, 0x83, 0x21, 0x2A, 0x6B, 0x6A, 0x5C, 0xFF, 0x83, 0x94, 0x8A, 0x22, 0x4A, 0x02,
    0xB5, 0x02, 0xFF, 0x02, 0xB5, 0x81, 0x49, 0x20, 0x02, 0x4A, 0x83, 0x6B, 0x6A, 0xFE, 0xDF, 0x7F,
    0xFF, 0x0F, 0xFF, 0x81, 0x6B, 0x6A, 0x04, 0x4A, 0x02, 0xB5, 0x85, 0xB6, 0xDF, 0x49, 0x20, 0x4B,
    0x6A, 0x5C, 0xFF, 0x81, 0x94, 0x8A, 0x02, 0x4A, 0x04, 0xB5, 0x85, 0x49, 0x2A, 0x22, 0x4A, 0x6B,
    0x6A, 0x7F, 0xFF, 0x15, 0xFF, 0x81, 0x6B, 0x6A, 0x04, 0x4A, 0x81, 0x93, 0x6A, 0x04, 0x4A, 0x5C,
    0xFF, 0x85, 0x94, 0x8A, 0x49, 0x2A, 0x6B, 0x6A, 0x04, 0x4A, 0x81, 0x6B, 0x6A, 0x7F, 0xFF, 0x19,
    0xFF, 0x81, 0x4B, 0x6A, 0x06, 0x4A, 0x81, 0x6B, 0x6A, 0x5C, 0xFF, 0x81, 0x94, 0x8A, 0x06, 0x4A,
    0x81, 0x6B, 0x6A, 0x7F, 0xFF, 0x1B, 0xFF, 0x83, 0xFE, 0xDF, 0x4A, 0x40, 0x06, 0x4A, 0x5C, 0xFF,
    0x81, 0x94, 0x8A, 0x03, 0x4A, 0x80, 0x40, 0x02, 0x4A, 0x81, 0xDE, 0xDF, 0x7F, 0xFF, 0x1D, 0xFF,
    0x83, 0xDE, 0xDF, 0x4A, 0x40, 0x04, 0x4A, 0x5C, 0xFF, 0x81, 0x94, 0x8A, 0x04, 0x4A, 0x81, 0xB6,
    0xD5, 0x7F, 0xFF, 0x21, 0xFF, 0x02, 0xB5, 0x03, 0x4A, 0x80, 0x40, 0x02, 0xB5, 0x59, 0xFF, 0x82,
    0xF5, 0x4A, 0x40, 0x02, 0x4A, 0x81, 0xB4, 0x95, 0x7F, 0xFF, 0x25, 0xFF, 0x83, 0x6B, 0x6A, 0x49,
    0x2A, 0x02, 0x4A, 0x58, 0xFF, 0x81, 0x94, 0x8A, 0x02, 0x4A, 0x81, 0x6B, 0x6A, 0x7F, 0xFF, 0x27,
    0xFF, 0x81, 0xDF, 0xFF, 0x03, 0x4A, 0x82, 0x40, 0x94, 0x95, 0x55, 0xFF, 0x82, 0xEA, 0x21, 0x2A,
    0x02, 0x4A, 0x81, 0xDE, 0xDF, 0x7F, 0xFF, 0x29, 0xFF, 0x02, 0xB5, 0x85, 0x21, 0x2A, 0x4A, 0x40,
    0xDE, 0xDF, 0x52, 0xFF, 0x81, 0x6B, 0x60, 0x02, 0x4A, 0x81, 0xB4, 0x95, 0x7F, 0xFF, 0x2D, 0xFF,
    0x85, 0x6B, 0x6A, 0x49, 0x2A, 0x6C, 0x8A, 0x50, 0xFF, 0x85, 0xDE, 0xCA, 0x49, 0x2A, 0x4B, 0x6A,
    0x7F, 0xFF, 0x2F, 0xFF, 0x02, 0xB5, 0x04, 0x4A, 0x81, 0xDE, 0xD5, 0x4E, 0xFF, 0x81, 0x6B, 0x60,
    0x02, 0x4A, 0x02, 0xB5, 0x7F, 0xFF, 0x31, 0xFF, 0x85, 0x6B, 0x6A, 0x49, 0x20, 0x94, 0x95, 0x4C,
    0xFF, 0x85, 0xDE, 0xCA, 0x21, 0x2A, 0x6B, 0x6A, 0x2F, 0xFF, 0x84, 0xF5, 0xB5, 0xAA, 0x94, 0x8A,
    0x49, 0xFF, 0x84, 0xF5, 0xB5, 0xAA, 0xDE, 0xD5, 0x30, 0xFF, 0x02, 0xB5, 0x80, 0x22, 0x03, 0x4A,
    0x4C, 0xFF, 0x81, 0x6B, 0x6A, 0x02, 0x4A, 0x81, 0x94, 0x95, 0x30, 0xFF, 0x02, 0x4A, 0x81, 0x21,
    0x20, 0x02, 0x4A, 0x83, 0xB4, 0x8A, 0xFF, 0xF5, 0x3F, 0xFF, 0x88, 0xF5, 0x94, 0x8A, 0x4A, 0x40,
    0x21, 0x20, 0x6B, 0x6A, 0x32, 0xFF, 0x83, 0x6A, 0x4A, 0x21, 0x20, 0x02, 0xB5, 0x49, 0xFF, 0x82,
    0xF5, 0x4A, 0x40, 0x02, 0x4A, 0x32, 0xFF, 0x83, 0xDE, 0xD5, 0x6B, 0x6A, 0x02, 0x4A, 0x80, 0x22,
    0x03, 0x4A, 0x81, 0x94, 0x8A, 0x39, 0xFF, 0x84, 0xF5, 0xB5, 0xAA, 0x4A, 0x40, 0x04, 0x4A, 0x81,
    0x6B, 0x75, 0x34, 0xFF, 0x81, 0x94, 0x8A, 0x02, 0x4A, 0x81, 0x6B, 0x6A, 0x48, 0xFF, 0x81, 0x94,
    0x8A, 0x02, 0x4A, 0x81, 0x6B, 0x6A, 0x36, 0xFF, 0x02, 0xB5, 0x80, 0x6A, 0x04, 0x4A, 0x80, 0x40,
    0x02, 0x4A, 0x81, 0x94, 0x8A, 0x31, 0xFF, 0x84, 0xF5, 0xB5, 0xAA, 0x4A, 0x40, 0x04, 0x4A, 0x83,
    0x6B, 0x75, 0xDE, 0xD5, 0x29, 0xFF, 0x86, 0xF5, 0xFF, 0xF5, 0xB5, 0xAA, 0xDE, 0xD5, 0x06, 0xFF,
    0x83, 0xDE, 0xDF, 0x4A, 0x40, 0x02, 0x4A, 0x81, 0xDE, 0xDF, 0x46, 0xFF, 0x81, 0x6B, 0x6A, 0x02,
    0x4A, 0x02, 0xB5, 0x3A, 0xFF, 0x02, 0xB5, 0x81, 0x4B, 0x6A, 0x03, 0x4A, 0x80, 0x40, 0x02, 0x4A,
    0x81, 0xB6, 0xCA, 0x2A, 0xFF, 0x83, 0xDE, 0xCA, 0x4A, 0x40, 0x04, 0x4A, 0x83, 0x6B, 0x75, 0xDE,
    0xD5, 0x0D, 0xFF, 0x82, 0xF5, 0xFF, 0xF5, 0x03, 0xFF, 0x80, 0xF5, 0x11, 0xFF, 0x86, 0xF5, 0xFF,
    0xF5, 0xB5, 0xAA, 0x94, 0x8A, 0x04, 0x4A, 0x83, 0x21, 0x20, 0x6A, 0x4A, 0x08, 0xFF, 0x03, 0x4A,
    0x80, 0x40, 0x02, 0xB5, 0x45, 0xFF, 0x82, 0xF5, 0x4A, 0x40, 0x02, 0x4A, 0x06, 0xFF, 0x85, 0xDE,
    0xD5, 0x94, 0x95, 0x94, 0x8A, 0x06, 0xB5, 0x85, 0xDE, 0xD5, 0xDE, 0xD5, 0xDE, 0xD5, 0x11, 0xFF,
    0x80, 0xF5, 0x03, 0xFF, 0x82, 0xF5, 0xFF, 0xF5, 0x0E, 0xFF, 0x81, 0xB4, 0x95, 0x06, 0x4A, 0x81,
    0x6A, 0x4A, 0x29, 0xFF, 0x82, 0xF5, 0x6B, 0x6A, 0x06, 0x4A, 0x81, 0xDE, 0xD5, 0x0C, 0xFF, 0x87,
    0xFE, 0xD5, 0xFE, 0xDF, 0xFE, 0xD5, 0xFE, 0xD5, 0x03, 0xFF, 0x80, 0xF5, 0x0B, 0xFF, 0x82, 0xF5,
    0xB5, 0xAA, 0x03, 0x4A, 0x80, 0x40, 0x02, 0x4A, 0x83, 0x49, 0x2A, 0x4A, 0x40, 0x02, 0x4A, 0x81,
    0x6B, 0x75, 0x02, 0xB5, 0x08, 0xFF, 0x85, 0x94, 0x8A, 0x21, 0x2A, 0x94, 0x95, 0x44, 0xFF, 0x02,
    0xB5, 0x83, 0x21, 0x20, 0x94, 0x95, 0x06, 0xFF, 0x02, 0x4A, 0x81, 0x21, 0x20, 0x02, 0x4A, 0x81,
    0x21, 0x20, 0x02, 0x4A, 0x81, 0x21, 0x20, 0x02, 0x4A, 0x85, 0x22, 0x4A, 0x49, 0x20, 0x94, 0x95,
    0x0D, 0xFF, 0x80, 0xF5, 0x02, 0xFF, 0x87, 0xFE, 0xD5, 0xFE, 0xDF, 0xFE, 0xD5, 0xFE, 0xD5, 0x08,
    0xFF, 0x02, 0xB5, 0x03, 0x4A, 0x80, 0x40, 0x04, 0x4A, 0x83, 0x6B, 0x6A, 0xDE, 0xDF, 0x2A, 0xFF,
    0x81, 0xDE, 0xD5, 0x03, 0x4A, 0x80, 0x40, 0x04, 0x4A, 0x83, 0x6B, 0x6A, 0xB5, 0xBF, 0x06, 0xFF,
    0x8F, 0xFE, 0xD5, 0xFE, 0xDF, 0xFE, 0xD5, 0xFE, 0xDF, 0xFE, 0xD5, 0xFE, 0xDF, 0xFE, 0xD5, 0xFF,
    0xF5, 0x08, 0xFF, 0x83, 0xDE, 0xD5, 0x21, 0x20, 0x02, 0x4A, 0x87, 0x6A, 0x4A, 0x6B, 0x75, 0x95,
    0xB5, 0xDE, 0xDF, 0x0E, 0xFF, 0x02, 0xB5, 0x04, 0x4A, 0x44, 0xFF, 0x81, 0x94, 0x8A, 0x02, 0x4A,
    0x81, 0x94, 0x95, 0x06, 0xFF, 0x8A, 0xDE, 0xD5, 0x6B, 0x75, 0x6B, 0x6A, 0x6B, 0x75, 0x6B, 0x6A,
    0x6B, 0x02, 0x6A, 0x82, 0x4A, 0x4B, 0x6A, 0x02, 0x4A, 0x81, 0x94, 0x95, 0x0B, 0xFF, 0x98, 0xF5,
    0xFE, 0xDF, 0xFE, 0xD5, 0xFE, 0xD5, 0xFE, 0xDF, 0xFE, 0xD5, 0xFE, 0xDF, 0xFE, 0xD5, 0xFE, 0xD5,
    0xB4, 0x95, 0x4A, 0x40, 0x22, 0x4A, 0x49, 0x20, 0x02, 0x4A, 0x83, 0x6C, 0x95, 0xDD, 0xB5, 0x32,
    0xFF, 0x02, 0xB5, 0x85, 0x6B, 0x6A, 0x49, 0x2A, 0x22, 0x40, 0x02, 0x4A, 0x81, 0x6A, 0x4A, 0x02,
    0xB5, 0x91, 0xFE, 0xD5, 0xFE, 0xDF, 0xFE, 0xD5, 0xFE, 0xD5, 0xFE, 0xDF, 0xFE, 0xD5, 0xFD, 0xB5,
    0xFE, 0xDF, 0xFE, 0xD5, 0x0A, 0xFF, 0x82, 0xDD, 0xB5, 0xDE, 0x02, 0xDF, 0x15, 0xFF, 0x83, 0xDE,
    0xDF, 0x4A, 0x40, 0x02, 0x4A, 0x81, 0xDE, 0xD5, 0x42, 0xFF, 0x85, 0x6B, 0x60, 0x49, 0x2A, 0xDE,
    0xD5, 0x16, 0xFF, 0x81, 0xFE, 0xDF, 0x0D, 0xFF, 0x8E, 0xF5, 0xFE, 0xDF, 0xFE, 0xD5, 0xFE, 0xDF,
    0xFE, 0xD5, 0xFE, 0xDF, 0xFE, 0xD5, 0xFC, 0x95, 0x02, 0x4A, 0x81, 0x22, 0x40, 0x02, 0x4A, 0x85,
    0x6A, 0x4A, 0x94, 0x95, 0xDE, 0xDF, 0x0C, 0xFF, 0x85, 0xB5, 0xAA, 0x6B, 0x6A, 0xFF, 0xF5, 0x1B,
    0xFF, 0x84, 0xEA, 0x94, 0x8A, 0xDE, 0xD5, 0x08, 0xFF, 0x83, 0xB6, 0xDF, 0x6B, 0x6A, 0x03, 0x4A,
    0x94, 0x40, 0x21, 0x2A, 0x6B, 0x6A, 0xFD, 0xB5, 0xFE, 0xDF, 0xFE, 0xD5, 0xFE, 0xD5, 0xFE, 0xDF,
    0xFE, 0xD5, 0xFE, 0xDF, 0xFE, 0xD5, 0x26, 0xFF, 0x03, 0x4A, 0x82, 0x40, 0xB5, 0xBF, 0x41, 0xFF,
    0x80, 0xF5, 0x04, 0x4A, 0x81, 0xDE, 0xDF, 0x24, 0xFF, 0x8F, 0xFE, 0xD5, 0xFE, 0xD5, 0xFE, 0xDF,
    0xFD, 0xB5, 0xFE, 0xD5, 0xFE, 0xDF, 0xFE, 0xD5, 0xB4, 0x95, 0x04, 0x4A, 0x82, 0xB4, 0x95, 0xDF,
    0x11, 0xFF, 0x83, 0x6B, 0x6A, 0x4A, 0x40, 0x02, 0xB5, 0x0D, 0xFF, 0x80, 0xF5, 0x0C, 0xFF, 0x83,
    0xB5, 0xAA, 0x21, 0x20, 0x02, 0xB5, 0x0C, 0xFF, 0x83, 0xDE, 0xDF, 0x93, 0x6A, 0x04, 0x4A, 0x8F,
    0xDE, 0xD5, 0xFE, 0xDF, 0xFE, 0xD5, 0xFD, 0xBF, 0xFE, 0xD5, 0xFE, 0xDF, 0xFE, 0xD5, 0xFD, 0xB5,
    0x26, 0xFF, 0x83, 0x6B, 0x6A, 0x21, 0x2A, 0x02, 0xB5, 0x41, 0xFF, 0x84, 0xF5, 0x21, 0x2A, 0x6B,
    0x6A, 0x26, 0xFF, 0x91, 0xFE, 0xD5, 0xFE, 0xDF, 0xFE, 0xD5, 0xFE, 0xDF, 0xFE, 0xD5, 0xFE, 0xDF,
    0xFE, 0xD5, 0xFE, 0xDF, 0xDD, 0xB5, 0x16, 0xFF, 0x85, 0x95, 0xB5, 0x49, 0x2A, 0x6B, 0x6A, 0x0A,
    0xFF, 0x85, 0xDE, 0xCA, 0x6B, 0x60, 0xFF, 0xF5, 0x0A, 0xFF, 0x81, 0x6C, 0x8A, 0x02, 0x4A, 0x81,
    0xDD, 0xBF, 0x10, 0xFF, 0x93, 0xDF, 0xFF, 0xDD, 0xB5, 0xFE, 0xDF, 0xFE, 0xD5, 0xFE, 0xDF, 0xFE,
    0xD5, 0xFE, 0xDF, 0xFE, 0xD5, 0xFE, 0xDF, 0xFE, 0xD5, 0x26, 0xFF, 0x85, 0x6B, 0x6A, 0x4A, 0x40,
    0x94, 0x95, 0x40, 0xFF, 0x02, 0xB5, 0x83, 0x4A, 0x40, 0x6B, 0x6A, 0x26, 0xFF, 0x91, 0xFE, 0xD5,
    0xFE, 0xDF, 0xFE, 0xD5, 0xFE, 0xD5, 0xFD, 0xBF, 0xFE, 0xD5, 0xFE, 0xD5, 0xFE, 0xD5, 0xFE, 0xDF,
    0x16, 0xFF, 0x81, 0xDE, 0xD5, 0x04, 0x4A, 0x83, 0x94, 0x95, 0xFF, 0xF5, 0x04, 0xFF, 0x81, 0xDE,
    0xCA, 0x06, 0x4A, 0x81, 0xDE, 0xD5, 0x05, 0xFF, 0x86, 0xF5, 0x94, 0x8A, 0x49, 0x20, 0x6B, 0x6A,
    0x16, 0xFF, 0x8F, 0xFE, 0xD5, 0xFE, 0xDF, 0xFE, 0xD5, 0xFE, 0xD5, 0xFE, 0xD5, 0xFD, 0xBF, 0xFE,
    0xD5, 0xFE, 0xDF, 0x26, 0xFF, 0x85, 0x94, 0x95, 0x21, 0x20, 0x94, 0x95, 0x40, 0xFF, 0x02, 0xB5,
    0x83, 0x21, 0x2A, 0x94, 0x95, 0x1A, 0xFF, 0x82, 0xDE, 0xD5, 0xDF, 0x0B, 0xFF, 0x8D, 0xFE, 0xD5,
    0xFE, 0xDF, 0xFE, 0xD5, 0xFE, 0xDF, 0xFE, 0xD5, 0xFD, 0xBF, 0xFE, 0xD5, 0x1A, 0xFF, 0x02, 0xB5,
    0x81, 0x4A, 0x40, 0x03, 0x4A, 0x86, 0x40, 0x6B, 0x6A, 0x6B, 0x6A, 0x21, 0x20, 0x02, 0x4A, 0x80,
    0x6A, 0x04, 0x4A, 0x86, 0x40, 0x6C, 0x8A, 0x6B, 0x6A, 0x4A, 0x40, 0x04, 0x4A, 0x81, 0xDE, 0xDF,
    0x18, 0xFF, 0x8B, 0xFE, 0xD5, 0xFE, 0xDF, 0xFE, 0xDF, 0xFE, 0xD5, 0xFE, 0xD5, 0xFE, 0xDF, 0x0B,
    0xFF, 0x86, 0xF5, 0x93, 0x6A, 0x94, 0x8A, 0x94, 0x8A, 0x02, 0xB5, 0x83, 0xDE, 0xD5, 0xFE, 0xD5,
    0x10, 0xFF, 0x02, 0xB5, 0x83, 0x49, 0x20, 0x6C, 0x95, 0x40, 0xFF, 0x85, 0xB5, 0xAA, 0x49, 0x20,
    0x6C, 0x95, 0x14, 0xFF, 0x89, 0xDE, 0xD5, 0x94, 0x95, 0x4A, 0x40, 0x21, 0x2A, 0x6B, 0x6A, 0x0A,
    0xFF, 0x8B, 0xFE, 0xDF, 0xFE, 0xD5, 0xFE, 0xDF, 0xFD, 0xB5, 0xFE, 0xD5, 0xFE, 0xDF, 0x1C, 0xFF,
    0x81, 0xDE, 0xDF, 0x04, 0x4A, 0x83, 0x22, 0x4A, 0x49, 0x2A, 0x02, 0x4A, 0x87, 0x6B, 0x6A, 0xB4,
    0x95, 0xDC, 0x95, 0x93, 0x6A, 0x0A, 0x4A, 0x81, 0x6B, 0x6A, 0x1E, 0xFF, 0x83, 0xFE, 0xDF, 0xFE,
    0xDF, 0x0E, 0xFF, 0x85, 0xFE, 0xD5, 0x21, 0x2A, 0x49, 0x20, 0x02, 0x4A, 0x82, 0x49, 0x20, 0x22,
    0x04, 0x4A, 0x84, 0x40, 0x6B, 0x6A, 0x94, 0x8A, 0x02, 0xB5, 0x08, 0xFF, 0x85, 0x95, 0xB5, 0x49,
    0x20, 0x6B, 0x75, 0x40, 0xFF, 0x02, 0xB5, 0x83, 0x21, 0x2A, 0x94, 0x8A, 0x10, 0xFF, 0x83, 0x94,
    0x8A, 0x6B, 0x6A, 0x02, 0x4A, 0x81, 0x49, 0x20, 0x04, 0x4A, 0x81, 0x94, 0x8A, 0x10, 0xFF, 0x81,
    0xFE, 0xDF, 0x20, 0xFF, 0x9B, 0xDE, 0xD5, 0x21, 0x20, 0x6A, 0x4A, 0xB4, 0x8A, 0xB4, 0x95, 0xB4,
    0x8A, 0xDC, 0x95, 0xFD, 0xB5, 0xFD, 0xB5, 0xFD, 0xB5, 0xDC, 0x95, 0xB4, 0x8A, 0xB3, 0x6A, 0x93,
    0x6A, 0x04, 0x4A, 0x32, 0xFF, 0x87, 0xDD, 0xB5, 0x95, 0xB5, 0x6B, 0x75, 0x6B, 0x6A, 0x08, 0x4A,
    0x83, 0x21, 0x2A, 0x6B, 0x6A, 0x08, 0xFF, 0x02, 0xB5, 0x83, 0x22, 0x40, 0x93, 0x75, 0x40, 0xFF,
    0x85, 0xB5, 0xAA, 0x21, 0x2A, 0x94, 0x8A, 0x0A, 0xFF, 0x85, 0xDE, 0xD5, 0x6B, 0x6A, 0x4A, 0x40,
    0x02, 0x4A, 0x81, 0x49, 0x2A, 0x02, 0x4A, 0x85, 0x6B, 0x6A, 0x95, 0xB5, 0xDE, 0xDF, 0x34, 0xFF,
    0x9B, 0xDE, 0xD5, 0x22, 0x4A, 0x6A, 0x4A, 0xFD, 0xB5, 0xFD, 0xB5, 0xFD, 0xB5, 0xFD, 0xB5, 0xFC,
    0x95, 0xFD, 0xAA, 0xFD, 0xB5, 0xFD, 0xB5, 0xFD, 0xB5, 0xFD, 0xB5, 0xDC, 0x95, 0x04, 0x4A, 0x81,
    0xDE, 0xD5, 0x3A, 0xFF, 0x81, 0xDE, 0xDF, 0x02, 0xB5, 0x85, 0x94, 0x95, 0x94, 0x8A, 0x94, 0x95,
    0x08, 0xFF, 0x85, 0xB4, 0x95, 0x22, 0x40, 0x6B, 0x6A, 0x40, 0xFF, 0x02, 0xB5, 0x83, 0x21, 0x20,
    0x94, 0x95, 0x0A, 0xFF, 0x83, 0x4A, 0x40, 0x21, 0x2A, 0x04, 0x4A, 0x83, 0x95, 0xB5, 0xDE, 0xDF,
    0x3A, 0xFF, 0x9B, 0xDD, 0xB5, 0x22, 0x4A, 0x6A, 0x4A, 0xFD, 0xB5, 0xFD, 0xB5, 0xFC, 0x95, 0xFD,
    0xB5, 0xFD, 0xB5, 0xDD, 0xB5, 0xFC, 0x95, 0xFD, 0xB5, 0xFC, 0x95, 0xFD, 0xB5, 0xDC, 0x8A, 0x02,
    0x4A, 0x83, 0x6B, 0x6A, 0xDE, 0xDF, 0x4C, 0xFF, 0x02, 0xB5, 0x83, 0x49, 0x2A, 0x6C, 0x8A, 0x40,
    0xFF, 0x02, 0xB5, 0x83, 0x21, 0x20, 0x94, 0x95, 0x0A, 0xFF, 0x85, 0x94, 0x95, 0x93, 0x6A, 0xDE,
    0xDF, 0x40, 0xFF, 0x83, 0xDE, 0xDF, 0x4A, 0x40, 0x02, 0x4A, 0x95, 0xFD, 0xB5, 0xFD, 0xB5, 0xDD,
    0xAA, 0xFC, 0x95, 0xFD, 0xB5, 0xFC, 0x8A, 0xFD, 0xB5, 0xDD, 0xB5, 0xFD, 0xAA, 0xFD, 0xB5, 0xDC,
    0x95, 0x04, 0x4A, 0x32, 0xFF, 0x81, 0xFE, 0xD5, 0x1A, 0xFF, 0x81, 0x94, 0x8A, 0x02, 0x4A, 0x81,
    0x6B, 0x6A, 0x40, 0xFF, 0x02, 0xB5, 0x83, 0x49, 0x20, 0x6B, 0x75, 0x1C, 0xFF, 0x85, 0x94, 0x95,
    0x6B, 0x6A, 0xDE, 0xD5, 0x2E, 0xFF, 0x83, 0xDF, 0xF5, 0x49, 0x2A, 0x02, 0x4A, 0x99, 0xFD, 0xB5,
    0xFC, 0x95, 0xFD, 0xB5, 0xFD, 0xB5, 0xDD, 0xB5, 0xFD, 0xB5, 0xFD, 0xB5, 0xFC, 0x95, 0xFD, 0xB5,
    0xFD, 0xB5, 0xB3, 0x6A, 0x22, 0x4A, 0x6B, 0x6A, 0x2F, 0xFF, 0x88, 0xF5, 0x6B, 0x6A, 0x49, 0x2A,
    0x6C, 0x8A, 0xFE, 0xDF, 0x16, 0xFF, 0x85, 0x94, 0x95, 0x21, 0x20, 0x94, 0x95, 0x40, 0xFF, 0x85,
    0xDE, 0xD5, 0x22, 0x4A, 0x6B, 0x6A, 0x1A, 0xFF, 0x83, 0x94, 0x8A, 0x49, 0x20, 0x02, 0x4A, 0x02,
    0xB5, 0x30, 0xFF, 0x03, 0x4A, 0x9A, 0x40, 0xB4, 0x95, 0xFD, 0xB5, 0xFD, 0xB5, 0xFC, 0x8A, 0xFD,
    0xB5, 0xFC, 0x95, 0xDD, 0xAA, 0xFD, 0xB5, 0xFC, 0x95, 0xFD, 0xB5, 0x93, 0x6A, 0x22, 0x4A, 0x93,
    0x6A, 0x30, 0xFF, 0x85, 0x94, 0x95, 0x4A, 0x40, 0x21, 0x2A, 0x02, 0x4A, 0x81, 0x95, 0xB5, 0x14,
    0xFF, 0x85, 0x94, 0x8A, 0x22, 0x4A, 0x94, 0x95, 0x40, 0xFF, 0x81, 0xDE, 0xD5, 0x04, 0x4A, 0x81,
    0xDE, 0xDF, 0x16, 0xFF, 0x81, 0x6B, 0x6A, 0x02, 0x4A, 0x83, 0x22, 0x4A, 0x93, 0x6A, 0x32, 0xFF,
    0x97, 0x94, 0x8A, 0x21, 0x2A, 0xB3, 0x6A, 0xFD, 0xB5, 0xFD, 0xB5, 0xDD, 0xB5, 0xFC, 0x95, 0xFD,
    0xB5, 0xFD, 0xB5, 0xFC, 0x95, 0xDD, 0xB5, 0xFD, 0xB5, 0x03, 0x4A, 0x82, 0x40, 0xB5, 0xBF, 0x32,
    0xFF, 0x02, 0xB5, 0x80, 0x6A, 0x02, 0x4A, 0x86, 0x40, 0x49, 0x2A, 0x6B, 0x6A, 0xDD, 0xB5, 0x10,
    0xFF, 0x85, 0x6B, 0x6A, 0x49, 0x2A, 0x94, 0x95, 0x42, 0xFF, 0x81, 0x4A, 0x40, 0x02, 0x4A, 0x81,
    0xDE, 0xD5, 0x13, 0xFF, 0x80, 0xF5, 0x03, 0x4A, 0x80, 0x40, 0x02, 0x4A, 0x81, 0x94, 0x95, 0x34,
    0xFF, 0x02, 0xB5, 0x04, 0x4A, 0x91, 0xFD, 0xB5, 0xFC, 0x95, 0xFD, 0xAA, 0xFD, 0xB5, 0xDC, 0x95,
    0xFD, 0xB5, 0xFD, 0xAA, 0xFD, 0xB5, 0xB3, 0x6A, 0x04, 0x4A, 0x81, 0xDE, 0xD5, 0x36, 0xFF, 0x84,
    0x6C, 0x95, 0x4A, 0x40, 0x22, 0x02, 0x4A, 0x82, 0x40, 0x94, 0x95, 0x0E, 0xFF, 0x83, 0x6B, 0x6A,
    0x4A, 0x40, 0x02, 0xB5, 0x42, 0xFF, 0x83, 0x6B, 0x6A, 0x49, 0x2A, 0x02, 0xB5, 0x10, 0xFF, 0x81,
    0xDE, 0xDF, 0x06, 0x4A, 0x81, 0xB4, 0x95, 0x38, 0xFF, 0x03, 0x4A, 0x96, 0x40, 0x93, 0x6A, 0xFD,
    0xB5, 0xFD, 0xB5, 0xDC, 0x95, 0xFD, 0xB5, 0xFD, 0xB5, 0xFC, 0x95, 0xDD, 0xB5, 0x6A, 0x4A, 0x22,
    0x40, 0x93, 0x75, 0x3A, 0xFF, 0x89, 0xDE, 0xDF, 0x6B, 0x6A, 0x49, 0x2A, 0x22, 0x40, 0xDE, 0xDF,
    0x0A, 0xFF, 0x81, 0xDE, 0xD5, 0x04, 0x4A, 0x81, 0xDE, 0xDF, 0x42, 0xFF, 0x85, 0x94, 0x8A, 0x22,
    0x40, 0x93, 0x75, 0x10, 0xFF, 0x83, 0x6B, 0x6A, 0x4A, 0x40, 0x02, 0x4A, 0x02, 0xB5, 0x3A, 0xFF,
    0x02, 0xB5, 0x80, 0x22, 0x03, 0x4A, 0x8D, 0xB4, 0x95, 0xFD, 0xB5, 0xFD, 0xB5, 0xFD, 0xAA, 0xFD,
    0xB5, 0xFD, 0xB5, 0x93, 0x6A, 0x04, 0x4A, 0x81, 0xDE, 0xDF, 0x3E, 0xFF, 0x04, 0xB5, 0x0C, 0xFF,
    0x83, 0xDE, 0xD5, 0x21, 0x2A, 0x02, 0x4A, 0x44, 0xFF, 0x85, 0xDD, 0xB5, 0x22, 0x4A, 0x6B, 0x6A,
    0x10, 0xFF, 0x85, 0x94, 0x8A, 0x6B, 0x75, 0xDE, 0xD5, 0x3E, 0xFF, 0x83, 0x93, 0x6A, 0x4A, 0x40,
    0x02, 0x4A, 0x8A, 0xB3, 0x6A, 0xFD, 0xB5, 0xFC, 0x95, 0xDC, 0x95, 0x93, 0x6A, 0x22, 0x02, 0x4A,
    0x82, 0x40, 0x94, 0x95, 0x50, 0xFF, 0x85, 0x94, 0x95, 0x4A, 0x40, 0x6B, 0x6A, 0x46, 0xFF, 0x85,
    0x4A, 0x40, 0x49, 0x2A, 0xB6, 0xD5, 0x54, 0xFF, 0x08, 0x4A, 0x81, 0x6B, 0x6A, 0x03, 0x4A, 0x80,
    0x40, 0x02, 0x4A, 0x81, 0x94, 0x95, 0x52, 0xFF, 0x81, 0x6B, 0x6A, 0x02, 0x4A, 0x81, 0x94, 0x95,
    0x46, 0xFF, 0x81, 0x6B, 0x6A, 0x02, 0x4A, 0x81, 0x6B, 0x6A, 0x56, 0xFF, 0x83, 0x94, 0x95, 0x4A,
    0x40, 0x02, 0x4A, 0x81, 0x22, 0x40, 0x02, 0x4A, 0x81, 0x6A, 0x4A, 0x02, 0xB5, 0x53, 0xFF, 0x80,
    0xF5, 0x03, 0x4A, 0x82, 0x40, 0xDD, 0xBF, 0x46, 0xFF, 0x87, 0xB6, 0xD5, 0x49, 0x2A, 0x4B, 0x6A,
    0xFE, 0xDF, 0x58, 0xFF, 0x81, 0xB5, 0xBF, 0x02, 0xB5, 0x80, 0xDE, 0x02, 0xDF, 0x55, 0xFF, 0x85,
    0xB4, 0x95, 0x22, 0x4A, 0x6A, 0x4A, 0x4A, 0xFF, 0x03, 0x4A, 0x82, 0x40, 0x94, 0x95, 0x7F, 0xFF,
    0x35, 0xFF, 0x85, 0x6B, 0x6A, 0x21, 0x20, 0x94, 0x95, 0x4A, 0xFF, 0x02, 0xB5, 0x83, 0x21, 0x20,
    0x6B, 0x6A, 0x7F, 0xFF, 0x33, 0xFF, 0x02, 0xB5, 0x04, 0x4A, 0x81, 0xDE, 0xDF, 0x4C, 0xFF, 0x04,
    0x4A, 0x81, 0x94, 0x8A, 0x7F, 0xFF, 0x31, 0xFF, 0x85, 0x6B, 0x6A, 0x4A, 0x40, 0x6B, 0x6A, 0x4E,
    0xFF, 0x02, 0xB5, 0x81, 0x21, 0x20, 0x02, 0x4A, 0x81, 0xDE, 0xDF, 0x7F, 0xFF, 0x2D, 0xFF, 0x02,
    0xB5, 0x81, 0x4A, 0x40, 0x02, 0x4A, 0x81, 0xDE, 0xDF, 0x50, 0xFF, 0x85, 0x6B, 0x6A, 0x49, 0x2A,
    0x6B, 0x6A, 0x7F, 0xFF, 0x2C, 0xFF, 0x80, 0xF5, 0x04, 0x4A, 0x81, 0x94, 0x95, 0x52, 0xFF, 0x81,
    0xDE, 0xD5, 0x02, 0x4A, 0x83, 0x22, 0x40, 0x94, 0x95, 0x7F, 0xFF, 0x29, 0xFF, 0x87, 0x94, 0x8A,
    0x49, 0x2A, 0x4B, 0x6A, 0xFE, 0xDF, 0x54, 0xFF, 0x02, 0xB5, 0x83, 0x49, 0x2A, 0x4A, 0x40, 0x02,
    0xB5, 0x7F, 0xFF, 0x25, 0xFF, 0x82, 0xDD, 0xAA, 0x22, 0x02, 0x4A, 0x82, 0x40, 0xB5, 0xBF, 0x4B,
    0xFF, 0x80, 0xF5, 0x0C, 0xFF, 0x83, 0x94, 0x8A, 0x21, 0x2A, 0x02, 0x4A, 0x02, 0xB5, 0x7F, 0xFF,
    0x22, 0xFF, 0x80, 0xF5, 0x04, 0x4A, 0x81, 0x94, 0x95, 0x49, 0xFF, 0x8C, 0xF5, 0x94, 0x8A, 0x6B,
    0x6A, 0x6B, 0x60, 0x6B, 0x6A, 0xB5, 0xAA, 0xDE, 0xDF, 0x06, 0xFF, 0x81, 0x6B, 0x6A, 0x03, 0x4A,
    0x80, 0x40, 0x02, 0xB5, 0x7F, 0xFF, 0x1D, 0xFF, 0x87, 0xFE, 0xCA, 0x22, 0x4A, 0x49, 0x20, 0x6B,
    0x75, 0x4A, 0xFF, 0x81, 0x4A, 0x40, 0x06, 0x4A, 0x83, 0x21, 0x2A, 0x4A, 0x40, 0x02, 0x4A, 0x81,
    0x6A, 0x4A, 0x02, 0xB5, 0x04, 0xFF, 0x06, 0x4A, 0x02, 0xB5, 0x7F, 0xFF, 0x1A, 0xFF, 0x82, 0xF5,
    0x4A, 0x40, 0x02, 0x4A, 0x81, 0x6B, 0x6A, 0x4A, 0xFF, 0x8D, 0xDE, 0xD5, 0x21, 0x20, 0x6B, 0x6A,
    0xDD, 0xBF, 0xDE, 0xD5, 0x94, 0x95, 0x6B, 0x6A, 0x02, 0x4A, 0x81, 0x22, 0x40, 0x04, 0x4A, 0x81,
    0xDE, 0xDF, 0x02, 0xFF, 0x83, 0x6B, 0x6A, 0x21, 0x20, 0x02, 0x4A, 0x81, 0x94, 0x8A, 0x7F, 0xFF,
    0x15, 0xFF, 0x83, 0xDE, 0xCA, 0x21, 0x20, 0x02, 0x4A, 0x81, 0x6B, 0x75, 0x4C, 0xFF, 0x02, 0xB5,
    0x83, 0x4A, 0x40, 0x6B, 0x75, 0x08, 0xFF, 0x83, 0xDE, 0xDF, 0x6B, 0x6A, 0x03, 0x4A, 0x80, 0x40,
    0x02, 0x4A, 0x81, 0x94, 0x95, 0x02, 0xFF, 0x83, 0x94, 0x95, 0x22, 0x40, 0x02, 0x4A, 0x81, 0x6B,
    0x6A, 0x35, 0xFF, 0x80, 0xF5, 0x59, 0xFF, 0x82, 0xF5, 0x94, 0x8A, 0x04, 0x4A, 0x81, 0x93, 0x6A,
    0x4E, 0xFF, 0x83, 0xDE, 0xD5, 0x21, 0x2A, 0x02, 0x4A, 0x0C, 0xFF, 0x82, 0xDE, 0xDF, 0x6A, 0x02,
    0x4A, 0x80, 0x40, 0x02, 0x4A, 0x81, 0x94, 0x8A, 0x02, 0xFF, 0x81, 0x94, 0x95, 0x02, 0x4A, 0x81,
    0x49, 0x20, 0x02, 0x4A, 0x81, 0xB5, 0xAA, 0x29, 0xFF, 0x8E, 0xF5, 0xFF, 0xF5, 0xDD, 0xAA, 0x94,
    0x8A, 0x94, 0x8A, 0xB5, 0xAA, 0xDE, 0xD5, 0xFF, 0xF5, 0x19, 0xFF, 0x8C, 0xF5, 0xB5, 0xAA, 0x94,
    0x8A, 0x6B, 0x6A, 0x6B, 0x60, 0x94, 0x8A, 0xDE, 0xD5, 0x29, 0xFF, 0x84, 0xF5, 0xFF, 0xF5, 0x6A,
    0x40, 0x03, 0x4A, 0x82, 0x40, 0x94, 0x95, 0x52, 0xFF, 0x81, 0x4A, 0x40, 0x02, 0x4A, 0x81, 0x94,
    0x8A, 0x0E, 0xFF, 0x87, 0x6B, 0x75, 0x4A, 0x40, 0x21, 0x2A, 0x94, 0x95, 0x02, 0xFF, 0x81, 0xDE,
    0xDF, 0x04, 0x4A, 0x85, 0x21, 0x2A, 0x6B, 0x6A, 0xDE, 0xD5, 0x23, 0xFF, 0x85, 0xEA, 0x93, 0x6A,
    0x4A, 0x40, 0x22, 0x02, 0x4A, 0x80, 0x40, 0x02, 0x4A, 0x81, 0x21, 0x20, 0x02, 0x4A, 0x83, 0x6A,
    0x4A, 0xB5, 0xAA, 0x13, 0xFF, 0x82, 0xF5, 0xB5, 0xAA, 0x04, 0x4A, 0x81, 0x21, 0x20, 0x04, 0x4A,
    0x87, 0x49, 0x2A, 0x22, 0x40, 0x6B, 0x6A, 0xDD, 0xB5, 0x23, 0xFF, 0x8A, 0xF5, 0x94, 0x8A, 0x4A,
    0x40, 0x22, 0x4A, 0x6B, 0x6A, 0xDD, 0xBF, 0x54, 0xFF, 0x02, 0xB5, 0x81, 0x21, 0x20, 0x02, 0x4A,
    0x81, 0xDE, 0xDF, 0x0E, 0xFF, 0x81, 0x94, 0x95, 0x03, 0x4A, 0x82, 0x40, 0x94, 0x95, 0x04, 0xFF,
    0x81, 0x94, 0x8A, 0x03, 0x4A, 0x80, 0x40, 0x02, 0x4A, 0x83, 0x6B, 0x6A, 0xDE, 0xD5, 0x1B, 0xFF,
    0x82, 0xF5, 0xB5, 0xAA, 0x04, 0x4A, 0x87, 0x6B, 0x6A, 0xB4, 0x95, 0xDE, 0xDF, 0xDE, 0xDF, 0x02,
    0xB5, 0x81, 0x6B, 0x6A, 0x03, 0x4A, 0x84, 0x40, 0x6B, 0x6A, 0xFE, 0xD5, 0x0D, 0xFF, 0x84, 0xF5,
    0x6B, 0x6A, 0x49, 0x20, 0x02, 0x4A, 0x81, 0x94, 0x95, 0x02, 0xB5, 0x88, 0xDE, 0xDF, 0xDE, 0xD5,
    0x94, 0x95, 0x6A, 0x4A, 0x22, 0x02, 0x4A, 0x82, 0x40, 0x6C, 0x8A, 0x1B, 0xFF, 0x84, 0xF5, 0xFF,
    0xF5, 0x94, 0x80, 0x03, 0x4A, 0x80, 0x40, 0x02, 0x4A, 0x81, 0x94, 0x95, 0x5A, 0xFF, 0x81, 0x6B,
    0x6A, 0x04, 0x4A, 0x80, 0xDF, 0x0F, 0xFF, 0x85, 0x94, 0x8A, 0x21, 0x2A, 0x4A, 0x40, 0x02, 0xB5,
    0x04, 0xFF, 0x83, 0xDE, 0xDF, 0x6B, 0x6A, 0x05, 0x4A, 0x84, 0x40, 0x94, 0x8A, 0xDE, 0xD5, 0x15,
    0xFF, 0x84, 0xF5, 0x6B, 0x60, 0x49, 0x2A, 0x02, 0x4A, 0x81, 0x95, 0xB5, 0x0C, 0xFF, 0x81, 0xDE,
    0xDF, 0x05, 0x4A, 0x82, 0x40, 0xB6, 0xD5, 0x09, 0xFF, 0x80, 0xEA, 0x03, 0x4A, 0x84, 0x40, 0x6B,
    0x75, 0xDE, 0xDF, 0x0C, 0xFF, 0x81, 0x94, 0x95, 0x02, 0x4A, 0x85, 0x49, 0x20, 0x6B, 0x6A, 0xDE,
    0xD5, 0x13, 0xFF, 0x84, 0xF5, 0xFF, 0xF5, 0x6B, 0x6A, 0x06, 0x4A, 0x83, 0x93, 0x75, 0xDE, 0xDF,
    0x5C, 0xFF, 0x83, 0xDE, 0xDF, 0x4A, 0x40, 0x02, 0x4A, 0x81, 0x6B, 0x6A, 0x10, 0xFF, 0x81, 0x6B,
    0x6A, 0x04, 0x4A, 0x08, 0xFF, 0x02, 0xB5, 0x81, 0x6B, 0x6A, 0x02, 0x4A, 0x81, 0x21, 0x2A, 0x02,
    0x4A, 0x83, 0x6B, 0x6A, 0xB5, 0xAA, 0x0F, 0xFF, 0x80, 0xEA, 0x04, 0x4A, 0x83, 0x6B, 0x6A, 0xDE,
    0xDF, 0x12, 0xFF, 0x87, 0x6B, 0x6A, 0x21, 0x2A, 0x6A, 0x4A, 0xDE, 0xD5, 0x05, 0xFF, 0x80, 0xF5,
    0x02, 0x4A, 0x83, 0x49, 0x2A, 0x6C, 0x95, 0x12, 0xFF, 0x87, 0xDE, 0xDF, 0x6B, 0x6A, 0x21, 0x2A,
    0x4A, 0x40, 0x02, 0xB5, 0x0D, 0xFF, 0x88, 0xF5, 0xB5, 0xAA, 0x6B, 0x60, 0x21, 0x2A, 0x4A, 0x40,
    0x02, 0x4A, 0x83, 0x94, 0x8A, 0xDE, 0xDF, 0x62, 0xFF, 0x02, 0xB5, 0x02, 0x4A, 0x85, 0x49, 0x20,
    0x6B, 0x6A, 0xDE, 0xDF, 0x0E, 0xFF, 0x02, 0x4A, 0x83, 0x49, 0x2A, 0x6B, 0x6A, 0x0A, 0xFF, 0x83,
    0xDD, 0xBF, 0x6C, 0x8A, 0x04, 0x4A, 0x81, 0x21, 0x20, 0x02, 0x4A, 0x81, 0x6B, 0x60, 0x02, 0xB5,
    0x81, 0xFF, 0xF5, 0x04, 0xFF, 0x87, 0xDE, 0xCA, 0x49, 0x2A, 0x4A, 0x40, 0x94, 0x95, 0x18, 0xFF,
    0x85, 0x6B, 0x6A, 0x22, 0x40, 0x6A, 0x4A, 0x03, 0xFF, 0x80, 0xF5, 0x02, 0x4A, 0x83, 0x22, 0x40,
    0x94, 0x95, 0x18, 0xFF, 0x81, 0x94, 0x8A, 0x04, 0x4A, 0x81, 0xB5, 0xAA, 0x09, 0xFF, 0x82, 0xF5,
    0x6B, 0x60, 0x04, 0x4A, 0x85, 0x6B, 0x6A, 0x94, 0x95, 0xDE, 0xDF, 0x68, 0xFF, 0x02, 0xB5, 0x02,
    0x4A, 0x85, 0x22, 0x4A, 0x6A, 0x40, 0xDE, 0xDF, 0x0C, 0xFF, 0x02, 0xB5, 0x81, 0x22, 0x40, 0x02,
    0x4A, 0x81, 0xDE, 0xDF, 0x0C, 0xFF, 0x81, 0x94, 0x8A, 0x08, 0x4A, 0x81, 0x49, 0x20, 0x02, 0x4A,
    0x83, 0x6B, 0x60, 0x93, 0x6A, 0x04, 0x4A, 0x81, 0x94, 0x95, 0x1C, 0xFF, 0x8B, 0x6A, 0x4A, 0x22,
    0x4A, 0x6B, 0x6A, 0x6B, 0x6A, 0x49, 0x2A, 0x6B, 0x6A, 0x1C, 0xFF, 0x83, 0x94, 0x95, 0x4A, 0x40,
    0x02, 0x4A, 0x02, 0xB5, 0x08, 0xFF, 0x85, 0x93, 0x6A, 0x22, 0x4A, 0x6B, 0x6A, 0x70, 0xFF, 0x81,
    0xDD, 0xB5, 0x06, 0x4A, 0x81, 0xDE, 0xD5, 0x0C, 0xFF, 0x85, 0x6B, 0x6A, 0x49, 0x2A, 0x6B, 0x6A,
    0x0C, 0xFF, 0x8B, 0x6B, 0x6A, 0x49, 0x2A, 0x94, 0x95, 0xDE, 0xDF, 0x95, 0xB5, 0x6B, 0x6A, 0x04,
    0x4A, 0x80, 0x22, 0x03, 0x4A, 0x02, 0xB5, 0x1E, 0xFF, 0x83, 0xDE, 0xDF, 0x4A, 0x40, 0x06, 0x4A,
    0x81, 0xDE, 0xDF, 0x1E, 0xFF, 0x81, 0x94, 0x95, 0x03, 0x4A, 0x80, 0x40, 0x02, 0xB5, 0x06, 0xFF,
    0x81, 0xDE, 0xD5, 0x04, 0x4A, 0x81, 0xDE, 0xDF, 0x70, 0xFF, 0x83, 0xDE, 0xDF, 0x4A, 0x40, 0x02,
    0x4A, 0x83, 0x6B, 0x6A, 0xDE, 0xDF, 0x0A, 0xFF, 0x02, 0xB5, 0x04, 0x4A, 0x81, 0xDE, 0xDF, 0x08,
    0xFF, 0x81, 0xDE, 0xDF, 0x03, 0x4A, 0x82, 0x40, 0xB6, 0xDF, 0x06, 0xFF, 0x02, 0xB5, 0x03, 0x4A,
    0x82, 0x40, 0x94, 0x95, 0x22, 0xFF, 0x83, 0x6B, 0x75, 0x4A, 0x40, 0x02, 0x4A, 0x81, 0x94, 0x95,
    0x22, 0xFF, 0x81, 0x94, 0x95, 0x03, 0x4A, 0x80, 0x40, 0x08, 0xFF, 0x02, 0x4A, 0x81, 0x49, 0x20,
    0x02, 0xB5, 0x72, 0xFF, 0x83, 0xDE, 0xDF, 0x4A, 0x40, 0x02, 0x4A, 0x81, 0x6B, 0x6A, 0x0C, 0xFF,
    0x03, 0x4A, 0x82, 0x40, 0x94, 0x95, 0x08, 0xFF, 0x02, 0xB5, 0x81, 0x4A, 0x40, 0x02, 0x4A, 0x81,
    0xFE, 0xDF, 0x06, 0xFF, 0x85, 0xDE, 0xD5, 0x6B, 0x6A, 0xB4, 0x9F, 0x24, 0xFF, 0x02, 0xB5, 0x04,
    0x4A, 0x81, 0xDE, 0xD5, 0x24, 0xFF, 0x85, 0xB4, 0x95, 0x6B, 0x6A, 0xDE, 0xDF, 0x06, 0xFF, 0x85,
    0x94, 0x8A, 0x22, 0x4A, 0x6B, 0x6A, 0x74, 0xFF, 0x02, 0xB5, 0x04, 0x4A, 0x02, 0xB5, 0x0A, 0xFF,
    0x85, 0x94, 0x95, 0x4A, 0x40, 0x6B, 0x6A, 0x08, 0xFF, 0x85, 0x94, 0x95, 0x21, 0x20, 0x94, 0x95,
    0x1C, 0xFF, 0x85, 0x94, 0x8A, 0x6B, 0x6A, 0xDE, 0xDF, 0x12, 0xFF, 0x81, 0x4A, 0x40, 0x02, 0x4A,
    0x81, 0xDE, 0xDF, 0x10, 0xFF, 0x85, 0xDE, 0xD5, 0x6B, 0x6A, 0x94, 0x8A, 0x1A, 0xFF, 0x02, 0xB5,
    0x04, 0x4A, 0x76, 0xFF, 0x81, 0x6B, 0x6A, 0x02, 0x4A, 0x81, 0x6B, 0x6A, 0x0A, 0xFF, 0x83, 0xDE,
    0xD5, 0x21, 0x2A, 0x02, 0x4A, 0x08, 0xFF, 0x81, 0x6B, 0x6A, 0x02, 0x4A, 0x81, 0x94, 0x95, 0x1C,
    0xFF, 0x81, 0x6B, 0x6A, 0x03, 0x4A, 0x82, 0x40, 0xFE, 0xDF, 0x0E, 0xFF, 0x02, 0xB5, 0x04, 0x4A,
    0x81, 0xDE, 0xD5, 0x0E, 0xFF, 0x81, 0xDE, 0xD5, 0x03, 0x4A, 0x82, 0x40, 0x94, 0x95, 0x1C, 0xFF,
    0x02, 0x4A, 0x81, 0x49, 0x20, 0x02, 0xB5, 0x74, 0xFF, 0x83, 0xDE, 0xDF, 0x4A, 0x40, 0x02, 0x4A,
    0x02, 0xB5, 0x0A, 0xFF, 0x03, 0x4A, 0x82, 0x40, 0xB5, 0xBF, 0x04, 0xFF, 0x81, 0xDE, 0xD5, 0x03,
    0x4A, 0x82, 0x40, 0xDE, 0xDF, 0x1C, 0xFF, 0x81, 0xDF, 0xFF, 0x06, 0x4A, 0x81, 0xDF, 0xF5, 0x0C,
    0xFF, 0x81, 0x6B, 0x6A, 0x02, 0x4A, 0x83, 0x49, 0x20, 0x6C, 0x95, 0x0C, 0xFF, 0x81, 0xDE, 0xD5,
    0x04, 0x4A, 0x83, 0x6B, 0x6A, 0xDE, 0xDF, 0x1C, 0xFF, 0x85, 0x6C, 0x8A, 0x21, 0x2A, 0x94, 0x95,
    0x76, 0xFF, 0x81, 0x6B, 0x6A, 0x02, 0x4A, 0x81, 0x94, 0x95, 0x0A, 0xFF, 0x81, 0x6B, 0x6A, 0x02,
    0x4A, 0x81, 0x94, 0x8A, 0x04, 0xFF, 0x02, 0xB5, 0x84, 0x21, 0x20, 0x6A, 0x4A, 0xDF, 0x1F, 0xFF,
    0x82, 0xDE, 0xD5, 0x6A, 0x05, 0x4A, 0x02, 0xB5, 0x08, 0xFF, 0x83, 0x6B, 0x6A, 0x4A, 0x40, 0x05,
    0x4A, 0x82, 0x40, 0x6B, 0x75, 0x08, 0xFF, 0x81, 0x94, 0x8A, 0x03, 0x4A, 0x84, 0x40, 0x6B, 0x75,
    0xFE, 0xDF, 0x1E, 0xFF, 0x02, 0xB5, 0x81, 0x4A, 0x40, 0x02, 0x4A, 0x76, 0xFF, 0x02, 0xB5, 0x83,
    0x21, 0x20, 0x6B, 0x6A, 0x0A, 0xFF, 0x85, 0x94, 0x95, 0x21, 0x20, 0x94, 0x95, 0x04, 0xFF, 0x85,
    0x94, 0x95, 0x21, 0x2A, 0x94, 0x95, 0x22, 0xFF, 0x83, 0xDE, 0xDF, 0x4A, 0x40, 0x02, 0x4A, 0x87,
    0x49, 0x20, 0x6B, 0x6A, 0x95, 0xB5, 0x94, 0x8A, 0x03, 0x4A, 0x80, 0x40, 0x02, 0x4A, 0x81, 0xB5,
    0xBF, 0x02, 0xB5, 0x02, 0x4A, 0x81, 0x49, 0x20, 0x02, 0x4A, 0x85, 0x94, 0x8A, 0x94, 0x95, 0x6B,
    0x6A, 0x06, 0x4A, 0x81, 0xDE, 0xDF, 0x20, 0xFF, 0x81, 0xFE, 0xDF, 0x04, 0x4A, 0x02, 0xB5, 0x74,
    0xFF, 0x83, 0xDE, 0xDF, 0x4A, 0x40, 0x02, 0x4A, 0x81, 0xDE, 0xDF, 0x08, 0xFF, 0x02, 0xB5, 0x83,
    0x49, 0x20, 0x6B, 0x75, 0x04, 0xFF, 0x03, 0x4A, 0x82, 0x40, 0x94, 0x95, 0x22, 0xFF, 0x02, 0xB5,
    0x83, 0x21, 0x2A, 0x4B, 0x6A, 0x04, 0x4A, 0x81, 0x49, 0x20, 0x02, 0x4A, 0x85, 0x49, 0x2A, 0x6B,
    0x6A, 0xDE, 0xDF, 0x04, 0xFF, 0x02, 0xB5, 0x81, 0x4B, 0x6A, 0x02, 0x4A, 0x85, 0x49, 0x20, 0x22,
    0x4A, 0x49, 0x20, 0x05, 0x4A, 0x80, 0x40, 0x02, 0xB5, 0x22, 0xFF, 0x83, 0x6B, 0x6A, 0x21, 0x20,
    0x02, 0xB5, 0x76, 0xFF, 0x04, 0x4A, 0x81, 0xDE, 0xD5, 0x08, 0xFF, 0x02, 0xB5, 0x02, 0x4A, 0x81,
    0x6B, 0x6A, 0x02, 0xFF, 0x81, 0xDE, 0xD5, 0x04, 0x4A, 0x81, 0xDE, 0xD5, 0x22, 0xFF, 0x81, 0x4A,
    0x40, 0x02, 0x4A, 0x02, 0xB5, 0x89, 0xFE, 0xDF, 0x95, 0xB5, 0x94, 0x95, 0x94, 0x95, 0xB6, 0xD5,
    0x0C, 0xFF, 0x02, 0xB5, 0x83, 0x94, 0x95, 0x94, 0x95, 0x02, 0xB5, 0x02, 0xFF, 0x87, 0x94, 0x95,
    0x49, 0x20, 0x4B, 0x6A, 0xFE, 0xDF, 0x20, 0xFF, 0x85, 0x94, 0x95, 0x4A, 0x40, 0x6B, 0x75, 0x76,
    0xFF, 0x85, 0x6B, 0x6A, 0x4A, 0x40, 0xB5, 0xBF, 0x08, 0xFF, 0x82, 0xDE, 0xD5, 0x22, 0x03, 0x4A,
    0x02, 0xFF, 0x02, 0xB5, 0x81, 0x4A, 0x40, 0x02, 0x4A, 0x85, 0xDE, 0xDF, 0x6B, 0x6A, 0xB4, 0x95,
    0x1C, 0xFF, 0x81, 0x6B, 0x6A, 0x02, 0x4A, 0x81, 0x6B, 0x6A, 0x24, 0xFF, 0x04, 0x4A, 0x81, 0x6C,
    0x8A, 0x1C, 0xFF, 0x85, 0xB5, 0xAA, 0x6B, 0x6A, 0x95, 0xB5, 0x04, 0x4A, 0x81, 0xDE, 0xDF, 0x74,
    0xFF, 0x83, 0x6B, 0x6A, 0x21, 0x2A, 0x02, 0xB5, 0x08, 0xFF, 0x83, 0xDE, 0xDF, 0x4A, 0x40, 0x02,
    0x4A, 0x8B, 0xDE, 0xDF, 0x94, 0x95, 0x49, 0x2A, 0x6C, 0x8A, 0xDD, 0xBF, 0x22, 0x40, 0x02, 0x4A,
    0x02, 0xB5, 0x18, 0xFF, 0x02, 0xB5, 0x81, 0x4A, 0x40, 0x02, 0x4A, 0x02, 0xB5, 0x24, 0xFF, 0x02,
    0xB5, 0x04, 0x4A, 0x02, 0xB5, 0x18, 0xFF, 0x83, 0xDE, 0xD5, 0x21, 0x2A, 0x02, 0x4A, 0x81, 0xDD,
    0xB5, 0x03, 0x4A, 0x82, 0x40, 0xDE, 0xD5, 0x74, 0xFF, 0x81, 0x6B, 0x60, 0x02, 0x4A, 0x02, 0xB5,
    0x08, 0xFF, 0x81, 0xDE, 0xD5, 0x04, 0x4A, 0x83, 0xDE, 0xD5, 0x6B, 0x6A, 0x02, 0x4A, 0x81, 0x94,
    0x95, 0x02, 0xFF, 0x87, 0x94, 0x95, 0x21, 0x20, 0x4B, 0x6A, 0xDE, 0xD5, 0x14, 0xFF, 0x83, 0xDE,
    0xD5, 0x4A, 0x40, 0x02, 0x4A, 0x81, 0x94, 0x95, 0x28, 0xFF, 0x83, 0x94, 0x95, 0x49, 0x20, 0x02,
    0x4A, 0x02, 0xB5, 0x14, 0xFF, 0x83, 0xDE, 0xD5, 0x4A, 0x40, 0x02, 0x4A, 0x81, 0x94, 0x95, 0x02,
    0xFF, 0x83, 0x6B, 0x6A, 0x21, 0x2A, 0x02, 0xB5, 0x74, 0xFF, 0x04, 0x4A, 0x81, 0xDD, 0xB5, 0x0A,
    0xFF, 0x03, 0x4A, 0x86, 0x40, 0xDD, 0xBF, 0x6B, 0x6A, 0x4A, 0x40, 0x02, 0xB5, 0x04, 0xFF, 0x83,
    0x6B, 0x6A, 0x49, 0x2A, 0x02, 0x4A, 0x02, 0xB5, 0x10, 0xFF, 0x87, 0xB6, 0xD5, 0x49, 0x20, 0x22,
    0x4A, 0x94, 0x95, 0x2C, 0xFF, 0x82, 0x6B, 0x6A, 0x22, 0x02, 0x4A, 0x80, 0x40, 0x02, 0xB5, 0x10,
    0xFF, 0x81, 0xDE, 0xD5, 0x02, 0x4A, 0x83, 0x22, 0x4A, 0x93, 0x6A, 0x04, 0xFF, 0x85, 0x94, 0x95,
    0x22, 0x40, 0x93, 0x75, 0x74, 0xFF, 0x81, 0x6B, 0x60, 0x02, 0x4A, 0x81, 0xB6, 0xD5, 0x08, 0xFF,
    0x83, 0xFE, 0xDF, 0x4A, 0x40, 0x02, 0x4A, 0x02, 0xB5, 0x04, 0x4A, 0x81, 0xDE, 0xDF, 0x06, 0xFF,
    0x83, 0x6B, 0x6A, 0x4A, 0x40, 0x02, 0x4A, 0x81, 0x94, 0x8A, 0x0B, 0xFF, 0x84, 0xF5, 0x6B, 0x6A,
    0x4A, 0x40, 0x02, 0x4A, 0x81, 0x94, 0x95, 0x30, 0xFF, 0x81, 0x6B, 0x6A, 0x04, 0x4A, 0x82, 0x93,
    0x6A, 0xDF, 0x0A, 0xFF, 0x84, 0xF5, 0x94, 0x8A, 0x21, 0x20, 0x02, 0x4A, 0x81, 0x93, 0x6A, 0x06,
    0xFF, 0x02, 0xB5, 0x83, 0x21, 0x2A, 0x6B, 0x6A, 0x74, 0xFF, 0x81, 0x4A, 0x40, 0x02, 0x4A, 0x81,
    0xDE, 0xDF, 0x08, 0xFF, 0x81, 0xDF, 0xFF, 0x04, 0x4A, 0x81, 0x94, 0x95, 0x04, 0x4A, 0x0A, 0xFF,
    0x81, 0x6B, 0x75, 0x02, 0x4A, 0x81, 0x21, 0x20, 0x02, 0x4A, 0x89, 0x6B, 0x6A, 0xB5, 0xAA, 0x94,
    0x95, 0x6B, 0x6A, 0x4A, 0x40, 0x04, 0x4A, 0x81, 0x94, 0x95, 0x34, 0xFF, 0x81, 0x94, 0x95, 0x02,
    0x4A, 0x81, 0x21, 0x20, 0x02, 0x4A, 0x87, 0x6B, 0x6A, 0xB4, 0x8A, 0x95, 0xB5, 0x93, 0x6A, 0x06,
    0x4A, 0x81, 0x94, 0x95, 0x08, 0xFF, 0x81, 0xB6, 0xD5, 0x04, 0x4A, 0x81, 0xDE, 0xDF, 0x71, 0xFF,
    0x80, 0xF5, 0x04, 0x4A, 0x81, 0xDE, 0xDF, 0x0A, 0xFF, 0x81, 0x4A, 0x40, 0x02, 0x4A, 0x81, 0x6B,
    0x6A, 0x02, 0x4A, 0x81, 0x6B, 0x6A, 0x0C, 0xFF, 0x85, 0xDE, 0xD5, 0x6B, 0x75, 0x4A, 0x40, 0x02,
    0x4A, 0x83, 0x21, 0x2A, 0x4A, 0x40, 0x04, 0x4A, 0x83, 0x93, 0x75, 0xDE, 0xDF, 0x38, 0xFF, 0x83,
    0xDE, 0xDF, 0x6B, 0x6A, 0x04, 0x4A, 0x85, 0x22, 0x40, 0x49, 0x2A, 0x22, 0x40, 0x02, 0x4A, 0x83,
    0x6B, 0x6A, 0xDE, 0xDF, 0x0A, 0xFF, 0x81, 0xFE, 0xDF, 0x03, 0x4A, 0x82, 0x40, 0xDE, 0xD5, 0x71,
    0xFF, 0x84, 0xF5, 0x21, 0x2A, 0x6B, 0x6A, 0x0A, 0xFF, 0x84, 0xDE, 0xD5, 0x49, 0x2A, 0x4B, 0x02,
    0x6A, 0x03, 0x4A, 0x81, 0x6C, 0x8A, 0x10, 0xFF, 0x81, 0xDE, 0xDF, 0x02, 0xB5, 0x83, 0x94, 0x95,
    0x94, 0x95, 0x02, 0xB5, 0x44, 0xFF, 0x02, 0xB5, 0x87, 0x94, 0x95, 0x94, 0x95, 0xDD, 0xB5, 0xDE,
    0xDF, 0x10, 0xFF, 0x04, 0x4A, 0x02, 0xB5, 0x71, 0xFF, 0x82, 0xF5, 0x21, 0x20, 0x02, 0x4A, 0x0A,
    0xFF, 0x83, 0xDE, 0xDF, 0x4A, 0x40, 0x02, 0x4A, 0x85, 0x4B, 0x6A, 0x49, 0x2A, 0xB4, 0x95, 0x78,
    0xFF, 0x85, 0x6B, 0x6A, 0x21, 0x20, 0x94, 0x95, 0x72, 0xFF, 0x85, 0x21, 0x20, 0x6B, 0x6A, 0xFE,
    0xDF, 0x0A, 0xFF, 0x07, 0x4A, 0x80, 0x40, 0x02, 0xB5, 0x78, 0xFF, 0x81, 0x94, 0x95, 0x02, 0x4A,
    0x81, 0x94, 0x8A, 0x71, 0xFF, 0x86, 0xF5, 0x49, 0x2A, 0x4B, 0x6A, 0xDE, 0xDF, 0x08, 0xFF, 0x81,
    0xDE, 0xD5, 0x08, 0x4A, 0x81, 0xB6, 0xDF, 0x78, 0xFF, 0x85, 0x95, 0xB5, 0x49, 0x20, 0x6B, 0x75,
    0x72, 0xFF, 0x04, 0x4A, 0x81, 0xDE, 0xD5, 0x0A, 0xFF, 0x81, 0x4A, 0x40, 0x06, 0x4A, 0x81, 0xDE,
    0xD5, 0x78, 0xFF, 0x02, 0xB5, 0x83, 0x22, 0x40, 0x6B, 0x6A, 0x72, 0xFF, 0x83, 0x6B, 0x60, 0x21,
    0x2A, 0x02, 0xB5, 0x0A, 0xFF, 0x05, 0x4A, 0x84, 0x40, 0x6A, 0x4A, 0xDE, 0xDF, 0x78, 0xFF, 0x02,
    0xB5, 0x83, 0x49, 0x2A, 0x6B, 0x6A, 0x72, 0xFF, 0x81, 0x94, 0x8A, 0x02, 0x4A, 0x81, 0x94, 0x95,
    0x0A, 0xFF, 0x81, 0x6B, 0x6A, 0x06, 0x4A, 0x7A, 0xFF, 0x85, 0xDE, 0xD5, 0x21, 0x2A, 0x4B, 0x6A,
    0x72, 0xFF, 0x02, 0xB5, 0x83, 0x21, 0x20, 0x94, 0x8A, 0x0A, 0xFF, 0x81, 0x6B, 0x6A, 0x04, 0x4A,
    0x81, 0x6B, 0x6A, 0x7A, 0xFF, 0x85, 0xB6, 0xD5, 0x49, 0x20, 0x6A, 0x4A, 0x72, 0xFF, 0x81, 0xDE,
    0xD5, 0x04, 0x4A, 0x0A, 0xFF, 0x02, 0xB5, 0x81, 0x49, 0x20, 0x02, 0x4A, 0x81, 0x6B, 0x6A, 0x7A,
    0xFF, 0x85, 0xDD, 0xB5, 0x22, 0x4A, 0x4B, 0x6A, 0x74, 0xFF, 0x81, 0x4A, 0x40, 0x02, 0x4A, 0x81,
    0xDE, 0xDF, 0x08, 0xFF, 0x81, 0xDE, 0xDF, 0x02, 0x4A, 0x83, 0x22, 0x4A, 0x6A, 0x4A, 0x7A, 0xFF,
    0x85, 0xDE, 0xD5, 0x21, 0x2A, 0x6A, 0x4A, 0x74, 0xFF, 0x85, 0x6B, 0x6A, 0x21, 0x2A, 0x94, 0x8A,
    0x0A, 0xFF, 0x81, 0x4A, 0x40, 0x02, 0x4A, 0x81, 0x6B, 0x6A, 0x7A, 0xFF, 0x85, 0xDE, 0xD5, 0x21,
    0x20, 0x6B, 0x6A, 0x74, 0xFF, 0x02, 0xB5, 0x83, 0x4A, 0x40, 0x6B, 0x75, 0x0A, 0xFF, 0x02, 0xB5,
    0x83, 0x21, 0x20, 0x6B, 0x6A, 0x7A, 0xFF, 0x02, 0xB5, 0x04, 0x4A, 0x75, 0xFF, 0x86, 0xF5, 0x49,
    0x2A, 0x4A, 0x40, 0xDE, 0xDF, 0x08, 0xFF, 0x02, 0xB5, 0x83, 0x49, 0x2A, 0x4B, 0x6A, 0x7A, 0xFF,
    0x02, 0xB5, 0x02, 0x4A, 0x81, 0x6B, 0x6A, 0x46, 0xFF, 0x0A, 0x00, 0x81, 0x21, 0x20, 0x02, 0x00,
    0x9D, 0x21, 0x20, 0x21, 0x20, 0x21, 0x20, 0x21, 0x20, 0x21, 0x20, 0x21, 0x20, 0x4A, 0x40, 0x21,
    0x20, 0x4A, 0x40, 0x4A, 0x40, 0x4A, 0x40, 0x4A, 0x40, 0x4A, 0x40, 0x21, 0x20, 0x4A, 0x40, 0x28,
    0x00, 0x81, 0x21, 0x20, 0x02, 0x00, 0x81, 0x21, 0x20, 0x02, 0x00, 0x81, 0x21, 0x20, 0x02, 0x00,
    0x81, 0x21, 0x20, 0x02, 0x00, 0x81, 0x21, 0x20, 0x02, 0x00, 0x81, 0x21, 0x20, 0x02, 0x00, 0x83,
    0x21, 0x20, 0x21, 0x20, 0x02, 0x00, 0xC0, 0x21, 0x20, 0x21, 0x20, 0x21, 0x20, 0x21, 0x20, 0x21,
    0x20, 0x21, 0x20, 0x21, 0x20, 0x21, 0x20, 0x21, 0x20, 0x21, 0x20, 0x21, 0x20, 0x21, 0x20, 0x21,
    0x20, 0x21, 0x20, 0x21, 0x20, 0x21, 0x20, 0x21, 0x20, 0x21, 0x20, 0x21, 0x20, 0x21, 0x20, 0x21,
    0x20, 0x21, 0x20, 0x21, 0x20, 0x21, 0x20, 0x21, 0x20, 0x21, 0x20, 0x21, 0x20, 0x21, 0x20, 0x21,
    0x20, 0x21, 0x20, 0x21, 0x20, 0x21, 0x20, 0x01, 0x02, 0x20, 0x83, 0x00, 0x21, 0x20, 0x01, 0x02,
    0x20, 0x15, 0x00, 0xB9, 0x21, 0x20, 0x21, 0x20, 0x21, 0x20, 0x21, 0x20, 0x21, 0x20, 0x21, 0x20,
    0x4A, 0x40, 0x21, 0x20, 0x4A, 0x40, 0x21, 0x20, 0x4A, 0x40, 0x4A, 0x40, 0x4A, 0x40, 0x4A, 0x40,
    0x4A, 0x40, 0x4A, 0x40, 0x4A, 0x40, 0x4A, 0x40, 0x4A, 0x40, 0x6B, 0x60, 0x4A, 0x40, 0x6B, 0x60,
    0x4A, 0x40, 0x6B, 0x60, 0x4B, 0x60, 0x6B, 0x60, 0x6B, 0x60, 0x4A, 0x40, 0x4B, 0x60, 0x02, 0xFD,
    0x06, 0x00, 0x00, 0x08, 0x02, 0x01, 0xFF, 0x64, 0x00, 0x04, 0xFB, 0x08, 0x00, 0x00, 0x0A, 0x00,
    0x47, 0x00, 0x84, 0x00, 0xBB, 0x00, 0x05, 0xFA, 0x01, 0x1B, 0x00, 0x43, 0xFF, 0x84, 0xF5, 0xFF,
    0xF5, 0xFF, 0xF5, 0x7F, 0xFF, 0x6F, 0xFF, 0x85, 0xDE, 0xCA, 0x4A, 0x40, 0x21, 0x2A, 0x02, 0x4A,
    0x83, 0x6B, 0x6A, 0xB5, 0xAA, 0x7F, 0xFF, 0x6A, 0xFF, 0x82, 0xF5, 0x21, 0x20, 0x02, 0x4A, 0x81,
    0x6B, 0x6A, 0x03, 0x4A, 0x86, 0x40, 0x21, 0x2A, 0x6A, 0x40, 0x94, 0x8A, 0x7F, 0xFF, 0x64, 0xFF,
    0x82, 0xF5, 0x6B, 0x6A, 0x02, 0x4A, 0x81, 0x6B, 0x75, 0x02, 0xFF, 0x86, 0xDE, 0xDF, 0x94, 0x95,
    0x6B, 0x6A, 0x22, 0x04, 0x4A, 0x80, 0x40, 0x02, 0xB5, 0x81, 0xFF, 0xF5, 0x7F, 0xFF, 0x5E, 0xFF,
    0x82, 0xF5, 0x21, 0x20, 0x02, 0x4A, 0x81, 0xDE, 0xDF, 0x08, 0xFF, 0x02, 0xB5, 0x04, 0x4A, 0x85,
    0x49, 0x20, 0x4B, 0x6A, 0xDE, 0xD5, 0x7F, 0xFF, 0x5B, 0xFF, 0x81, 0x94, 0x8A, 0x02, 0x4A, 0x81,
    0x94, 0x95, 0x0E, 0xFF, 0x81, 0x94, 0x95, 0x04, 0x4A, 0x85, 0x49, 0x20, 0x6C, 0x8A, 0xFF, 0xF5,
    0x7F, 0xFF, 0x56, 0xFF, 0x80, 0xF5, 0x03, 0x4A, 0x82, 0x40, 0xB5, 0xBF, 0x12, 0xFF, 0x81, 0x6B,
    0x6A, 0x02, 0x4A, 0x81, 0x49, 0x2A, 0x02, 0x4A, 0x02, 0xB5, 0x7F, 0xFF, 0x53, 0xFF, 0x85, 0xDE,
    0xCA, 0x21, 0x2A, 0x6B, 0x6A, 0x09, 0xFF, 0x80, 0xF5, 0x0C, 0xFF, 0x85, 0xDE, 0xDF, 0x4B, 0x6A,
    0x4A, 0x40, 0x02, 0x4A, 0x83, 0x6B, 0x60, 0xFE, 0xD5, 0x7F, 0xFF, 0x4F, 0xFF, 0x81, 0x6B, 0x6A,
    0x02, 0x4A, 0x81, 0x94, 0x95, 0x06, 0xFF, 0x87, 0xFE, 0xD5, 0xFC, 0x95, 0xFD, 0xB5, 0xFD, 0xB5,
    0x0C, 0xFF, 0x81, 0x94, 0x95, 0x02, 0x4A, 0x81, 0x21, 0x2A, 0x02, 0x4A, 0x81, 0xB5, 0xAA, 0x7F,
    0xFF, 0x4C, 0xFF, 0x80, 0xF5, 0x03, 0x4A, 0x82, 0x40, 0xDE, 0xDF, 0x06, 0xFF, 0x8B, 0xFD, 0xB5,
    0xFD, 0xB5, 0xFD, 0xAA, 0xFC, 0x95, 0xFD, 0xAA, 0xFE, 0xD5, 0x0A, 0xFF, 0x83, 0xDE, 0xD5, 0x6B,
    0x6A, 0x02, 0x4A, 0x85, 0x22, 0x40, 0x6B, 0x6A, 0xFF, 0xF5, 0x7F, 0xFF, 0x47, 0xFF, 0x85, 0xDE,
    0xD5, 0x4A, 0x40, 0x6B, 0x75, 0x07, 0xFF, 0x90, 0xF5, 0xFC, 0x95, 0xFD, 0xB5, 0xFD, 0xB5, 0xFC,
    0x95, 0xFD, 0xB5, 0xFC, 0x95, 0xFD, 0xB5, 0xFE, 0xD5, 0x0A, 0xFF, 0x81, 0x94, 0x95, 0x06, 0x4A,
    0x02, 0xB5, 0x7F, 0xFF, 0x45, 0xFF, 0x85, 0x94, 0x8A, 0x21, 0x20, 0x94, 0x95, 0x06, 0xFF, 0x93,
    0xFD, 0xB5, 0xFD, 0xB5, 0xFC, 0x95, 0xFD, 0xB5, 0xDD, 0xB5, 0xFD, 0xB5, 0xFD, 0xB5, 0xFC, 0x95,
    0xFD, 0xB5, 0xFD, 0xB5, 0x0A, 0xFF, 0x83, 0xDE, 0xDF, 0x4A, 0x40, 0x03, 0x4A, 0x82, 0x40, 0x94,
    0x8A, 0x03, 0xFF, 0x80, 0xF5, 0x03, 0xFF, 0x82, 0xF5, 0xFF, 0xF5, 0x03, 0xFF, 0x80, 0xF5, 0x03,
    0xFF, 0x80, 0xF5, 0x7F, 0xFF, 0x30, 0xFF, 0x82, 0xF5, 0x6B, 0x6A, 0x02, 0x4A, 0x81, 0xDD, 0xB5,
    0x06, 0xFF, 0x97, 0xFD, 0xB5, 0xFD, 0xAA, 0xFD, 0xB5, 0xDC, 0x8A, 0xFD, 0xB5, 0xFC, 0x95, 0xDD,
    0xAA, 0xFD, 0xB5, 0xFD, 0xB5, 0xFC, 0x95, 0xFD, 0xB5, 0xFE, 0xDF, 0x02, 0xFF, 0x84, 0xDD, 0xB5,
    0x94, 0x95, 0x6B, 0x02, 0x6A, 0x09, 0x4A, 0x9D, 0x6B, 0x6A, 0x6B, 0x60, 0x6B, 0x6A, 0x6B, 0x6A,
    0x6B, 0x6A, 0x6B, 0x60, 0x94, 0x8A, 0x94, 0x8A, 0x94, 0x8A, 0xB5, 0xAA, 0xB5, 0xAA, 0xDE, 0xCA,
    0xFF, 0xF5, 0xFF, 0xF5, 0xFF, 0xF5, 0x7F, 0xFF, 0x22, 0xFF, 0x80, 0xF5, 0x04, 0x4A, 0x06, 0xFF,
    0x9C, 0xFE, 0xD5, 0xFD, 0xB5, 0xFC, 0x95, 0xFD, 0xB5, 0xFD, 0xB5, 0xFD, 0xB5, 0xFD, 0xB5, 0xFC,
    0x95, 0xFD, 0xB5, 0xFC, 0x8A, 0xDD, 0xB5, 0xB4, 0x8A, 0x93, 0x6A, 0x4A, 0x40, 0x22, 0x02, 0x4A,
    0x80, 0x40, 0x07, 0x4A, 0x80, 0x40, 0x03, 0x4A, 0x80, 0x40, 0x0C, 0x4A, 0x8D, 0x49, 0x2A, 0x22,
    0x40, 0x49, 0x2A, 0x22, 0x40, 0x49, 0x2A, 0x22, 0x4A, 0x49, 0x20, 0x02, 0x4A, 0x89, 0x6B, 0x6A,
    0x94, 0x8A, 0xB5, 0xAA, 0xDE, 0xD5, 0xFF, 0xF5, 0x7F, 0xFF, 0x19, 0xFF, 0x85, 0xB5, 0xAA, 0x21,
    0x20, 0x94, 0x95, 0x06, 0xFF, 0x93, 0xFE, 0xD5, 0xFC, 0x95, 0xDD, 0xB5, 0xFD, 0xB5, 0xFC, 0x95,
    0xFD, 0xB5, 0xFC, 0x8A, 0xDD, 0xB5, 0x93, 0x6A, 0x6B, 0x6A, 0x04, 0x4A, 0x83, 0x22, 0x4A, 0x49,
    0x2A, 0x04, 0x4A, 0x87, 0x6A, 0x4A, 0x6B, 0x6A, 0x94, 0x95, 0x94, 0x95, 0x03, 0xB5, 0x90, 0xBF,
    0xDD, 0xB5, 0xDE, 0xDF, 0xDE, 0xD5, 0xDE, 0xDF, 0xDE, 0xD5, 0xDE, 0xDF, 0xB6, 0xD5, 0xDD, 0xBF,
    0x04, 0xB5, 0x85, 0x94, 0x95, 0x6B, 0x6A, 0x6B, 0x6A, 0x04, 0x4A, 0x81, 0x21, 0x20, 0x03, 0x4A,
    0x80, 0x40, 0x02, 0x4A, 0x85, 0x94, 0x80, 0xB5, 0xAA, 0xFF, 0xF5, 0x7F, 0xFF, 0x13, 0xFF, 0x81,
    0x94, 0x8A, 0x02, 0x4A, 0x81, 0x94, 0x95, 0x06, 0xFF, 0x8D, 0xFD, 0xB5, 0xFD, 0xB5, 0xFC, 0x95,
    0xFD, 0xAA, 0xDD, 0xB5, 0xB4, 0x8A, 0x6B, 0x6A, 0x07, 0x4A, 0x80, 0x40, 0x02, 0x4A, 0x87, 0x6B,
    0x6A, 0x94, 0x95, 0xDD, 0xB5, 0xDE, 0xDF, 0x26, 0xFF, 0x83, 0xDF, 0xFF, 0xDE, 0xDF, 0x02, 0xB5,
    0x83, 0x93, 0x75, 0x4B, 0x6A, 0x04, 0x4A, 0x8B, 0x21, 0x2A, 0x4A, 0x40, 0x6B, 0x6A, 0xB5, 0xAA,
    0xFF, 0xF5, 0xFF, 0xF5, 0x7F, 0xFF, 0x0A, 0xFF, 0x81, 0xF5, 0x6A, 0x03, 0x4A, 0x81, 0xDE, 0xD5,
    0x06, 0xFF, 0x86, 0xFC, 0x8A, 0xFD, 0xB5, 0xDD, 0xB5, 0xB3, 0x02, 0x6A, 0x03, 0x4A, 0x81, 0x49,
    0x2A, 0x04, 0x4A, 0x85, 0x6B, 0x6A, 0xB5, 0xBF, 0xDE, 0xDF, 0x38, 0xFF, 0x81, 0xDE, 0xDF, 0x02,
    0xB5, 0x80, 0x6B, 0x02, 0x6A, 0x84, 0x4A, 0x22, 0x4A, 0x49, 0x20, 0x02, 0x4A, 0x83, 0x6B, 0x6A,
    0xB5, 0xAA, 0x7F, 0xFF, 0x08, 0xFF, 0x82, 0xF5, 0x22, 0x40, 0x02, 0x4A, 0x06, 0xFF, 0x84, 0xFE,
    0xDF, 0xFD, 0xB5, 0x93, 0x02, 0x6A, 0x81, 0x4A, 0x22, 0x05, 0x4A, 0x81, 0x6B, 0x6A, 0x02, 0xB5,
    0x80, 0xDF, 0x47, 0xFF, 0x02, 0xB5, 0x81, 0x6C, 0x95, 0x05, 0x4A, 0x80, 0x40, 0x02, 0x4A, 0x83,
    0xB5, 0xAA, 0xFF, 0xF5, 0x7F, 0xFF, 0x82, 0xFF, 0xB5, 0xAA, 0x02, 0x4A, 0x81, 0x93, 0x75, 0x06,
    0xFF, 0x82, 0xB5, 0xAA, 0x6A, 0x06, 0x4A, 0x84, 0x40, 0x6B, 0x75, 0xDE, 0xD5, 0x50, 0xFF, 0x85,
    0xFE, 0xDF, 0x95, 0xB5, 0x6B, 0x6A, 0x02, 0x4A, 0x81, 0x21, 0x20, 0x02, 0x4A, 0x87, 0x94, 0x8A,
    0xFF, 0xF5, 0xFF, 0xF5, 0xFF, 0xF5, 0x03, 0xFF, 0x80, 0xF5, 0x74, 0xFF, 0x85, 0x94, 0x8A, 0x49,
    0x20, 0x95, 0xB5, 0x04, 0xFF, 0x81, 0x6B, 0x6A, 0x05, 0x4A, 0x84, 0x40, 0x6B, 0x75, 0xDE, 0xDF,
    0x5A, 0xFF, 0x85, 0xDD, 0xB5, 0x6B, 0x75, 0x4A, 0x40, 0x03, 0x4A, 0x80, 0x40, 0x02, 0x4A, 0x93,
    0x6B, 0x6A, 0x6B, 0x60, 0x94, 0x8A, 0x94, 0x8A, 0xB5, 0xAA, 0xDE, 0xCA, 0xDE, 0xCA, 0xFF, 0xF5,
    0xFF, 0xF5, 0xFF, 0xF5, 0x65, 0xFF, 0x82, 0xF5, 0x6B, 0x6A, 0x02, 0x4A, 0x83, 0xDE, 0xDF, 0xDE,
    0xD5, 0x08, 0x4A, 0x81, 0xB6, 0xDF, 0x62, 0xFF, 0x83, 0xDE, 0xDF, 0x6B, 0x6A, 0x0D, 0x4A, 0x82,
    0x40, 0x21, 0x2A, 0x02, 0x4A, 0x81, 0x49, 0x20, 0x02, 0x4A, 0x8D, 0x6B, 0x6A, 0x94, 0x80, 0xB5,
    0xAA, 0xDE, 0xCA, 0xFF, 0xF5, 0xFF, 0xF5, 0xFF, 0xF5, 0x59, 0xFF, 0x80, 0xF5, 0x04, 0x4A, 0x81,
    0x94, 0x8A, 0x05, 0x4A, 0x82, 0x40, 0x94, 0x95, 0x6A, 0xFF, 0x02, 0xB5, 0x83, 0x6B, 0x6A, 0x49,
    0x2A, 0x03, 0x4A, 0x80, 0x40, 0x02, 0x4A, 0x89, 0x94, 0x95, 0x94, 0x95, 0x6B, 0x6A, 0x6B, 0x6A,
    0x4B, 0x6A, 0x02, 0x4A, 0x81, 0x21, 0x2A, 0x02, 0x4A, 0x8F, 0x21, 0x20, 0x21, 0x2A, 0x4A, 0x40,
    0x93, 0x6A, 0x95, 0xAA, 0xDE, 0xCA, 0xFF, 0xF5, 0xFF, 0xF5, 0x51, 0xFF, 0x82, 0xF5, 0x21, 0x20,
    0x06, 0x4A, 0x83, 0x6B, 0x6A, 0xDE, 0xDF, 0x70, 0xFF, 0x02, 0xB5, 0x06, 0x4A, 0x83, 0x6A, 0x4A,
    0xDE, 0xD5, 0x06, 0xFF, 0x8B, 0xDE, 0xDF, 0xDD, 0xB5, 0x95, 0xB5, 0x93, 0x75, 0x6B, 0x6A, 0x4B,
    0x6A, 0x02, 0x4A, 0x8D, 0x49, 0x2A, 0x22, 0x40, 0x49, 0x2A, 0x6B, 0x60, 0x94, 0x8A, 0xDE, 0xCA,
    0xFF, 0xF5, 0x4A, 0xFF, 0x81, 0xB5, 0xAA, 0x06, 0x4A, 0x81, 0x6B, 0x6A, 0x76, 0xFF, 0x84, 0xDF,
    0xFF, 0x93, 0x6A, 0x22, 0x05, 0x4A, 0x81, 0x95, 0xB5, 0x10, 0xFF, 0x87, 0xDE, 0xD5, 0x95, 0xB5,
    0x93, 0x75, 0x4B, 0x6A, 0x07, 0x4A, 0x84, 0x40, 0x94, 0x8A, 0xDE, 0xCA, 0x46, 0xFF, 0x81, 0x6B,
    0x60, 0x04, 0x4A, 0x81, 0x94, 0x95, 0x7C, 0xFF, 0x02, 0xB5, 0x03, 0x4A, 0x88, 0x40, 0x49, 0x2A,
    0x93, 0x6A, 0xFE, 0xDF, 0xFE, 0xD5, 0x12, 0xFF, 0x85, 0xDE, 0xDF, 0x94, 0x95, 0x6B, 0x6A, 0x06,
    0x4A, 0x85, 0x6B, 0x60, 0xB5, 0xAA, 0xFF, 0xF5, 0x3E, 0xFF, 0x81, 0xDE, 0xCA, 0x04, 0x4A, 0x02,
    0xB5, 0x7F, 0xFF, 0x84, 0xFF, 0xDE, 0xDF, 0x6B, 0x6A, 0x04, 0x4A, 0x8B, 0x6A, 0x4A, 0xDC, 0x95,
    0xFD, 0xB5, 0xFD, 0xB5, 0xFE, 0xD5, 0xFE, 0xDF, 0x10, 0xFF, 0x83, 0xDE, 0xDF, 0x94, 0x8A, 0x06,
    0x4A, 0x83, 0x6B, 0x6A, 0xDE, 0xD5, 0x3B, 0xFF, 0x82, 0xEA, 0x21, 0x20, 0x02, 0x4A, 0x02, 0xB5,
    0x7F, 0xFF, 0x07, 0xFF, 0x82, 0x94, 0x8A, 0x22, 0x02, 0x4A, 0x92, 0x40, 0x6B, 0x6A, 0xDC, 0x8A,
    0xFD, 0xB5, 0xFC, 0x95, 0xFC, 0x8A, 0xFD, 0xB5, 0xFD, 0xB5, 0xFD, 0xB5, 0xFE, 0xDF, 0x0E, 0xFF,
    0x02, 0xB5, 0x03, 0x4A, 0x80, 0x40, 0x02, 0x4A, 0x81, 0xB4, 0x8A, 0x37, 0xFF, 0x80, 0xEA, 0x04,
    0x4A, 0x02, 0xB5, 0x7F, 0xFF, 0x0B, 0xFF, 0x02, 0xB5, 0x9B, 0x49, 0x2A, 0x22, 0x4A, 0x6A, 0x4A,
    0xDC, 0x95, 0xFD, 0xB5, 0xFD, 0xB5, 0xFC, 0x95, 0xFD, 0xB5, 0xFD, 0xAA, 0xFC, 0x95, 0xFD, 0xAA,
    0xFD, 0xB5, 0xFE, 0xD5, 0xFE, 0xDF, 0x0A, 0xFF, 0x83, 0x94, 0x95, 0x4A, 0x40, 0x02, 0x4A, 0x81,
    0x94, 0x8A, 0x33, 0xFF, 0x82, 0xF5, 0x6B, 0x60, 0x02, 0x4A, 0x81, 0x94, 0x95, 0x7F, 0xFF, 0x0F,
    0xFF, 0x02, 0xB5, 0x03, 0x4A, 0x80, 0x40, 0x02, 0x4A, 0x97, 0xDC, 0x95, 0xFD, 0xAA, 0xFD, 0xB5,
    0xDC, 0x95, 0xFD, 0xB5, 0xFD, 0xB5, 0xFC, 0x95, 0xFD, 0xB5, 0xFC, 0x95, 0xFD, 0xAA, 0xFD, 0xB5,
    0xFE, 0xD5, 0x08, 0xFF, 0x02, 0xB5, 0x03, 0x4A, 0x82, 0x40, 0xDE, 0xD5, 0x2F, 0xFF, 0x82, 0xF5,
    0x94, 0x8A, 0x02, 0x4A, 0x81, 0x93, 0x6A, 0x7F, 0xFF, 0x13, 0xFF, 0x81, 0xDE, 0xDF, 0x06, 0x4A,
    0x99, 0xDD, 0xB5, 0xFD, 0xB5, 0xFD, 0xB5, 0xFC, 0x95, 0xDD, 0xB5, 0xFD, 0xB5, 0xFD, 0xAA, 0xFD,
    0xB5, 0xFC, 0x95, 0xFD, 0xB5, 0xFC, 0x95, 0xFD, 0xB5, 0xFE, 0xDF, 0x06, 0xFF, 0x81, 0x6B, 0x6A,
    0x02, 0x4A, 0x81, 0x95, 0xB5, 0x2F, 0xFF, 0x84, 0xEA, 0x49, 0x20, 0x4B, 0x6A, 0x7F, 0xFF, 0x17,
    0xFF, 0x83, 0xB6, 0xD5, 0x4A, 0x40, 0x02, 0x4A, 0x97, 0x6A, 0x4A, 0xDC, 0x8A, 0xFD, 0xB5, 0xFD,
    0xAA, 0xFC, 0x95, 0xFD, 0xB5, 0xDC, 0x95, 0xFD, 0xB5, 0xFD, 0xB5, 0xDD, 0xB5, 0xFC, 0x8A, 0xFD,
    0xB5, 0x08, 0xFF, 0x04, 0x4A, 0x02, 0xB5, 0x2D, 0xFF, 0x82, 0xF5, 0x4A, 0x40, 0x02, 0x4A, 0x81,
    0xB6, 0xDF, 0x7F, 0xFF, 0x19, 0xFF, 0x83, 0xB5, 0xBF, 0x4A, 0x40, 0x02, 0x4A, 0x95, 0x6B, 0x6A,
    0xFD, 0xB5, 0xFD, 0xB5, 0xDD, 0xB5, 0xFD, 0xB5, 0xFD, 0xB5, 0xFC, 0x95, 0xDD, 0xAA, 0xFD, 0xB5,
    0xFD, 0xB5, 0xFE, 0xDF, 0x06, 0xFF, 0x85, 0x94, 0x8A, 0x21, 0x2A, 0x6A, 0x4A, 0x2D, 0xFF, 0x82,
    0xF5, 0xB5, 0xAA, 0x02, 0x4A, 0x81, 0x94, 0x95, 0x7F, 0xFF, 0x1D, 0xFF, 0x82, 0xB4, 0x95, 0x22,
    0x03, 0x4A, 0x91, 0x93, 0x6A, 0xFC, 0x95, 0xFD, 0xB5, 0xFC, 0x8A, 0xDD, 0xB5, 0xFD, 0xB5, 0xFC,
    0x95, 0xFC, 0x95, 0xFD, 0xB5, 0x06, 0xFF, 0x02, 0xB5, 0x03, 0x4A, 0x82, 0x40, 0x95, 0xB5, 0x2D,
    0xFF, 0x82, 0xEA, 0x21, 0x2A, 0x02, 0x4A, 0x7F, 0xFF, 0x21, 0xFF, 0x83, 0x94, 0x8A, 0x49, 0x2A,
    0x02, 0x4A, 0x8D, 0xB4, 0x8A, 0xFD, 0xB5, 0xFD, 0xB5, 0xFC, 0x95, 0xFD, 0xB5, 0xFD, 0xAA, 0xFD,
    0xB5, 0x06, 0xFF, 0x87, 0xDF, 0xFF, 0x6A, 0x40, 0x22, 0x4A, 0x6B, 0x6A, 0x2E, 0xFF, 0x81, 0x94,
    0x80, 0x02, 0x4A, 0x02, 0xB5, 0x7F, 0xFF, 0x23, 0xFF, 0x82, 0x6B, 0x6A, 0x22, 0x03, 0x4A, 0x89,
    0xDC, 0x95, 0xFD, 0xB5, 0xFD, 0xB5, 0xDC, 0x95, 0xFD, 0xB5, 0x08, 0xFF, 0x83, 0x6B, 0x6A, 0x49,
    0x2A, 0x02, 0x4A, 0x81, 0xDE, 0xDF, 0x2D, 0xFF, 0x84, 0xEA, 0x49, 0x2A, 0x4B, 0x6A, 0x08, 0xFF,
    0x86, 0x6B, 0x6A, 0x4A, 0x40, 0xB4, 0x95, 0xDF, 0x28, 0xFF, 0x80, 0xF5, 0x6C, 0xFF, 0x82, 0xDE,
    0xDF, 0x6A, 0x02, 0x4A, 0x88, 0x40, 0x6B, 0x6A, 0xFD, 0xB5, 0xFC, 0x8A, 0xFE, 0xD5, 0x08, 0xFF,
    0x87, 0x6C, 0x8A, 0x49, 0x2A, 0x4A, 0x40, 0xB6, 0xDF, 0x2E, 0xFF, 0x81, 0x94, 0x80, 0x02, 0x4A,
    0x81, 0xB4, 0x95, 0x08, 0xFF, 0x04, 0x4A, 0x85, 0x22, 0x40, 0x6A, 0x4A, 0x94, 0x8A, 0x21, 0xFF,
    0x86, 0xF5, 0x94, 0x8A, 0x6B, 0x6A, 0xDE, 0xD5, 0x6C, 0xFF, 0x02, 0xB5, 0x04, 0x4A, 0x85, 0xB3,
    0x6A, 0xFE, 0xDF, 0xFE, 0xDF, 0x06, 0xFF, 0x83, 0x94, 0x95, 0x4A, 0x40, 0x02, 0x4A, 0x81, 0x94,
    0x95, 0x2F, 0xFF, 0x82, 0xF5, 0x4A, 0x40, 0x02, 0x4A, 0x80, 0xDF, 0x09, 0xFF, 0x83, 0xDE, 0xDF,
    0x94, 0x8A, 0x04, 0x4A, 0x87, 0x21, 0x2A, 0x4A, 0x40, 0x93, 0x6A, 0xDE, 0xD5, 0x1C, 0xFF, 0x83,
    0x6B, 0x6A, 0x49, 0x2A, 0x02, 0x4A, 0x02, 0xB5, 0x6C, 0xFF, 0x82, 0x6B, 0x6A, 0x22, 0x03, 0x4A,
    0x81, 0xFE, 0xDF, 0x06, 0xFF, 0x87, 0x94, 0x95, 0x4A, 0x40, 0x21, 0x2A, 0x94, 0x95, 0x30, 0xFF,
    0x81, 0xB5, 0xAA, 0x02, 0x4A, 0x81, 0x94, 0x95, 0x10, 0xFF, 0x83, 0x94, 0x95, 0x6B, 0x6A, 0x02,
    0x4A, 0x80, 0x22, 0x03, 0x4A, 0x81, 0x94, 0x8A, 0x1C, 0xFF, 0x83, 0x6B, 0x6A, 0x22, 0x40, 0x02,
    0x4A, 0x81, 0x94, 0x8A, 0x6A, 0xFF, 0x83, 0xDE, 0xDF, 0x4A, 0x40, 0x02, 0x4A, 0x81, 0x95, 0xB5,
    0x04, 0xFF, 0x83, 0x95, 0xB5, 0x4A, 0x40, 0x02, 0x4A, 0x81, 0x94, 0x95, 0x31, 0xFF, 0x86, 0xF5,
    0x6B, 0x6A, 0x4A, 0x40, 0xB5, 0xBF, 0x14, 0xFF, 0x02, 0xB5, 0x80, 0x6A, 0x03, 0x4A, 0x81, 0x6B,
    0x6A, 0x0B, 0xFF, 0x88, 0xF5, 0xFF, 0xF5, 0xFF, 0xF5, 0xFF, 0xF5, 0xFF, 0xF5, 0x0A, 0xFF, 0x83,
    0x94, 0x95, 0x49, 0x20, 0x02, 0x4A, 0x83, 0x6B, 0x6A, 0xDE, 0xD5, 0x68, 0xFF, 0x89, 0xB4, 0x95,
    0x22, 0x40, 0x6A, 0x4A, 0xDE, 0xDF, 0x94, 0x8A, 0x02, 0x4A, 0x83, 0x49, 0x2A, 0x6C, 0x8A, 0x33,
    0xFF, 0x84, 0xF5, 0x4A, 0x40, 0x6B, 0x75, 0x1A, 0xFF, 0x83, 0xDE, 0xDF, 0xDE, 0xDF, 0x09, 0xFF,
    0x8C, 0xF5, 0xFE, 0xDF, 0xFE, 0xD5, 0xFE, 0xDF, 0xFD, 0xBF, 0xFE, 0xD5, 0xFE, 0xD5, 0x0A, 0xFF,
    0x02, 0xB5, 0x03, 0x4A, 0x80, 0x40, 0x02, 0x4A, 0x81, 0xDE, 0xD5, 0x68, 0xFF, 0x03, 0x4A, 0x82,
    0x40, 0x6B, 0x6A, 0x03, 0x4A, 0x82, 0x40, 0x6B, 0x75, 0x34, 0xFF, 0x85, 0xB5, 0xAA, 0x21, 0x2A,
    0x94, 0x8A, 0x26, 0xFF, 0x8F, 0xFE, 0xD5, 0xFE, 0xDF, 0xFE, 0xD5, 0xFE, 0xD5, 0xFE, 0xD5, 0xFE,
    0xDF, 0xFE, 0xD5, 0xFE, 0xDF, 0x0A, 0xFF, 0x02, 0xB5, 0x04, 0x4A, 0x83, 0x49, 0x20, 0x95, 0xB5,
    0x66, 0xFF, 0x81, 0x94, 0x95, 0x04, 0x4A, 0x83, 0x49, 0x2A, 0x6C, 0x95, 0x36, 0xFF, 0x81, 0x94,
    0x80, 0x02, 0x4A, 0x81, 0xB5, 0xBF, 0x25, 0xFF, 0x90, 0xF5, 0xFE, 0xDF, 0xFE, 0xD5, 0xFE, 0xDF,
    0xFE, 0xDF, 0xFE, 0xD5, 0xFE, 0xDF, 0xFE, 0xD5, 0xFE, 0xD5, 0x04, 0xFF, 0x86, 0xFE, 0xD5, 0x94,
    0x95, 0x94, 0x8A, 0x6A, 0x09, 0x4A, 0x3B, 0xFF, 0x80, 0xF5, 0x2B, 0xFF, 0x80, 0xF5, 0x03, 0x4A,
    0x82, 0x40, 0x6C, 0x95, 0x37, 0xFF, 0x80, 0xF5, 0x04, 0x4A, 0x81, 0xFE, 0xD5, 0x24, 0xFF, 0x95,
    0xFE, 0xDF, 0xFE, 0xD5, 0xFE, 0xD5, 0xFD, 0xB5, 0xFE, 0xD5, 0xFE, 0xDF, 0xFD, 0xB5, 0xFE, 0xDF,
    0xFC, 0x95, 0x93, 0x6A, 0x4A, 0x40, 0x03, 0x4A, 0x82, 0x40, 0x21, 0x2A, 0x04, 0x4A, 0x85, 0x4B,
    0x6A, 0x93, 0x6A, 0xDE, 0xDF, 0x35, 0xFF, 0x88, 0xF5, 0xFF, 0xEA, 0x94, 0x8A, 0x6B, 0x6A, 0xB5,
    0xAA, 0x2A, 0xFF, 0x85, 0x6B, 0x75, 0x4A, 0x40, 0x6B, 0x75, 0x37, 0xFF, 0x84, 0xF5, 0x4A, 0x40,
    0x6B, 0x6A, 0x08, 0xFF, 0x81, 0xFE, 0xD5, 0x0C, 0xB5, 0x85, 0xDE, 0xD5, 0xDD, 0xB5, 0xB6, 0xD5,
    0x0B, 0xFF, 0x92, 0xF5, 0xFD, 0xBF, 0xFE, 0xD5, 0xFE, 0xDF, 0xFE, 0xD5, 0xFE, 0xDF, 0xFE, 0xD5,
    0xFE, 0xD5, 0x6B, 0x6A, 0x21, 0x2A, 0x04, 0x4A, 0x82, 0x6B, 0x6A, 0x94, 0x02, 0x95, 0x82, 0xB5,
    0xDE, 0xDF, 0x33, 0xFF, 0x86, 0xF5, 0xFF, 0xF5, 0xDE, 0xCA, 0x94, 0x8A, 0x02, 0x4A, 0x83, 0x22,
    0x4A, 0x49, 0x20, 0x02, 0x4A, 0x81, 0x94, 0x95, 0x2A, 0xFF, 0x81, 0xDE, 0xD5, 0x03, 0x4A, 0x82,
    0x40, 0xDE, 0xDF, 0x34, 0xFF, 0x85, 0xDE, 0xCA, 0x21, 0x2A, 0x6B, 0x75, 0x08, 0xFF, 0x93, 0x4B,
    0x6A, 0x21, 0x20, 0x49, 0x20, 0x22, 0x4A, 0x49, 0x20, 0x4A, 0x40, 0x21, 0x2A, 0x4A, 0x40, 0x22,
    0x4A, 0x49, 0x2A, 0x02, 0xB5, 0x0A, 0xFF, 0x91, 0xFE, 0xD5, 0xFE, 0xDF, 0xFE, 0xD5, 0xFE, 0xDF,
    0xFE, 0xD5, 0xFE, 0xDF, 0xFE, 0xD5, 0xDD, 0xB5, 0x94, 0x95, 0x02, 0xB5, 0x81, 0xDE, 0xDF, 0x0F,
    0xFF, 0x82, 0xF5, 0xDE, 0xD5, 0x25, 0xFF, 0x84, 0xF5, 0xDE, 0xCA, 0x6B, 0x6A, 0x02, 0x4A, 0x83,
    0x22, 0x40, 0x49, 0x2A, 0x02, 0x4A, 0x85, 0x6B, 0x6A, 0x94, 0x95, 0xB6, 0xD5, 0x2E, 0xFF, 0x04,
    0x4A, 0x81, 0xB4, 0x95, 0x34, 0xFF, 0x83, 0xB5, 0xAA, 0x21, 0x2A, 0x02, 0xB5, 0x08, 0xFF, 0x02,
    0xB5, 0x8A, 0x6B, 0x6A, 0x6B, 0x75, 0x6B, 0x6A, 0x6B, 0x75, 0x6B, 0x6A, 0x6B, 0x02, 0x6A, 0x81,
    0x55, 0x4B, 0x02, 0x6A, 0x82, 0x4A, 0xB6, 0xD5, 0x0A, 0xFF, 0x8D, 0xFE, 0xDF, 0xFE, 0xD5, 0xFE,
    0xD5, 0xFD, 0xBF, 0xFE, 0xD5, 0xFE, 0xD5, 0xFE, 0xDF, 0x16, 0xFF, 0x81, 0x6B, 0x6A, 0x02, 0x4A,
    0x81, 0xDE, 0xD5, 0x22, 0xFF, 0x83, 0x95, 0xAA, 0x49, 0x20, 0x04, 0x4A, 0x81, 0x93, 0x75, 0x02,
    0xB5, 0x81, 0xDE, 0xDF, 0x34, 0xFF, 0x85, 0x94, 0x8A, 0x49, 0x2A, 0x6B, 0x6A, 0x34, 0xFF, 0x83,
    0x94, 0x8A, 0x4A, 0x40, 0x02, 0xB5, 0x18, 0xFF, 0x81, 0xDE, 0xDF, 0x12, 0xFF, 0x87, 0xFE, 0xDF,
    0xFE, 0xD5, 0xFE, 0xDF, 0xFE, 0xDF, 0x18, 0xFF, 0x85, 0x6B, 0x6A, 0x21, 0x20, 0xDE, 0xDF, 0x22,
    0xFF, 0x81, 0xDE, 0xD5, 0x05, 0x4A, 0x82, 0x40, 0x95, 0xB5, 0x38, 0xFF, 0x81, 0xDE, 0xD5, 0x04,
    0x4A, 0x34, 0xFF, 0x81, 0x6B, 0x6A, 0x02, 0x4A, 0x81, 0xB5, 0xBF, 0x4C, 0xFF, 0x83, 0x6B, 0x6A,
    0x21, 0x2A, 0x02, 0xB5, 0x24, 0xFF, 0x83, 0xDE, 0xD5, 0x4B, 0x6A, 0x02, 0x4A, 0x84, 0x49, 0x2A,
    0x6B, 0x6A, 0xDF, 0x0C, 0xFF, 0x80, 0xF5, 0x2A, 0xFF, 0x81, 0x4A, 0x40, 0x02, 0x4A, 0x02, 0xB5,
    0x31, 0xFF, 0x86, 0xF5, 0x6B, 0x6A, 0x4A, 0x40, 0xDE, 0xDF, 0x4C, 0xFF, 0x85, 0x94, 0x95, 0x4A,
    0x40, 0x6B, 0x6A, 0x09, 0xFF, 0x84, 0xF5, 0xDE, 0xCA, 0xFF, 0xF5, 0x0B, 0xFF, 0x82, 0xF5, 0xFF,
    0xF5, 0x0C, 0xFF, 0x81, 0x93, 0x6A, 0x03, 0x4A, 0x80, 0x40, 0x02, 0x4A, 0x02, 0xB5, 0x04, 0xFF,
    0x89, 0xFE, 0xD5, 0xFE, 0xD5, 0xFE, 0xDF, 0xFE, 0xD5, 0xFF, 0xF5, 0x26, 0xFF, 0x85, 0x6B, 0x6A,
    0x22, 0x4A, 0xB4, 0x95, 0x32, 0xFF, 0x81, 0x4A, 0x40, 0x02, 0x4A, 0x18, 0xFF, 0x02, 0xB5, 0x83,
    0x6B, 0x6A, 0x6B, 0x6A, 0x30, 0xFF, 0x83, 0xDE, 0xD5, 0x49, 0x2A, 0x02, 0x4A, 0x85, 0x4B, 0x6A,
    0xDD, 0xB5, 0xFF, 0xF5, 0x02, 0xB5, 0x02, 0x4A, 0x83, 0x21, 0x20, 0x94, 0x95, 0x0B, 0xFF, 0x84,
    0xF5, 0x4A, 0x40, 0xB5, 0xAA, 0x0C, 0xFF, 0x02, 0xB5, 0x04, 0x4A, 0x91, 0x49, 0x20, 0x94, 0x95,
    0xFE, 0xD5, 0xFE, 0xDF, 0xFD, 0xB5, 0xFE, 0xDF, 0xFE, 0xD5, 0xFE, 0xDF, 0xFE, 0xD5, 0x24, 0xFF,
    0x85, 0x94, 0x95, 0x4A, 0x40, 0x6B, 0x6A, 0x31, 0xFF, 0x80, 0xF5, 0x04, 0x4A, 0x81, 0xDE, 0xDF,
    0x10, 0xFF, 0x85, 0xDE, 0xD5, 0x94, 0x95, 0x4A, 0x40, 0x04, 0x4A, 0x83, 0x21, 0x20, 0xDE, 0xDF,
    0x2E, 0xFF, 0x02, 0xB5, 0x81, 0x22, 0x40, 0x04, 0x4A, 0x81, 0x21, 0x20, 0x02, 0x4A, 0x81, 0x22,
    0x40, 0x04, 0x4A, 0x83, 0x6A, 0x4A, 0xDF, 0xF5, 0x07, 0xFF, 0x82, 0xF5, 0x6B, 0x6A, 0x02, 0x4A,
    0x02, 0xB5, 0x10, 0xFF, 0x93, 0x6B, 0x6A, 0x22, 0x4A, 0x49, 0x20, 0xDD, 0xB5, 0xFE, 0xDF, 0xFE,
    0xD5, 0xFE, 0xD5, 0xFE, 0xDF, 0xFE, 0xD5, 0xFE, 0xD5, 0x0D, 0xFF, 0x8A, 0xEA, 0xB5, 0xAA, 0xB5,
    0xAA, 0xDE, 0xD5, 0xFF, 0xF5, 0xFF, 0xF5, 0x03, 0xFF, 0x80, 0xF5, 0x08, 0xFF, 0x02, 0xB5, 0x83,
    0x49, 0x2A, 0x6C, 0x8A, 0x32, 0xFF, 0x81, 0x4A, 0x40, 0x02, 0x4A, 0x0E, 0xFF, 0x87, 0xB5, 0xAA,
    0x6B, 0x6A, 0x49, 0x2A, 0x22, 0x40, 0x04, 0x4A, 0x83, 0x6B, 0x6A, 0xDD, 0xBF, 0x30, 0xFF, 0x81,
    0x6B, 0x6A, 0x02, 0x4A, 0x80, 0x93, 0x02, 0x6A, 0x82, 0x4A, 0x6B, 0x6A, 0x02, 0x4A, 0x87, 0x6A,
    0x4A, 0xB4, 0x95, 0x6B, 0x6A, 0x4A, 0x40, 0x02, 0x4A, 0x8B, 0xB4, 0x8A, 0xB6, 0xD5, 0xB5, 0xAA,
    0x6B, 0x6A, 0x4A, 0x40, 0x6B, 0x6A, 0x14, 0xFF, 0x02, 0xB5, 0x91, 0x94, 0x95, 0xFE, 0xD5, 0xFE,
    0xDF, 0xFE, 0xD5, 0xFE, 0xDF, 0xFE, 0xD5, 0xFE, 0xDF, 0xFE, 0xD5, 0xFE, 0xDF, 0x0A, 0xFF, 0x83,
    0x94, 0x8A, 0x21, 0x20, 0x02, 0x4A, 0x85, 0x21, 0x20, 0x49, 0x2A, 0x4A, 0x40, 0x02, 0x4A, 0x85,
    0x6B, 0x6A, 0x94, 0x8A, 0xFF, 0xF5, 0x04, 0xFF, 0x85, 0xDE, 0xD5, 0x22, 0x40, 0x6A, 0x55, 0x31,
    0xFF, 0x81, 0xF5, 0x6A, 0x03, 0x4A, 0x81, 0xDE, 0xD5, 0x0A, 0xFF, 0x83, 0x6B, 0x6A, 0x21, 0x2A,
    0x04, 0x4A, 0x85, 0x6B, 0x6A, 0xB4, 0x95, 0xDE, 0xDF, 0x34, 0xFF, 0x81, 0x4A, 0x40, 0x02, 0x4A,
    0x8F, 0xDC, 0x95, 0xFD, 0xB5, 0xFD, 0xB5, 0xFD, 0xB5, 0xFD, 0xB5, 0xFD, 0xB5, 0xFC, 0x95, 0x6B,
    0x6A, 0x02, 0x4A, 0x83, 0x22, 0x4A, 0x49, 0x20, 0x04, 0x4A, 0x83, 0x6B, 0x75, 0xDE, 0xDF, 0x16,
    0xFF, 0x91, 0xFE, 0xDF, 0xFE, 0xD5, 0xFE, 0xDF, 0xFE, 0xD5, 0xFD, 0xB5, 0xFE, 0xDF, 0xFE, 0xD5,
    0xFE, 0xDF, 0xFE, 0xD5, 0x0C, 0xFF, 0x87, 0xB4, 0x95, 0x94, 0x95, 0x6C, 0x8A, 0x6B, 0x6A, 0x05,
    0x4A, 0x84, 0x40, 0x21, 0x2A, 0x94, 0x95, 0x04, 0xFF, 0x81, 0xDE, 0xD5, 0x04, 0x4A, 0x32, 0xFF,
    0x81, 0x4A, 0x40, 0x02, 0x4A, 0x80, 0xDF, 0x0B, 0xFF, 0x87, 0xB4, 0x95, 0x4B, 0x60, 0x94, 0x95,
    0xDE, 0xDF, 0x38, 0xFF, 0x98, 0xDE, 0xD5, 0x49, 0x2A, 0x6B, 0x6A, 0xDC, 0x95, 0xFD, 0xB5, 0xFC,
    0x95, 0xFD, 0xB5, 0xFC, 0x95, 0xFD, 0xB5, 0xFD, 0xB5, 0xFC, 0x95, 0xB4, 0x8A, 0x6A, 0x07, 0x4A,
    0x81, 0xDE, 0xDF, 0x18, 0xFF, 0x91, 0xFE, 0xD5, 0xFE, 0xDF, 0xFD, 0xB5, 0xFE, 0xDF, 0xFE, 0xD5,
    0xFE, 0xDF, 0xFE, 0xD5, 0xFD, 0xB5, 0xFE, 0xDF, 0x16, 0xFF, 0x81, 0xDE, 0xDF, 0x04, 0xB5, 0x06,
    0xFF, 0x83, 0xDE, 0xDF, 0x4A, 0x40, 0x02, 0x4A, 0x81, 0xDE, 0xD5, 0x30, 0xFF, 0x81, 0x4B, 0x60,
    0x02, 0x4A, 0x81, 0xDE, 0xDF, 0x4A, 0xFF, 0x02, 0xB5, 0x9B, 0x22, 0x40, 0x6A, 0x4A, 0xFD, 0xB5,
    0xFD, 0xB5, 0xFD, 0xB5, 0xDD, 0xAA, 0xFD, 0xB5, 0xFC, 0x95, 0xDD, 0xAA, 0xFD, 0xB5, 0xFD, 0xB5,
    0xFD, 0xB5, 0xB4, 0x95, 0x4A, 0x40, 0x02, 0x4A, 0x1C, 0xFF, 0x8D, 0xFE, 0xD5, 0xFE, 0xD5, 0xFE,
    0xDF, 0xFE, 0xD5, 0xFE, 0xD5, 0xFE, 0xDF, 0xFE, 0xD5, 0x24, 0xFF, 0x81, 0xDE, 0xDF, 0x04, 0x4A,
    0x81, 0xDE, 0xDF, 0x30, 0xFF, 0x81, 0x6B, 0x6A, 0x02, 0x4A, 0x02, 0xB5, 0x4A, 0xFF, 0x02, 0xB5,
    0x99, 0x21, 0x2A, 0x93, 0x6A, 0xFD, 0xB5, 0xFD, 0xB5, 0xFC, 0x95, 0xFD, 0xB5, 0xFC, 0x95, 0xFD,
    0xB5, 0xFD, 0xB5, 0xFC, 0x95, 0xFD, 0xB5, 0xFD, 0xB5, 0x93, 0x6A, 0x02, 0x4A, 0x81, 0x6B, 0x6A,
    0x1C, 0xFF, 0x8D, 0xFE, 0xDF, 0xFE, 0xD5, 0xFE, 0xD5, 0xFD, 0xBF, 0xFE, 0xD5, 0xFE, 0xDF, 0xFE,
    0xD5, 0x24, 0xFF, 0x81, 0xFE, 0xD5, 0x03, 0x4A, 0x82, 0x40, 0xDE, 0xDF, 0x30, 0xFF, 0x85, 0x94,
    0x8A, 0x49, 0x20, 0x94, 0x95, 0x4A, 0xFF, 0x02, 0xB5, 0x9D, 0x21, 0x20, 0x93, 0x6A, 0xFD, 0xB5,
    0xFD, 0xB5, 0xFD, 0xAA, 0xDC, 0x95, 0xFD, 0xB5, 0xDD, 0xAA, 0xFD, 0xB5, 0xFD, 0xB5, 0xDC, 0x95,
    0xFD, 0xB5, 0x6A, 0x4A, 0x22, 0x4A, 0xB4, 0x95, 0x20, 0xFF, 0x81, 0xFE, 0xDF, 0x02, 0xFF, 0x81,
    0xFE, 0xD5, 0x0D, 0xFF, 0x80, 0xF5, 0x1A, 0xFF, 0x81, 0xDE, 0xDF, 0x04, 0x4A, 0x80, 0xDF, 0x31,
    0xFF, 0x85, 0xB5, 0xAA, 0x21, 0x2A, 0x94, 0x8A, 0x4A, 0xFF, 0x02, 0xB5, 0x97, 0x49, 0x20, 0x6B,
    0x75, 0xFD, 0xB5, 0xFC, 0x95, 0xFD, 0xB5, 0xFD, 0xB5, 0xFD, 0xB5, 0xFC, 0x95, 0xFD, 0xB5, 0xFC,
    0x95, 0xFD, 0xB5, 0xDC, 0x8A, 0x04, 0x4A, 0x81, 0xDE, 0xD5, 0x32, 0xFF, 0x85, 0x93, 0x6A, 0x4A,
    0x40, 0x94, 0x8A, 0x16, 0xFF, 0x81, 0xDE, 0xD5, 0x03, 0x4A, 0x82, 0x40, 0xFE, 0xDF, 0x30, 0xFF,
    0x81, 0xDE, 0xD5, 0x02, 0x4A, 0x81, 0x6A, 0x4A, 0x4A, 0xFF, 0x9D, 0xDE, 0xD5, 0x22, 0x4A, 0x6A,
    0x4A, 0xFD, 0xAA, 0xFD, 0xB5, 0xDD, 0xB5, 0xFC, 0x95, 0xFD, 0xAA, 0xDD, 0xB5, 0xFD, 0xB5, 0xDD,
    0xAA, 0xFD, 0xB5, 0x93, 0x6A, 0x22, 0x4A, 0x6B, 0x6A, 0x34, 0xFF, 0x83, 0x94, 0x8A, 0x49, 0x2A,
    0x03, 0x4A, 0x80, 0x40, 0x02, 0xB5, 0x12, 0xFF, 0x81, 0xDE, 0xD5, 0x02, 0x4A, 0x81, 0x4B, 0x6A,
    0x34, 0xFF, 0x81, 0x4A, 0x40, 0x02, 0x4A, 0x81, 0xB6, 0xDF, 0x49, 0xFF, 0x80, 0xF5, 0x04, 0x4A,
    0x91, 0xDC, 0x95, 0xFD, 0xB5, 0xFC, 0x95, 0xFD, 0xB5, 0xDD, 0xB5, 0xFC, 0x95, 0xFD, 0xB5, 0xFC,
    0x95, 0xB4, 0x95, 0x03, 0x4A, 0x82, 0x40, 0xB5, 0xBF, 0x36, 0xFF, 0x02, 0xB5, 0x04, 0x4A, 0x85,
    0x49, 0x20, 0x6B, 0x6A, 0xDE, 0xD5, 0x0E, 0xFF, 0x02, 0xB5, 0x85, 0x49, 0x2A, 0x6B, 0x6A, 0xFE,
    0xDF, 0x32, 0xFF, 0x85, 0x6B, 0x6A, 0x4A, 0x40, 0x94, 0x95, 0x4A, 0xFF, 0x99, 0x6B, 0x6A, 0x21,
    0x20, 0x93, 0x6A, 0xFD, 0xB5, 0xFD, 0xB5, 0xFD, 0xAA, 0xFC, 0x95, 0xFD, 0xB5, 0xFD, 0xB5, 0xDC,
    0x8A, 0x6B, 0x6A, 0x49, 0x2A, 0x6B, 0x6A, 0x3C, 0xFF, 0x81, 0x94, 0x95, 0x02, 0x4A, 0x81, 0x21,
    0x2A, 0x02, 0x4A, 0x81, 0x6B, 0x6A, 0x0C, 0xFF, 0x02, 0xB5, 0x83, 0x22, 0x40, 0x6B, 0x6A, 0x34,
    0xFF, 0x85, 0xDE, 0xD5, 0x21, 0x2A, 0x6B, 0x6A, 0x4A, 0xFF, 0x02, 0xB5, 0x04, 0x4A, 0x8E, 0xDC,
    0x95, 0xFD, 0xB5, 0xFD, 0xB5, 0xFD, 0xB5, 0xFD, 0xB5, 0xDC, 0x8A, 0x6B, 0x6A, 0x22, 0x03, 0x4A,
    0x81, 0xDE, 0xDF, 0x30, 0xFF, 0x83, 0xFE, 0xD5, 0xB6, 0xD5, 0x0A, 0xFF, 0x83, 0xDE, 0xD5, 0x6B,
    0x6A, 0x02, 0x4A, 0x83, 0x21, 0x20, 0x94, 0x95, 0x0A, 0xFF, 0x85, 0x94, 0x8A, 0x21, 0x2A, 0x94,
    0x95, 0x36, 0xFF, 0x83, 0x4A, 0x40, 0x49, 0x2A, 0x02, 0xB5, 0x4A, 0xFF, 0x83, 0x6B, 0x6A, 0x4A,
    0x40, 0x02, 0x4A, 0x87, 0xB4, 0x8A, 0xDC, 0x95, 0xDC, 0x95, 0xB4, 0x8A, 0x06, 0x4A, 0x81, 0xDD,
    0xB5, 0x32, 0xFF, 0x85, 0x6C, 0x8A, 0x49, 0x2A, 0x93, 0x6A, 0x0C, 0xFF, 0x02, 0xB5, 0x81, 0x6B,
    0x75, 0x02, 0xB5, 0x0A, 0xFF, 0x81, 0x6B, 0x6A, 0x02, 0x4A, 0x81, 0xB4, 0x95, 0x36, 0xFF, 0x85,
    0x94, 0x8A, 0x22, 0x4A, 0x6B, 0x6A, 0x4A, 0xFF, 0x81, 0xFE, 0xDF, 0x09, 0x4A, 0x80, 0x40, 0x06,
    0x4A, 0x81, 0xDD, 0xB5, 0x34, 0xFF, 0x02, 0xB5, 0x02, 0x4A, 0x81, 0x22, 0x40, 0x02, 0xB5, 0x1A,
    0xFF, 0x81, 0x4A, 0x40, 0x02, 0x4A, 0x81, 0xB6, 0xD5, 0x38, 0xFF, 0x81, 0x49, 0x20, 0x02, 0x4A,
    0x02, 0xB5, 0x4C, 0xFF, 0x81, 0x6B, 0x6A, 0x08, 0x4A, 0x81, 0x94, 0x95, 0x3A, 0xFF, 0x83, 0x94,
    0x8A, 0x49, 0x2A, 0x02, 0x4A, 0x02, 0xB5, 0x16, 0xFF, 0x02, 0xB5, 0x04, 0x4A, 0x3A, 0xFF, 0x83,
    0x94, 0x95, 0x22, 0x40, 0x02, 0x4A, 0x81, 0xFE, 0xDF, 0x4E, 0xFF, 0x83, 0xDE, 0xD5, 0xDE, 0xDF,
    0x40, 0xFF, 0x81, 0x4B, 0x6A, 0x04, 0x4A, 0x16, 0xFF, 0x85, 0x94, 0x8A, 0x21, 0x2A, 0x93, 0x6A,
    0x3C, 0xFF, 0x80, 0x6A, 0x02, 0x4A, 0x82, 0x40, 0x6B, 0x6A, 0x7F, 0xFF, 0x13, 0xFF, 0x81, 0xFE,
    0xDF, 0x03, 0x4A, 0x82, 0x40, 0x6B, 0x6A, 0x14, 0xFF, 0x03, 0x4A, 0x82, 0x40, 0xB5, 0xBF, 0x3C,
    0xFF, 0x83, 0xB6, 0xD5, 0x49, 0x2A, 0x02, 0x4A, 0x81, 0x95, 0xB5, 0x7F, 0xFF, 0x13, 0xFF, 0x02,
    0xB5, 0x02, 0x4A, 0x83, 0x21, 0x2A, 0xB4, 0x95, 0x10, 0xFF, 0x02, 0xB5, 0x81, 0x4A, 0x40, 0x02,
    0x4A, 0x80, 0xDF, 0x3F, 0xFF, 0x82, 0x94, 0x8A, 0x22, 0x02, 0x4A, 0x82, 0x40, 0xDD, 0xB5, 0x7F,
    0xFF, 0x13, 0xFF, 0x85, 0x94, 0x95, 0x4A, 0x40, 0x95, 0xB5, 0x10, 0xFF, 0x85, 0x94, 0x8A, 0x49,
    0x2A, 0x6B, 0x6A, 0x42, 0xFF, 0x83, 0x93, 0x6A, 0x21, 0x2A, 0x02, 0x4A, 0x81, 0xDE, 0xD5, 0x7F,
    0xFF, 0x25, 0xFF, 0x81, 0xDE, 0xD5, 0x04, 0x4A, 0x81, 0xB6, 0xDF, 0x44, 0xFF, 0x83, 0x6B, 0x6A,
    0x22, 0x40, 0x02, 0x4A, 0x81, 0xDE, 0xD5, 0x7F, 0xFF, 0x23, 0xFF, 0x85, 0x94, 0x8A, 0x21, 0x2A,
    0x6B, 0x6A, 0x48, 0xFF, 0x82, 0x6A, 0x4A, 0x22, 0x03, 0x4A, 0x02, 0xB5, 0x7F, 0xFF, 0x21, 0xFF,
    0x83, 0x6B, 0x6A, 0x4A, 0x40, 0x02, 0xB5, 0x4A, 0xFF, 0x03, 0x4A, 0x80, 0x40, 0x02, 0x4A, 0x81,
    0x94, 0x8A, 0x7F, 0xFF, 0x1F, 0xFF, 0x83, 0x6B, 0x6A, 0x21, 0x2A, 0x02, 0xB5, 0x4C, 0xFF, 0x83,
    0x6B, 0x6A, 0x49, 0x2A, 0x02, 0x4A, 0x81, 0x94, 0x8A, 0x7F, 0xFF, 0x1D, 0xFF, 0x85, 0x6B, 0x6A,
    0x21, 0x2A, 0xDD, 0xB5, 0x4E, 0xFF, 0x85, 0x94, 0x95, 0x4A, 0x40, 0x21, 0x2A, 0x02, 0x4A, 0x81,
    0xDE, 0xD5, 0x7F, 0xFF, 0x19, 0xFF, 0x85, 0x6B, 0x6A, 0x4A, 0x40, 0xB5, 0xBF, 0x20, 0xFF, 0x89,
    0xDE, 0xCA, 0x94, 0x8A, 0xB4, 0x8A, 0xB6, 0xCA, 0xFE, 0xD5, 0x26, 0xFF, 0x05, 0x4A, 0x80, 0x40,
    0x02, 0x4A, 0x83, 0x93, 0x6A, 0xFF, 0xF5, 0x7F, 0xFF, 0x14, 0xFF, 0x80, 0xF5, 0x04, 0x4A, 0x81,
    0xDE, 0xD5, 0x1E, 0xFF, 0x91, 0xB5, 0xAA, 0x21, 0x2A, 0x4A, 0x40, 0x22, 0x4A, 0x49, 0x2A, 0x22,
    0x40, 0x6B, 0x6A, 0xB5, 0xAA, 0xFF, 0xF5, 0x1E, 0xFF, 0x02, 0xB5, 0x88, 0x21, 0x20, 0x6B, 0x6A,
    0x6B, 0x75, 0x4A, 0x40, 0x22, 0x03, 0x4A, 0x02, 0xB5, 0x13, 0xFF, 0x88, 0xF5, 0xFF, 0xF5, 0xFF,
    0xF5, 0xFF, 0xF5, 0xFF, 0xF5, 0x74, 0xFF, 0x83, 0xDE, 0xD5, 0x21, 0x2A, 0x02, 0x4A, 0x20, 0xFF,
    0x81, 0x4A, 0x40, 0x02, 0x4A, 0x81, 0x94, 0x95, 0x02, 0xB5, 0x81, 0x94, 0x95, 0x03, 0x4A, 0x86,
    0x40, 0x21, 0x2A, 0x6B, 0x6A, 0xB5, 0xAA, 0x1C, 0xFF, 0x81, 0x6B, 0x6A, 0x02, 0x4A, 0x81, 0x94,
    0x95, 0x02, 0xFF, 0x02, 0xB5, 0x85, 0x6A, 0x4A, 0x22, 0x40, 0x6B, 0x6A, 0x0D, 0xFF, 0x88, 0xF5,
    0xFF, 0xF5, 0x94, 0x8A, 0x6B, 0x6A, 0x4A, 0x40, 0x03, 0x4A, 0x84, 0x40, 0x6B, 0x6A, 0xB5, 0xAA,
    0x72, 0xFF, 0x85, 0x94, 0x95, 0x4A, 0x40, 0x6B, 0x6A, 0x1F, 0xFF, 0x86, 0xF5, 0x21, 0x2A, 0x6B,
    0x6A, 0xFE, 0xDF, 0x06, 0xFF, 0x02, 0xB5, 0x89, 0x6B, 0x6A, 0x49, 0x2A, 0x4A, 0x40, 0x6B, 0x6A,
    0xFF, 0xF5, 0x17, 0xFF, 0x80, 0xF5, 0x03, 0x4A, 0x82, 0x40, 0xB5, 0xBF, 0x06, 0xFF, 0x83, 0xB4,
    0x95, 0xB6, 0xDF, 0x09, 0xFF, 0x86, 0xF5, 0xDE, 0xCA, 0x6B, 0x6A, 0x4A, 0x40, 0x04, 0x4A, 0x8D,
    0x6B, 0x6A, 0x6B, 0x75, 0x6B, 0x6A, 0x49, 0x2A, 0x22, 0x4A, 0x6A, 0x40, 0xDE, 0xD5, 0x6E, 0xFF,
    0x83, 0x6B, 0x60, 0x21, 0x2A, 0x02, 0xB5, 0x20, 0xFF, 0x81, 0x4A, 0x40, 0x02, 0x4A, 0x81, 0xB6,
    0xD5, 0x0A, 0xFF, 0x02, 0xB5, 0x05, 0x4A, 0x82, 0x40, 0xDE, 0xD5, 0x14, 0xFF, 0x85, 0xDE, 0xD5,
    0x21, 0x20, 0x6B, 0x6A, 0x12, 0xFF, 0x89, 0xDE, 0xCA, 0x6A, 0x4A, 0x22, 0x4A, 0x49, 0x2A, 0x6B,
    0x6A, 0x02, 0xB5, 0x81, 0xDE, 0xDF, 0x06, 0xFF, 0x83, 0xDE, 0xDF, 0x6B, 0x6A, 0x03, 0x4A, 0x82,
    0x40, 0x94, 0x95, 0x6A, 0xFF, 0x87, 0xB5, 0xAA, 0x21, 0x2A, 0x6B, 0x6A, 0xFE, 0xDF, 0x20, 0xFF,
    0x85, 0x6B, 0x6A, 0x21, 0x2A, 0x6B, 0x6A, 0x0E, 0xFF, 0x83, 0x6B, 0x6A, 0x21, 0x2A, 0x02, 0x4A,
    0x81, 0xB5, 0xAA, 0x12, 0xFF, 0x81, 0x94, 0x8A, 0x02, 0x4A, 0x81, 0x94, 0x95, 0x0E, 0xFF, 0x84,
    0xFE, 0xD5, 0x6B, 0x6A, 0x22, 0x03, 0x4A, 0x81, 0x6B, 0x6A, 0x02, 0xB5, 0x10, 0xFF, 0x81, 0x94,
    0x95, 0x03, 0x4A, 0x80, 0x40, 0x02, 0xB5, 0x19, 0xFF, 0x80, 0xF5, 0x4D, 0xFF, 0x80, 0xF5, 0x04,
    0x4A, 0x81, 0x94, 0x95, 0x22, 0xFF, 0x83, 0xDE, 0xD5, 0x49, 0x2A, 0x02, 0x4A, 0x02, 0xB5, 0x0E,
    0xFF, 0x83, 0x94, 0x95, 0x4A, 0x40, 0x02, 0x4A, 0x81, 0xDE, 0xD5, 0x0F, 0xFF, 0x82, 0xF5, 0x6B,
    0x6A, 0x02, 0x4A, 0x81, 0xDE, 0xD5, 0x0C, 0xFF, 0x81, 0x94, 0x8A, 0x02, 0x4A, 0x83, 0x21, 0x20,
    0x6A, 0x4A, 0x02, 0xB5, 0x16, 0xFF, 0x02, 0xB5, 0x03, 0x4A, 0x82, 0x40, 0xDE, 0xD5, 0x0F, 0xFF,
    0x8A, 0xF5, 0xFF, 0xF5, 0xDD, 0xAA, 0x94, 0x8A, 0x6B, 0x6A, 0x94, 0x80, 0x02, 0xB5, 0x81, 0xDE,
    0xD5, 0x45, 0xFF, 0x80, 0xF5, 0x03, 0x4A, 0x82, 0x40, 0x6B, 0x6A, 0x26, 0xFF, 0x81, 0x6B, 0x6A,
    0x04, 0x4A, 0x81, 0xDE, 0xDF, 0x0E, 0xFF, 0x83, 0x6B, 0x75, 0x4A, 0x40, 0x02, 0x4A, 0x81, 0xFF,
    0xF5, 0x0D, 0xFF, 0x85, 0xF5, 0x21, 0x20, 0x6A, 0x4A, 0xDF, 0x0B, 0xFF, 0x83, 0x94, 0x8A, 0x21,
    0x2A, 0x02, 0x4A, 0x83, 0x94, 0x95, 0xDE, 0xDF, 0x1A, 0xFF, 0x85, 0x94, 0x8A, 0x21, 0x2A, 0x6B,
    0x6A, 0x0D, 0xFF, 0x85, 0xF5, 0xB4, 0x8A, 0x4A, 0x40, 0x22, 0x02, 0x4A, 0x80, 0x40, 0x02, 0x4A,
    0x89, 0x21, 0x2A, 0x49, 0x20, 0x4A, 0x40, 0x6B, 0x6A, 0xFF, 0xF5, 0x3F, 0xFF, 0x88, 0xF5, 0x6A,
    0x4A, 0x22, 0x4A, 0x6A, 0x4A, 0xDE, 0xDF, 0x28, 0xFF, 0x81, 0x4A, 0x40, 0x02, 0x4A, 0x82, 0x6A,
    0x4A, 0xDF, 0x0F, 0xFF, 0x06, 0x4A, 0x0C, 0xFF, 0x81, 0xB5, 0xAA, 0x02, 0x4A, 0x81, 0x6C, 0x95,
    0x0A, 0xFF, 0x81, 0xFE, 0xDF, 0x03, 0x4A, 0x80, 0x40, 0x02, 0xB5, 0x20, 0xFF, 0x03, 0x4A, 0x80,
    0x40, 0x02, 0xB5, 0x07, 0xFF, 0x92, 0xF5, 0xFE, 0xCA, 0x4A, 0x40, 0x22, 0x4A, 0x6B, 0x6A, 0x94,
    0x95, 0xDE, 0xDF, 0xDE, 0xDF, 0xDE, 0xDF, 0x94, 0x95, 0x02, 0x4A, 0x80, 0x22, 0x02, 0x4A, 0x82,
    0x40, 0xB4, 0x95, 0x3B, 0xFF, 0x80, 0xEA, 0x03, 0x4A, 0x80, 0x40, 0x02, 0x4A, 0x81, 0xDE, 0xDF,
    0x2A, 0xFF, 0x89, 0xDE, 0xDF, 0x4A, 0x40, 0x22, 0x4A, 0x6A, 0x40, 0xDE, 0xDF, 0x0C, 0xFF, 0x83,
    0xDE, 0xDF, 0x4A, 0x40, 0x02, 0x4A, 0x81, 0x94, 0x8A, 0x0A, 0xFF, 0x81, 0x6B, 0x6A, 0x02, 0x4A,
    0x81, 0xB4, 0x95, 0x0C, 0xFF, 0x83, 0xDF, 0xFF, 0xDE, 0xDF, 0x22, 0xFF, 0x02, 0xB5, 0x83, 0x21,
    0x2A, 0x6B, 0x6A, 0x06, 0xFF, 0x83, 0xB5, 0xAA, 0x21, 0x2A, 0x02, 0x4A, 0x81, 0x94, 0x95, 0x0E,
    0xFF, 0x81, 0x93, 0x6A, 0x02, 0x4A, 0x83, 0x22, 0x40, 0x93, 0x6A, 0x35, 0xFF, 0x8A, 0xEA, 0x94,
    0x8A, 0x21, 0x2A, 0x4A, 0x40, 0x6B, 0x75, 0xDE, 0xDF, 0x2E, 0xFF, 0x02, 0xB5, 0x06, 0x4A, 0x81,
    0xDE, 0xD5, 0x0C, 0xFF, 0x02, 0xB5, 0x83, 0x49, 0x2A, 0x4B, 0x6A, 0x09, 0xFF, 0x82, 0xF5, 0x4A,
    0x40, 0x02, 0x4A, 0x81, 0xDE, 0xDF, 0x34, 0xFF, 0x03, 0x4A, 0x82, 0x40, 0xDE, 0xDF, 0x02, 0xFF,
    0x87, 0x93, 0x60, 0x22, 0x4A, 0x6A, 0x4A, 0xDE, 0xD5, 0x12, 0xFF, 0x02, 0xB5, 0x02, 0x4A, 0x85,
    0x22, 0x4A, 0x6B, 0x6A, 0xFF, 0xF5, 0x2B, 0xFF, 0x84, 0xF5, 0xFF, 0xEA, 0x94, 0x8A, 0x03, 0x4A,
    0x80, 0x40, 0x02, 0x4A, 0x81, 0x94, 0x95, 0x34, 0xFF, 0x83, 0xDE, 0xDF, 0x4A, 0x40, 0x04, 0x4A,
    0x81, 0xDE, 0xD5, 0x0C, 0xFF, 0x85, 0x6B, 0x6A, 0x21, 0x20, 0x94, 0x8A, 0x06, 0xFF, 0x81, 0xDE,
    0xD5, 0x02, 0x4A, 0x81, 0x6B, 0x6A, 0x20, 0xFF, 0x83, 0x6C, 0x8A, 0xB4, 0x95, 0x12, 0xFF, 0x8D,
    0x93, 0x6A, 0x21, 0x2A, 0xB5, 0xAA, 0x94, 0x95, 0x22, 0x4A, 0x6A, 0x4A, 0xB6, 0xDF, 0x16, 0xFF,
    0x85, 0xDE, 0xDF, 0x6A, 0x4A, 0x22, 0x40, 0x02, 0x4A, 0x05, 0xFF, 0x86, 0xF5, 0xFF, 0xF5, 0xDE,
    0xD5, 0xFF, 0xF5, 0x03, 0xFF, 0x80, 0xF5, 0x0F, 0xFF, 0x80, 0xF5, 0x03, 0xFF, 0x8C, 0xF5, 0xFF,
    0xEA, 0xDE, 0xCA, 0x94, 0x8A, 0x6B, 0x6A, 0x4A, 0x40, 0x21, 0x2A, 0x02, 0x4A, 0x83, 0x94, 0x95,
    0xDE, 0xDF, 0x38, 0xFF, 0x81, 0xDE, 0xDF, 0x03, 0x4A, 0x80, 0x40, 0x02, 0x4A, 0x81, 0xDE, 0xDF,
    0x0A, 0xFF, 0x02, 0xB5, 0x04, 0x4A, 0x06, 0xFF, 0x85, 0x94, 0x8A, 0x49, 0x2A, 0x6C, 0x8A, 0x1E,
    0xFF, 0x83, 0xDE, 0xDF, 0x4A, 0x40, 0x02, 0x4A, 0x02, 0xB5, 0x10, 0xFF, 0x87, 0x95, 0xB5, 0x49,
    0x20, 0x4B, 0x75, 0x4A, 0x40, 0x02, 0x4A, 0x02, 0xB5, 0x1A, 0xFF, 0x82, 0xDE, 0xDF, 0x6A, 0x04,
    0x4A, 0x80, 0x40, 0x02, 0xFF, 0x02, 0xB5, 0x81, 0x21, 0x20, 0x03, 0x4A, 0x98, 0x40, 0x6B, 0x6A,
    0x6B, 0x6A, 0x94, 0x8A, 0xB5, 0xAA, 0x94, 0x8A, 0xB5, 0xA0, 0xB5, 0xAA, 0xB5, 0xAA, 0x94, 0x8A,
    0x94, 0x8A, 0x6B, 0x60, 0x6B, 0x6A, 0x02, 0x4A, 0x83, 0x21, 0x2A, 0x4A, 0x40, 0x02, 0x4A, 0x81,
    0x6B, 0x75, 0x02, 0xB5, 0x81, 0xDE, 0xDF, 0x40, 0xFF, 0x04, 0x4A, 0x81, 0x6B, 0x6A, 0x0C, 0xFF,
    0x03, 0x4A, 0x82, 0x40, 0xB4, 0x95, 0x04, 0xFF, 0x81, 0x6B, 0x6A, 0x02, 0x4A, 0x81, 0x94, 0x95,
    0x20, 0xFF, 0x85, 0x94, 0x8A, 0x21, 0x2A, 0x6B, 0x6A, 0x10, 0xFF, 0x83, 0x94, 0x95, 0x4A, 0x40,
    0x04, 0x4A, 0x81, 0x93, 0x75, 0x1E, 0xFF, 0x81, 0xDF, 0xFF, 0x04, 0x4A, 0x81, 0x6B, 0x6A, 0x02,
    0xB5, 0x83, 0x6B, 0x6A, 0x6B, 0x6A, 0x05, 0x4A, 0x80, 0x40, 0x04, 0x4A, 0x81, 0x21, 0x20, 0x02,
    0x4A, 0x84, 0x21, 0x2A, 0x49, 0x20, 0x22, 0x02, 0x4A, 0x80, 0x40, 0x04, 0x4A, 0x83, 0x6B, 0x6A,
    0x94, 0x95, 0x02, 0xB5, 0x81, 0xDE, 0xDF, 0x46, 0xFF, 0x02, 0xB5, 0x02, 0x4A, 0x83, 0x49, 0x20,
    0x95, 0xB5, 0x0A, 0xFF, 0x85, 0x94, 0x95, 0x21, 0x20, 0x6B, 0x75, 0x04, 0xFF, 0x03, 0x4A, 0x82,
    0x40, 0xB5, 0xBF, 0x22, 0xFF, 0x03, 0x4A, 0x82, 0x40, 0x6B, 0x6A, 0x0E, 0xFF, 0x81, 0x6B, 0x6A,
    0x06, 0x4A, 0x81, 0xDE, 0xD5, 0x20, 0xFF, 0x81, 0xDE, 0xD5, 0x02, 0x4A, 0x83, 0x21, 0x20, 0x94,
    0x95, 0x04, 0xFF, 0x87, 0xDE, 0xDF, 0xDE, 0xDF, 0x95, 0xB5, 0x49, 0x2A, 0x02, 0x4A, 0x03, 0xB5,
    0x80, 0xBF, 0x05, 0xB5, 0x84, 0xBF, 0xDE, 0xDF, 0xDE, 0xDF, 0x52, 0xFF, 0x83, 0x94, 0x95, 0x4A,
    0x40, 0x02, 0x4A, 0x0A, 0xFF, 0x81, 0xDE, 0xD5, 0x03, 0x4A, 0x80, 0x40, 0x02, 0xFF, 0x81, 0xDE,
    0xD5, 0x04, 0x4A, 0x02, 0xB5, 0x83, 0x94, 0x8A, 0xFE, 0xDF, 0x1E, 0xFF, 0x83, 0xDE, 0xD5, 0x21,
    0x2A, 0x02, 0x4A, 0x81, 0x6B, 0x6A, 0x0A, 0xFF, 0x81, 0xB4, 0x8A, 0x06, 0x4A, 0x81, 0x6B, 0x6A,
    0x24, 0xFF, 0x81, 0xDE, 0xDF, 0x02, 0x4A, 0x81, 0x6B, 0x6A, 0x08, 0xFF, 0x81, 0xDE, 0xD5, 0x04,
    0x4A, 0x62, 0xFF, 0x04, 0x4A, 0x02, 0xB5, 0x08, 0xFF, 0x81, 0xDE, 0xDF, 0x04, 0x4A, 0x03, 0xB5,
    0x8A, 0xBF, 0x4A, 0x40, 0x6B, 0x6A, 0x6B, 0x75, 0x21, 0x20, 0x6C, 0x8A, 0x1E, 0xFF, 0x02, 0xB5,
    0x05, 0x4A, 0x86, 0x40, 0x6B, 0x6A, 0xDE, 0xDF, 0xDE, 0xD5, 0x02, 0xB5, 0x82, 0x6B, 0x6A, 0x22,
    0x03, 0x4A, 0x85, 0x6B, 0x6A, 0x49, 0x20, 0x94, 0x95, 0x12, 0xFF, 0x85, 0xB5, 0xAA, 0x6A, 0x4A,
    0xDE, 0xD5, 0x10, 0xFF, 0x81, 0xDE, 0xDF, 0x08, 0xFF, 0x83, 0xDE, 0xDF, 0x4A, 0x40, 0x02, 0x4A,
    0x81, 0xDE, 0xD5, 0x60, 0xFF, 0x85, 0x94, 0x8A, 0x21, 0x20, 0x6B, 0x75, 0x0A, 0xFF, 0x84, 0x6B,
    0x6A, 0x4A, 0x40, 0x95, 0x03, 0xB5, 0x87, 0x21, 0x2A, 0x6B, 0x6A, 0xDE, 0xDF, 0x4A, 0x40, 0x02,
    0x4A, 0x81, 0xDE, 0xDF, 0x1A, 0xFF, 0x81, 0xDE, 0xD5, 0x03, 0x4A, 0x82, 0x40, 0x6B, 0x75, 0x02,
    0x4A, 0x83, 0x21, 0x2A, 0x4A, 0x40, 0x02, 0x4A, 0x81, 0x49, 0x20, 0x04, 0x4A, 0x04, 0xB5, 0x83,
    0x22, 0x4A, 0x6B, 0x6A, 0x10, 0xFF, 0x81, 0x94, 0x8A, 0x02, 0x4A, 0x83, 0x22, 0x4A, 0xDE, 0xDF,
    0x1A, 0xFF, 0x81, 0xDE, 0xDF, 0x04, 0x4A, 0x02, 0xB5, 0x60, 0xFF, 0x02, 0xB5, 0x02, 0x4A, 0x81,
    0x6A, 0x4A, 0x0A, 0xFF, 0x8B, 0x94, 0x8A, 0x21, 0x2A, 0x94, 0x95, 0x94, 0x8A, 0x49, 0x2A, 0x94,
    0x8A, 0x02, 0xFF, 0x85, 0x6B, 0x75, 0x49, 0x20, 0x6B, 0x6A, 0x19, 0xFF, 0x80, 0xF5, 0x04, 0x4A,
    0x81, 0x6B, 0x6A, 0x02, 0xFF, 0x83, 0xDE, 0xDF, 0x94, 0x8A, 0x02, 0x4A, 0x87, 0x6B, 0x6A, 0x4B,
    0x75, 0x94, 0x8A, 0xFE, 0xDF, 0x04, 0xFF, 0x02, 0x4A, 0x83, 0x49, 0x20, 0x94, 0x95, 0x0C, 0xFF,
    0x81, 0x94, 0x8A, 0x04, 0x4A, 0x81, 0x94, 0x95, 0x1E, 0xFF, 0x85, 0x6B, 0x6A, 0x4A, 0x40, 0x94,
    0x95, 0x62, 0xFF, 0x81, 0x4A, 0x40, 0x02, 0x4A, 0x81, 0xB6, 0xD5, 0x08, 0xFF, 0x87, 0x94, 0x95,
    0x4A, 0x40, 0x6B, 0x75, 0x6B, 0x6A, 0x02, 0x4A, 0x81, 0x94, 0x95, 0x04, 0xFF, 0x02, 0x4A, 0x83,
    0x22, 0x4A, 0x93, 0x6A, 0x14, 0xFF, 0x81, 0xDE, 0xD5, 0x02, 0x4A, 0x83, 0x49, 0x20, 0x6B, 0x75,
    0x16, 0xFF, 0x87, 0x95, 0xB5, 0x49, 0x2A, 0x22, 0x40, 0x94, 0x95, 0x06, 0xFF, 0x81, 0xDE, 0xD5,
    0x03, 0x4A, 0x80, 0x40, 0x02, 0x4A, 0x81, 0xB4, 0x95, 0x20, 0xFF, 0x85, 0x94, 0x8A, 0x21, 0x2A,
    0x94, 0x95, 0x62, 0xFF, 0x04, 0x4A, 0x02, 0xB5, 0x08, 0xFF, 0x02, 0xB5, 0x02, 0x4A, 0x80, 0x6A,
    0x05, 0x4A, 0x02, 0xB5, 0x04, 0xFF, 0x02, 0xB5, 0x81, 0x4A, 0x40, 0x02, 0x4A, 0x81, 0x94, 0x8A,
    0x10, 0xFF, 0x88, 0xB5, 0xAA, 0x49, 0x2A, 0x22, 0x40, 0x6B, 0x75, 0xDF, 0x19, 0xFF, 0x81, 0x94,
    0x95, 0x02, 0x4A, 0x81, 0x21, 0x20, 0x02, 0x4A, 0x85, 0x6B, 0x6A, 0x6B, 0x6A, 0x21, 0x20, 0x02,
    0x4A, 0x83, 0x49, 0x2A, 0x94, 0x95, 0x22, 0xFF, 0x85, 0x94, 0x95, 0x4A, 0x40, 0x6B, 0x6A, 0x62,
    0xFF, 0x85, 0x6B, 0x6A, 0x21, 0x20, 0xB5, 0xBF, 0x08, 0xFF, 0x85, 0xDD, 0xB5, 0x22, 0x4A, 0x6B,
    0x6A, 0x03, 0x4A, 0x82, 0x40, 0xB5, 0xBF, 0x06, 0xFF, 0x89, 0xB4, 0x95, 0x22, 0x4A, 0x49, 0x2A,
    0x4B, 0x6A, 0xDD, 0xB5, 0x05, 0xFF, 0x80, 0xF5, 0x02, 0xFF, 0x81, 0xB5, 0xAA, 0x03, 0x4A, 0x80,
    0x40, 0x02, 0x4A, 0x81, 0x93, 0x75, 0x1E, 0xFF, 0x02, 0xB5, 0x81, 0x6B, 0x6A, 0x02, 0x4A, 0x81,
    0x49, 0x20, 0x04, 0x4A, 0x81, 0x6B, 0x6A, 0x02, 0x4A, 0x81, 0x4B, 0x6A, 0x22, 0xFF, 0x85, 0xDD,
    0xB5, 0x22, 0x4A, 0x6A, 0x4A, 0x62, 0xFF, 0x81, 0x6B, 0x6A, 0x02, 0x4A, 0x02, 0xB5, 0x08, 0xFF,
    0x81, 0xDE, 0xD5, 0x08, 0x4A, 0x02, 0xB5, 0x08, 0xFF, 0x02, 0xB5, 0x03, 0x4A, 0x86, 0x40, 0x21,
    0x2A, 0x4A, 0x40, 0x6B, 0x6A, 0x04, 0x4A, 0x81, 0x49, 0x20, 0x04, 0x4A, 0x02, 0xB5, 0x24, 0xFF,
    0x81, 0xDE, 0xDF, 0x03, 0xB5, 0x80, 0xBF, 0x02, 0xFF, 0x83, 0xDE, 0xDF, 0x4A, 0x40, 0x02, 0x4A,
    0x02, 0xB5, 0x20, 0xFF, 0x83, 0xDF, 0xFF, 0x4A, 0x40, 0x02, 0x4A, 0x81, 0xDE, 0xDF, 0x60, 0xFF,
    0x83, 0x6B, 0x6A, 0x4A, 0x40, 0x02, 0xB5, 0x08, 0xFF, 0x83, 0xDE, 0xDF, 0x4A, 0x40, 0x05, 0x4A,
    0x82, 0x40, 0xDE, 0xDF, 0x0C, 0xFF, 0x83, 0x94, 0x95, 0x6B, 0x6A, 0x08, 0x4A, 0x83, 0x6B, 0x6A,
    0xB5, 0xBF, 0x32, 0xFF, 0x86, 0x94, 0x95, 0x21, 0x20, 0x6A, 0x4A, 0xDF, 0x1D, 0xFF, 0x87, 0xDE,
    0xD5, 0xDE, 0xDF, 0x6A, 0x4A, 0x22, 0x4A, 0x02, 0xB5, 0x60, 0xFF, 0x83, 0x6B, 0x6A, 0x49, 0x2A,
    0x02, 0xB5, 0x08, 0xFF, 0x81, 0xDE, 0xD5, 0x08, 0x4A, 0x81, 0xDE, 0xD5, 0x10, 0xFF, 0x85, 0xDE,
    0xDF, 0xDE, 0xD5, 0xDE, 0xDF, 0x3A, 0xFF, 0x85, 0x4B, 0x6A, 0x49, 0x2A, 0x6B, 0x6A, 0x1A, 0xFF,
    0x83, 0x94, 0x8A, 0x21, 0x20, 0x02, 0xB5, 0x85, 0x94, 0x8A, 0x21, 0x20, 0x94, 0x95, 0x60, 0xFF,
    0x85, 0x6B, 0x6A, 0x22, 0x40, 0xDE, 0xDF, 0x08, 0xFF, 0x83, 0xDE, 0xDF, 0x4A, 0x40, 0x06, 0x4A,
    0x81, 0xDE, 0xDF, 0x50, 0xFF, 0x81, 0xDD, 0xB5, 0x03, 0x4A, 0x82, 0x40, 0x94, 0x95, 0x16, 0xFF,
    0x81, 0xB5, 0xAA, 0x04, 0x4A, 0x87, 0xDD, 0xBF, 0x94, 0x95, 0x49, 0x2A, 0x6B, 0x6A, 0x60, 0xFF,
    0x85, 0x6B, 0x60, 0x49, 0x2A, 0xB6, 0xD5, 0x08, 0xFF, 0x83, 0xDE, 0xDF, 0x4A, 0x40, 0x04, 0x4A,
    0x83, 0x6B, 0x6A, 0xDE, 0xDF, 0x52, 0xFF, 0x87, 0x95, 0xB5, 0x49, 0x2A, 0x4A, 0x40, 0x94, 0x95,
    0x12, 0xFF, 0x87, 0xB5, 0xAA, 0x21, 0x2A, 0x4A, 0x40, 0x94, 0x95, 0x02, 0xFF, 0x02, 0xB5, 0x83,
    0x4A, 0x40, 0x4B, 0x6A, 0x60, 0xFF, 0x04, 0x4A, 0x81, 0xDE, 0xDF, 0x08, 0xFF, 0x81, 0xDE, 0xD5,
    0x06, 0x4A, 0x83, 0x6A, 0x4A, 0xDF, 0xF5, 0x54, 0xFF, 0x83, 0x94, 0x95, 0x22, 0x40, 0x02, 0x4A,
    0x83, 0x94, 0x8A, 0xDE, 0xDF, 0x0B, 0xFF, 0x82, 0xF5, 0x6B, 0x6A, 0x04, 0x4A, 0x81, 0x94, 0x95,
    0x04, 0xFF, 0x81, 0xDE, 0xDF, 0x04, 0x4A, 0x81, 0xDE, 0xDF, 0x5D, 0xFF, 0x82, 0xF5, 0x4A, 0x40,
    0x02, 0x4A, 0x0A, 0xFF, 0x83, 0xDE, 0xDF, 0x4A, 0x40, 0x04, 0x4A, 0x83, 0x4B, 0x6A, 0xFE, 0xDF,
    0x56, 0xFF, 0x02, 0xB5, 0x83, 0x49, 0x2A, 0x22, 0x40, 0x02, 0x4A, 0x81, 0x94, 0x8A, 0x02, 0xB5,
    0x85, 0xDE, 0xD5, 0xB5, 0xAA, 0x94, 0x8A, 0x03, 0x4A, 0x80, 0x40, 0x02, 0x4A, 0x02, 0xB5, 0x08,
    0xFF, 0x81, 0x4A, 0x40, 0x02, 0x4A, 0x02, 0xB5, 0x5D, 0xFF, 0x86, 0xF5, 0x21, 0x2A, 0x6B, 0x6A,
    0xDE, 0xDF, 0x08, 0xFF, 0x81, 0xDE, 0xDF, 0x05, 0x4A, 0x80, 0x40, 0x02, 0x4A, 0x81, 0xDE, 0xDF,
    0x58, 0xFF, 0x83, 0xDE, 0xDF, 0x6B, 0x6A, 0x02, 0x4A, 0x89, 0x49, 0x20, 0x22, 0x4A, 0x49, 0x20,
    0x22, 0x4A, 0x49, 0x2A, 0x02, 0x4A, 0x83, 0x6B, 0x75, 0xDE, 0xDF, 0x0A, 0xFF, 0x83, 0x6B, 0x6A,
    0x21, 0x2A, 0x02, 0xB5, 0x5E, 0xFF, 0x81, 0x4A, 0x40, 0x02, 0x4A, 0x81, 0xDE, 0xDF, 0x08, 0xFF,
    0x83, 0xDE, 0xD5, 0x4A, 0x40, 0x06, 0x4A, 0x81, 0xDE, 0xD5, 0x5C, 0xFF, 0x8D, 0xDE, 0xDF, 0x94,
    0x95, 0x94, 0x8A, 0x6B, 0x75, 0x94, 0x95, 0x94, 0x95, 0xDE, 0xD5, 0x0E, 0xFF, 0x85, 0x94, 0x95,
    0x21, 0x20, 0x94, 0x95, 0x5E, 0xFF, 0x03, 0x4A, 0x82, 0x40, 0xDE, 0xDF, 0x08, 0xFF, 0x81, 0xFE,
    0xDF, 0x08, 0x4A, 0x81, 0xDE, 0xDF, 0x78, 0xFF, 0x85, 0x94, 0x95, 0x4A, 0x40, 0x6B, 0x6A, 0x5E,
    0xFF, 0x85, 0x6B, 0x6A, 0x21, 0x20, 0xDD, 0xB5, 0x0A, 0xFF, 0x81, 0x22, 0x40, 0x05, 0x4A, 0x82,
    0x40, 0xDD, 0xB5, 0x78, 0xFF, 0x02, 0xB5, 0x83, 0x21, 0x2A, 0x6B, 0x6A, 0x5E, 0xFF, 0x83, 0x93,
    0x6A, 0x22, 0x4A, 0x02, 0xB5, 0x0A, 0xFF, 0x08, 0x4A, 0x02, 0xB5, 0x78, 0xFF, 0x83, 0xDE, 0xD5,
    0x4A, 0x40, 0x02, 0x4A, 0x5E, 0xFF, 0x85, 0x95, 0xAA, 0x49, 0x2A, 0x6C, 0x8A, 0x0A, 0xFF, 0x83,
    0x6B, 0x6A, 0x4A, 0x40, 0x04, 0x4A, 0x02, 0xB5, 0x78, 0xFF, 0x81, 0xDE, 0xDF, 0x04, 0x4A, 0x81,
    0xDE, 0xDF, 0x5C, 0xFF, 0x85, 0xDE, 0xD5, 0x21, 0x20, 0x6B, 0x75, 0x0A, 0xFF, 0x81, 0x93, 0x6A,
    0x06, 0x4A, 0x81, 0x94, 0x95, 0x78, 0xFF, 0x81, 0xDE, 0xD5, 0x03, 0x4A, 0x82, 0x40, 0xDE, 0xDF,
    0x5E, 0xFF, 0x81, 0x49, 0x20, 0x02, 0x4A, 0x81, 0xDE, 0xDF, 0x08, 0xFF, 0x83, 0x95, 0xB5, 0x49,
    0x20, 0x04, 0x4A, 0x81, 0x94, 0x8A, 0x7A, 0xFF, 0x04, 0x4A, 0x81, 0xDE, 0xD5, 0x5E, 0xFF, 0x83,
    0x4B, 0x6A, 0x4A, 0x40, 0x02, 0xB5, 0x08, 0xFF, 0x81, 0xDE, 0xDF, 0x05, 0x4A, 0x82, 0x40, 0x6B,
    0x75, 0x7A, 0xFF, 0x81, 0x4A, 0x40, 0x02, 0x4A, 0x81, 0xB5, 0xBF, 0x5E, 0xFF, 0x85, 0x94, 0x8A,
    0x49, 0x2A, 0x6B, 0x6A, 0x0A, 0xFF, 0x81, 0x6B, 0x6A, 0x06, 0x4A, 0x7A, 0xFF, 0x03, 0x4A, 0x82,
    0x40, 0xDE, 0xD5, 0x5E, 0xFF, 0x81, 0xDE, 0xD5, 0x04, 0x4A, 0x0A, 0xFF, 0x02, 0xB5, 0x81, 0x4A,
    0x40, 0x04, 0x4A, 0x81, 0xDE, 0xD5, 0x78, 0xFF, 0x02, 0x4A, 0x83, 0x49, 0x2A, 0xB6, 0xDF, 0x46,
    0xFF, 0x95, 0x21, 0x20, 0x21, 0x20, 0x21, 0x20, 0x4A, 0x40, 0x21, 0x20, 0x4A, 0x40, 0x4A, 0x40,
    0x4A, 0x40, 0x21, 0x20, 0x4A, 0x40, 0x21, 0x20, 0x24, 0x00, 0x82, 0x20, 0x00, 0x01, 0x02, 0x20,
    0xCE, 0x00, 0x21, 0x20, 0x01, 0x20, 0x21, 0x20, 0x21, 0x20, 0x21, 0x20, 0x21, 0x20, 0x21, 0x20,
    0x21, 0x20, 0x21, 0x20, 0x21, 0x20, 0x21, 0x20, 0x21, 0x20, 0x21, 0x20, 0x21, 0x20, 0x21, 0x20,
    0x21, 0x20, 0x21, 0x20, 0x21, 0x20, 0x21, 0x20, 0x21, 0x20, 0x21, 0x20, 0x21, 0x20, 0x21, 0x20,
    0x21, 0x20, 0x21, 0x20, 0x21, 0x20, 0x21, 0x20, 0x21, 0x20, 0x21, 0x20, 0x21, 0x20, 0x21, 0x20,
    0x21, 0x20, 0x21, 0x20, 0x21, 0x20, 0x21, 0x20, 0x21, 0x20, 0x21, 0x20, 0x21, 0x20, 0x21, 0x20,
    0x02, 0x00, 0x80, 0x21, 0x02, 0x20, 0x81, 0x00, 0x01, 0x02, 0x20, 0x81, 0x00, 0x01, 0x02, 0x20,
    0x81, 0x00, 0x01, 0x02, 0x20, 0x81, 0x00, 0x01, 0x02, 0x20, 0x15, 0x00, 0x82, 0x20, 0x00, 0x01,
    0x02, 0x20, 0xB8, 0x00, 0x21, 0x20, 0x21, 0x20, 0x21, 0x20, 0x21, 0x20, 0x21, 0x20, 0x21, 0x20,
    0x21, 0x20, 0x21, 0x20, 0x4A, 0x40, 0x21, 0x20, 0x4A, 0x40, 0x21, 0x20, 0x4A, 0x40, 0x21, 0x20,
    0x4A, 0x40, 0x49, 0x20, 0x22, 0x40, 0x4A, 0x40, 0x4A, 0x40, 0x4A, 0x40, 0x4A, 0x40, 0x4A, 0x40,
    0x4A, 0x40, 0x4A, 0x40, 0x4A, 0x40, 0x4A, 0x40, 0x4A, 0x40, 0x4A, 0x40, 0x02, 0xFD, 0x06, 0x00,
    0x00, 0x08, 0x02, 0x01, 0xFF, 0xC8, 0x00, 0x04, 0xFB, 0x08, 0x00, 0x00, 0x0A, 0x00, 0x46, 0x00,
    0x83, 0x00, 0xBB, 0x00, 0x05, 0xFA, 0x69, 0x1A, 0x00, 0x4B, 0xFF, 0x84, 0xF5, 0xFF, 0xF5, 0xFF,
    0xF5, 0x7F, 0xFF, 0x6D, 0xFF, 0x84, 0xDE, 0xCA, 0x49, 0x20, 0x22, 0x03, 0x4A, 0x83, 0x6B, 0x6A,
    0xDE, 0xD5, 0x7F, 0xFF, 0x67, 0xFF, 0x82, 0xDE, 0xCA, 0x22, 0x03, 0x4A, 0x80, 0x6A, 0x04, 0x4A,
    0x80, 0x40, 0x02, 0x4A, 0x83, 0x6B, 0x6A, 0xFF, 0xF5, 0x7F, 0xFF, 0x62, 0xFF, 0x81, 0xF5, 0x6A,
    0x03, 0x4A, 0x81, 0x94, 0x95, 0x02, 0xFF, 0x02, 0xB5, 0x83, 0x6B, 0x75, 0x4A, 0x40, 0x04, 0x4A,
    0x81, 0x94, 0x8A, 0x7F, 0xFF, 0x5F, 0xFF, 0x02, 0xB5, 0x84, 0x22, 0x40, 0x6A, 0x4A, 0xDF, 0x07,
    0xFF, 0x85, 0xDE, 0xDF, 0x6A, 0x4A, 0x22, 0x40, 0x02, 0x4A, 0x83, 0x6B, 0x6A, 0xDE, 0xD5, 0x7F,
    0xFF, 0x5A, 0xFF, 0x80, 0xF5, 0x04, 0x4A, 0x02, 0xB5, 0x0C, 0xFF, 0x81, 0xB4, 0x95, 0x03, 0x4A,
    0x80, 0x40, 0x02, 0x4A, 0x02, 0xB5, 0x7F, 0xFF, 0x57, 0xFF, 0x85, 0xDD, 0xAA, 0x22, 0x4A, 0x6B,
    0x6A, 0x10, 0xFF, 0x8B, 0xDE, 0xDF, 0x6B, 0x6A, 0x49, 0x2A, 0x4A, 0x40, 0x6B, 0x6A, 0xFF, 0xF5,
    0x7F, 0xFF, 0x53, 0xFF, 0x81, 0x6B, 0x60, 0x02, 0x4A, 0x81, 0x94, 0x95, 0x14, 0xFF, 0x81, 0x94,
    0x95, 0x06, 0x4A, 0x81, 0xDE, 0xD5, 0x7F, 0xFF, 0x4F, 0xFF, 0x85, 0xDE, 0xCA, 0x21, 0x2A, 0x6A,
    0x4A, 0x08, 0xFF, 0x85, 0xFE, 0xD5, 0xFD, 0xB5, 0xFD, 0xB5, 0x0A, 0xFF, 0x02, 0xB5, 0x03, 0x4A,
    0x80, 0x40, 0x02, 0x4A, 0x02, 0xB5, 0x7F, 0xFF, 0x4D, 0xFF, 0x81, 0x94, 0x8A, 0x02, 0x4A, 0x81,
    0x6C, 0x8A, 0x06, 0xFF, 0x8B, 0xFE, 0xDF, 0xFC, 0x8A, 0xFD, 0xB5, 0xFD, 0xB5, 0xFD, 0xB5, 0xFE,
    0xD5, 0x08, 0xFF, 0x89, 0xDF, 0xFF, 0x6B, 0x6A, 0x49, 0x2A, 0x4A, 0x40, 0x94, 0x8A, 0x7F, 0xFF,
    0x4A, 0xFF, 0x82, 0xF5, 0x4A, 0x40, 0x02, 0x4A, 0x81, 0xDE, 0xDF, 0x06, 0xFF, 0x8D, 0xFD, 0xB5,
    0xFD, 0xB5, 0xFD, 0xB5, 0xFC, 0x8A, 0xFD, 0xB5, 0xFC, 0x95, 0xFE, 0xD5, 0x0A, 0xFF, 0x82, 0x94,
    0x95, 0x22, 0x03, 0x4A, 0x83, 0x6B, 0x6A, 0xFF, 0xF5, 0x7F, 0xFF, 0x45, 0xFF, 0x85, 0xB5, 0xAA,
    0x21, 0x2A, 0x6B, 0x6A, 0x06, 0xFF, 0x91, 0xFE, 0xD5, 0xFD, 0xB5, 0xFC, 0x95, 0xFD, 0xB5, 0xDD,
    0xB5, 0xFD, 0xB5, 0xFD, 0xB5, 0xFC, 0x95, 0xFD, 0xB5, 0x0A, 0xFF, 0x83, 0xB4, 0x95, 0x4A, 0x40,
    0x04, 0x4A, 0x81, 0xDE, 0xD5, 0x7F, 0xFF, 0x43, 0xFF, 0x81, 0x6B, 0x60, 0x02, 0x4A, 0x02, 0xB5,
    0x06, 0xFF, 0x95, 0xFD, 0xB5, 0xFD, 0xB5, 0xFD, 0xAA, 0xDD, 0xB5, 0xFC, 0x95, 0xFD, 0xB5, 0xDC,
    0x8A, 0xFD, 0xB5, 0xFD, 0xB5, 0xFC, 0x8A, 0xFE, 0xDF, 0x08, 0xFF, 0x83, 0xB6, 0xDF, 0x4A, 0x40,
    0x04, 0x4A, 0x8D, 0xDE, 0xD5, 0xFF, 0xF5, 0xFF, 0xF5, 0xFF, 0xF5, 0xFF, 0xF5, 0xFF, 0xF5, 0xFF,
    0xF5, 0x03, 0xFF, 0x80, 0xF5, 0x7F, 0xFF, 0x30, 0xFF, 0x86, 0xF5, 0x49, 0x20, 0x4B, 0x6A, 0xFE,
    0xDF, 0x06, 0xFF, 0x96, 0xFC, 0x95, 0xFD, 0xB5, 0xFC, 0x95, 0xFD, 0xB5, 0xFD, 0xB5, 0xFD, 0xB5,
    0xFD, 0xB5, 0xFD, 0xB5, 0xFD, 0xB5, 0xFD, 0xB5, 0xDC, 0x8A, 0xDD, 0x03, 0xB5, 0x84, 0x94, 0x8A,
    0x6B, 0x6A, 0x6B, 0x02, 0x6A, 0x05, 0x4A, 0x81, 0x21, 0x20, 0x0B, 0x4A, 0x90, 0x40, 0x6B, 0x6A,
    0x6B, 0x6A, 0x94, 0x8A, 0xB4, 0x8A, 0xB5, 0xAA, 0xDE, 0xCA, 0xFF, 0xF5, 0xFF, 0xF5, 0x7F, 0xFF,
    0x23, 0xFF, 0x81, 0x94, 0x8A, 0x02, 0x4A, 0x81, 0x6B, 0x75, 0x06, 0xFF, 0x92, 0xFE, 0xD5, 0xFC,
    0x95, 0xDD, 0xAA, 0xFD, 0xB5, 0xFD, 0xB5, 0xFC, 0x95, 0xFD, 0xAA, 0xDC, 0x95, 0xB4, 0x8A, 0x93,
    0x02, 0x6A, 0x05, 0x4A, 0x83, 0x22, 0x40, 0x49, 0x2A, 0x02, 0x4A, 0x85, 0x22, 0x4A, 0x49, 0x2A,
    0x4A, 0x40, 0x02, 0x4A, 0x81, 0x6B, 0x6A, 0x06, 0x4A, 0x81, 0x6B, 0x6A, 0x02, 0x4A, 0x80, 0x6A,
    0x04, 0x4A, 0x81, 0x40, 0x22, 0x02, 0x4A, 0x82, 0x40, 0x21, 0x2A, 0x02, 0x4A, 0x8B, 0x21, 0x2A,
    0x4A, 0x40, 0x94, 0x8A, 0x94, 0x8A, 0xDE, 0xCA, 0xFF, 0xF5, 0x7F, 0xFF, 0x1A, 0xFF, 0x86, 0xF5,
    0x6B, 0x6A, 0x4A, 0x40, 0xB5, 0xBF, 0x06, 0xFF, 0x8C, 0xFD, 0xB5, 0xFD, 0xB5, 0xFD, 0xB5, 0xFD,
    0xB5, 0xDC, 0x95, 0xB4, 0x8A, 0x6B, 0x02, 0x6A, 0x03, 0x4A, 0x80, 0x22, 0x03, 0x4A, 0x81, 0x22,
    0x40, 0x02, 0x4A, 0x85, 0x6A, 0x4A, 0x6C, 0x95, 0x94, 0x8A, 0x03, 0xB5, 0x86, 0xBF, 0xDE, 0xDF,
    0xDE, 0xDF, 0xDE, 0xDF, 0x02, 0xFF, 0x81, 0xDE, 0xDF, 0x02, 0xFF, 0x81, 0xDE, 0xDF, 0x02, 0xFF,
    0x8F, 0xDE, 0xDF, 0xDE, 0xDF, 0xDE, 0xD5, 0xB5, 0xBF, 0xB4, 0x95, 0x94, 0x95, 0x6B, 0x6A, 0x6B,
    0x6A, 0x04, 0x4A, 0x81, 0x21, 0x20, 0x04, 0x4A, 0x87, 0x6B, 0x60, 0xB5, 0xAA, 0xDE, 0xD5, 0xFF,
    0xF5, 0x7F, 0xFF, 0x12, 0xFF, 0x84, 0xF5, 0x21, 0x20, 0x6B, 0x6A, 0x06, 0xFF, 0x89, 0xFE, 0xD5,
    0xFD, 0xB5, 0xFC, 0x95, 0xDC, 0x8A, 0x93, 0x6A, 0x06, 0x4A, 0x80, 0x22, 0x03, 0x4A, 0x83, 0x6A,
    0x4A, 0x94, 0x95, 0x02, 0xB5, 0x81, 0xDE, 0xDF, 0x2A, 0xFF, 0x81, 0xDE, 0xDF, 0x02, 0xB5, 0x83,
    0x94, 0x95, 0x6B, 0x6A, 0x04, 0x4A, 0x8B, 0x21, 0x2A, 0x4A, 0x40, 0x6B, 0x6A, 0x94, 0x8A, 0xFF,
    0xF5, 0xFF, 0xF5, 0x7F, 0xFF, 0x0B, 0xFF, 0x85, 0xB5, 0xAA, 0x21, 0x2A, 0x94, 0x95, 0x06, 0xFF,
    0x85, 0xFE, 0xD5, 0xDC, 0x8A, 0x6B, 0x6A, 0x08, 0x4A, 0x85, 0x6B, 0x6A, 0xB4, 0x95, 0xDE, 0xDF,
    0x3C, 0xFF, 0x02, 0xB5, 0x81, 0x94, 0x95, 0x04, 0x4A, 0x89, 0x49, 0x20, 0x22, 0x4A, 0x6B, 0x6A,
    0xB5, 0xAA, 0xFF, 0xF5, 0x7F, 0xFF, 0x06, 0xFF, 0x86, 0xF5, 0x6B, 0x6A, 0x4A, 0x40, 0xDD, 0xBF,
    0x04, 0xFF, 0x83, 0xFE, 0xDF, 0x6B, 0x6A, 0x08, 0x4A, 0x83, 0x94, 0x8A, 0xDE, 0xDF, 0x48, 0xFF,
    0x02, 0xB5, 0x81, 0x94, 0x95, 0x04, 0x4A, 0x87, 0x49, 0x2A, 0x4B, 0x6A, 0x94, 0x8A, 0xFF, 0xF5,
    0x7F, 0xFF, 0x02, 0xFF, 0x84, 0xF5, 0x49, 0x20, 0x4B, 0x75, 0x04, 0xFF, 0x81, 0x95, 0xAA, 0x08,
    0x4A, 0x82, 0xB4, 0x95, 0xDF, 0x53, 0xFF, 0x02, 0xB5, 0x8B, 0x6B, 0x6A, 0x4A, 0x40, 0x49, 0x2A,
    0x4A, 0x40, 0x94, 0x8A, 0xFF, 0xF5, 0x7C, 0xFF, 0x8D, 0xB5, 0xAA, 0x21, 0x2A, 0x94, 0x8A, 0xDE,
    0xDF, 0x6B, 0x6A, 0x49, 0x2A, 0x4A, 0x40, 0x02, 0x4A, 0x81, 0xB4, 0x95, 0x5C, 0xFF, 0x83, 0xB5,
    0xBF, 0x6C, 0x8A, 0x02, 0x4A, 0x87, 0x49, 0x2A, 0x4A, 0x40, 0x94, 0x8A, 0xFF, 0xF5, 0x77, 0xFF,
    0x82, 0xF5, 0x6B, 0x6A, 0x02, 0x4A, 0x81, 0x6B, 0x6A, 0x03, 0x4A, 0x80, 0x40, 0x02, 0x4A, 0x83,
    0x6C, 0x95, 0xFE, 0xDF, 0x62, 0xFF, 0x83, 0xDE, 0xDF, 0x6B, 0x6A, 0x06, 0x4A, 0x81, 0xB5, 0xAA,
    0x75, 0xFF, 0x82, 0xF5, 0x4A, 0x40, 0x08, 0x4A, 0x02, 0xB5, 0x6A, 0xFF, 0x83, 0xDE, 0xDF, 0x4B,
    0x6A, 0x03, 0x4A, 0x88, 0x40, 0x6B, 0x6A, 0xB5, 0xAA, 0xFF, 0xF5, 0xFF, 0xF5, 0x6C, 0xFF, 0x81,
    0xDE, 0xCA, 0x06, 0x4A, 0x81, 0x6B, 0x6A, 0x72, 0xFF, 0x81, 0xB4, 0x95, 0x04, 0x4A, 0x81, 0x21,
    0x20, 0x03, 0x4A, 0x88, 0x40, 0x94, 0x8A, 0xB5, 0xAA, 0xFF, 0xF5, 0xFF, 0xF5, 0x63, 0xFF, 0x82,
    0xF5, 0x6B, 0x6A, 0x04, 0x4A, 0x81, 0x94, 0x95, 0x78, 0xFF, 0x81, 0x6B, 0x6A, 0x08, 0x4A, 0x81,
    0x49, 0x20, 0x03, 0x4A, 0x86, 0x40, 0x94, 0x8A, 0xDE, 0xCA, 0xFF, 0xF5, 0x5B, 0xFF, 0x82, 0xF5,
    0xB5, 0xAA, 0x04, 0x4A, 0x02, 0xB5, 0x7C, 0xFF, 0x02, 0xB5, 0x08, 0x4A, 0x81, 0x6B, 0x6A, 0x04,
    0x4A, 0x8B, 0x49, 0x2A, 0x4B, 0x60, 0x93, 0x6A, 0xB6, 0xCA, 0xFF, 0xF5, 0xFF, 0xF5, 0x51, 0xFF,
    0x82, 0xF5, 0xB5, 0xAA, 0x04, 0x4A, 0x81, 0xDD, 0xB5, 0x7F, 0xFF, 0x86, 0xFF, 0xDE, 0xDF, 0x6B,
    0x6A, 0x4A, 0x40, 0x02, 0x4A, 0x87, 0x6C, 0x95, 0xDD, 0xB5, 0x95, 0xB5, 0x6B, 0x6A, 0x04, 0x4A,
    0x81, 0x49, 0x20, 0x02, 0x4A, 0x85, 0x94, 0x8A, 0xDE, 0xCA, 0xFF, 0xF5, 0x4C, 0xFF, 0x81, 0xDE,
    0xCA, 0x03, 0x4A, 0x82, 0x40, 0xB5, 0xBF, 0x7F, 0xFF, 0x07, 0xFF, 0x83, 0x6B, 0x75, 0x4A, 0x40,
    0x02, 0x4A, 0x81, 0x6B, 0x6A, 0x06, 0xFF, 0x02, 0xB5, 0x81, 0x6B, 0x75, 0x04, 0x4A, 0x81, 0x21,
    0x20, 0x02, 0x4A, 0x83, 0x94, 0x8A, 0xFF, 0xEA, 0x47, 0xFF, 0x82, 0xEA, 0x4A, 0x40, 0x02, 0x4A,
    0x81, 0xB5, 0xBF, 0x7F, 0xFF, 0x0B, 0xFF, 0x81, 0x94, 0x95, 0x04, 0x4A, 0x83, 0x6B, 0x6A, 0xDE,
    0xDF, 0x08, 0xFF, 0x02, 0xB5, 0x83, 0x6B, 0x75, 0x4A, 0x40, 0x02, 0x4A, 0x87, 0x49, 0x2A, 0x6B,
    0x60, 0xB6, 0xCA, 0xFF, 0xF5, 0x3F, 0xFF, 0x80, 0xEA, 0x04, 0x4A, 0x02, 0xB5, 0x7F, 0xFF, 0x0F,
    0xFF, 0x02, 0xB5, 0x81, 0x49, 0x20, 0x04, 0x4A, 0x81, 0xFE, 0xDF, 0x0A, 0xFF, 0x85, 0xFE, 0xDF,
    0x94, 0x95, 0x4B, 0x6A, 0x02, 0x4A, 0x87, 0x49, 0x2A, 0x6B, 0x6A, 0xB5, 0xAA, 0xFF, 0xF5, 0x39,
    0xFF, 0x86, 0xF5, 0x94, 0x8A, 0x4A, 0x40, 0x94, 0x95, 0x7F, 0xFF, 0x13, 0xFF, 0x02, 0xB5, 0x03,
    0x4A, 0x80, 0x40, 0x02, 0x4A, 0x83, 0xFD, 0xB5, 0xFE, 0xD5, 0x0C, 0xFF, 0x02, 0xB5, 0x89, 0x6B,
    0x6A, 0x49, 0x2A, 0x4A, 0x40, 0x6B, 0x6A, 0xDE, 0xCA, 0x36, 0xFF, 0x81, 0xDE, 0xCA, 0x02, 0x4A,
    0x81, 0x6B, 0x6A, 0x7F, 0xFF, 0x17, 0xFF, 0x02, 0xB5, 0x04, 0x4A, 0x89, 0x6A, 0x4A, 0xDD, 0xB5,
    0xFD, 0xB5, 0xFE, 0xD5, 0xFE, 0xDF, 0x0A, 0xFF, 0x85, 0x95, 0xB5, 0x6B, 0x6A, 0x21, 0x2A, 0x02,
    0x4A, 0x83, 0x93, 0x6A, 0xFF, 0xF5, 0x31, 0xFF, 0x82, 0xEA, 0x4A, 0x40, 0x02, 0x4A, 0x81, 0xDE,
    0xDF, 0x7F, 0xFF, 0x19, 0xFF, 0x02, 0xB5, 0x81, 0x22, 0x40, 0x02, 0x4A, 0x8B, 0x93, 0x6A, 0xFC,
    0x95, 0xFD, 0xB5, 0xFD, 0xAA, 0xFD, 0xB5, 0xFE, 0xDF, 0x0A, 0xFF, 0x02, 0xB5, 0x02, 0x4A, 0x81,
    0x22, 0x40, 0x02, 0x4A, 0x81, 0xDE, 0xCA, 0x2D, 0xFF, 0x82, 0xF5, 0x94, 0x8A, 0x02, 0x4A, 0x81,
    0x94, 0x95, 0x7F, 0xFF, 0x1D, 0xFF, 0x81, 0x94, 0x95, 0x03, 0x4A, 0x8E, 0x40, 0x93, 0x6A, 0xFD,
    0xB5, 0xFD, 0xB5, 0xFD, 0xB5, 0xFC, 0x8A, 0xFD, 0xB5, 0xFE, 0xD5, 0x08, 0xFF, 0x83, 0xDE, 0xDF,
    0x6B, 0x6A, 0x04, 0x4A, 0x81, 0xB5, 0xAA, 0x2B, 0xFF, 0x80, 0xEA, 0x02, 0x4A, 0x81, 0x6A, 0x4A,
    0x7F, 0xFF, 0x21, 0xFF, 0x82, 0x93, 0x75, 0x22, 0x03, 0x4A, 0x8F, 0xB4, 0x95, 0xFC, 0x95, 0xFD,
    0xB5, 0xDD, 0xB5, 0xFD, 0xB5, 0xFC, 0x95, 0xFD, 0xB5, 0xFD, 0xB5, 0x08, 0xFF, 0x81, 0x94, 0x8A,
    0x04, 0x4A, 0x81, 0xDE, 0xD5, 0x27, 0xFF, 0x82, 0xF5, 0x6B, 0x6A, 0x02, 0x4A, 0x02, 0xB5, 0x06,
    0xFF, 0x85, 0xDE, 0xDF, 0x94, 0x8A, 0x94, 0x95, 0x7F, 0xFF, 0x17, 0xFF, 0x80, 0x6A, 0x02, 0x4A,
    0x94, 0x40, 0x6A, 0x4A, 0xDD, 0xB5, 0xFD, 0xAA, 0xFC, 0x95, 0xFD, 0xB5, 0xFD, 0xAA, 0xDC, 0x95,
    0xFD, 0xB5, 0xFD, 0xB5, 0xFE, 0xD5, 0x06, 0xFF, 0x85, 0x93, 0x75, 0x4A, 0x40, 0x6B, 0x6A, 0x27,
    0xFF, 0x80, 0xEA, 0x02, 0x4A, 0x82, 0x6B, 0x6A, 0xDF, 0x07, 0xFF, 0x02, 0xB5, 0x85, 0x4A, 0x40,
    0x49, 0x2A, 0x4A, 0x40, 0x02, 0xB5, 0x81, 0xDE, 0xD5, 0x21, 0xFF, 0x82, 0xF5, 0xDE, 0xD5, 0x6C,
    0xFF, 0x81, 0xDE, 0xD5, 0x02, 0x4A, 0x93, 0x22, 0x4A, 0x93, 0x6A, 0xFD, 0xB5, 0xFD, 0xB5, 0xDD,
    0xB5, 0xFD, 0xB5, 0xFD, 0xB5, 0xFC, 0x8A, 0xFD, 0xB5, 0xFD, 0xB5, 0x06, 0xFF, 0x81, 0xDF, 0xFF,
    0x02, 0x4A, 0x82, 0x49, 0x20, 0xDF, 0x25, 0xFF, 0x85, 0x94, 0x8A, 0x49, 0x20, 0x95, 0xB5, 0x0A,
    0xFF, 0x81, 0x94, 0x95, 0x04, 0x4A, 0x87, 0x21, 0x20, 0x4B, 0x6A, 0xB4, 0x95, 0xDF, 0xF5, 0x1C,
    0xFF, 0x87, 0xB5, 0xAA, 0x21, 0x20, 0x6B, 0x6A, 0xFF, 0xF5, 0x6A, 0xFF, 0x83, 0x95, 0xB5, 0x49,
    0x20, 0x02, 0x4A, 0x8D, 0xB4, 0x95, 0xFC, 0x95, 0xFD, 0xB5, 0xFC, 0x95, 0xFD, 0xB5, 0xDD, 0xB5,
    0xFC, 0x95, 0x08, 0xFF, 0x83, 0xB4, 0x95, 0x22, 0x40, 0x02, 0x4A, 0x81, 0xFE, 0xDF, 0x23, 0xFF,
    0x80, 0xEA, 0x02, 0x4A, 0x83, 0x4B, 0x6A, 0xFE, 0xDF, 0x0E, 0xFF, 0x87, 0x94, 0x95, 0x6B, 0x6A,
    0x49, 0x2A, 0x22, 0x40, 0x02, 0x4A, 0x81, 0xB4, 0x95, 0x1A, 0xFF, 0x81, 0xDE, 0xDF, 0x03, 0x4A,
    0x80, 0x40, 0x02, 0x4A, 0x02, 0xB5, 0x6A, 0xFF, 0x81, 0x6B, 0x6A, 0x04, 0x4A, 0x8B, 0xFD, 0xAA,
    0xFD, 0xB5, 0xDD, 0xB5, 0xFC, 0x8A, 0xFD, 0xB5, 0xFE, 0xD5, 0x06, 0xFF, 0x81, 0xDE, 0xD5, 0x04,
    0x4A, 0x81, 0x94, 0x95, 0x24, 0xFF, 0x81, 0xB5, 0xAA, 0x02, 0x4A, 0x81, 0x94, 0x95, 0x14, 0xFF,
    0x82, 0x95, 0xB5, 0x6A, 0x04, 0x4A, 0x80, 0x40, 0x0F, 0xFF, 0x80, 0xF5, 0x03, 0xFF, 0x80, 0xF5,
    0x08, 0xFF, 0x81, 0xDE, 0xD5, 0x06, 0x4A, 0x81, 0xB5, 0xAA, 0x68, 0xFF, 0x83, 0xDE, 0xDF, 0x4A,
    0x40, 0x02, 0x4A, 0x89, 0x93, 0x75, 0xFD, 0xB5, 0xFD, 0xB5, 0xFD, 0xB5, 0xFE, 0xDF, 0x06, 0xFF,
    0x81, 0xDE, 0xDF, 0x03, 0x4A, 0x80, 0x40, 0x02, 0x4A, 0x25, 0xFF, 0x86, 0xF5, 0x6B, 0x6A, 0x4A,
    0x40, 0xDD, 0xBF, 0x18, 0xFF, 0x02, 0xB5, 0x81, 0xB6, 0xDF, 0x0B, 0xFF, 0x8A, 0xF5, 0xFF, 0xF5,
    0xFE, 0xD5, 0xFE, 0xDF, 0xFF, 0xF5, 0xFF, 0xF5, 0x0A, 0xFF, 0x81, 0x6B, 0x6A, 0x02, 0x4A, 0x83,
    0x49, 0x20, 0x6C, 0x95, 0x68, 0xFF, 0x8B, 0x94, 0x95, 0x21, 0x20, 0x6B, 0x6A, 0xFC, 0x8A, 0xFD,
    0xB5, 0xFE, 0xDF, 0x06, 0xFF, 0x81, 0xDE, 0xD5, 0x06, 0x4A, 0x81, 0xDE, 0xDF, 0x25, 0xFF, 0x80,
    0xF5, 0x02, 0x4A, 0x81, 0x6B, 0x6A, 0x27, 0xFF, 0x8E, 0xF5, 0xFE, 0xDF, 0xFE, 0xD5, 0xFE, 0xDF,
    0xFE, 0xD5, 0xFE, 0xDF, 0xFE, 0xD5, 0xFE, 0xDF, 0x0A, 0xFF, 0x81, 0x94, 0x95, 0x03, 0x4A, 0x84,
    0x40, 0x6B, 0x6A, 0xFF, 0xF5, 0x66, 0xFF, 0x04, 0x4A, 0x81, 0x94, 0x95, 0x08, 0xFF, 0x81, 0xDE,
    0xD5, 0x05, 0x4A, 0x82, 0x40, 0xB5, 0xBF, 0x26, 0xFF, 0x85, 0xDE, 0xCA, 0x21, 0x20, 0x94, 0x95,
    0x26, 0xFF, 0x8F, 0xFE, 0xD5, 0xFE, 0xD5, 0xFE, 0xDF, 0xFE, 0xD5, 0xFE, 0xD5, 0xFD, 0xBF, 0xFE,
    0xD5, 0xFE, 0xD5, 0x0A, 0xFF, 0x83, 0xDE, 0xD5, 0x6B, 0x6A, 0x02, 0x4A, 0x81, 0x49, 0x2A, 0x02,
    0x4A, 0x66, 0xFF, 0x85, 0x94, 0x8A, 0x21, 0x20, 0x6B, 0x6A, 0x06, 0xFF, 0x02, 0xB5, 0x06, 0x4A,
    0x02, 0xB5, 0x28, 0xFF, 0x81, 0x94, 0x8A, 0x02, 0x4A, 0x02, 0xB5, 0x25, 0xFF, 0x97, 0xF5, 0xFE,
    0xDF, 0xFE, 0xD5, 0xFE, 0xDF, 0xFE, 0xD5, 0xFE, 0xDF, 0xFE, 0xD5, 0xFE, 0xDF, 0xFE, 0xD5, 0xFD,
    0xB5, 0xDE, 0xD5, 0xB4, 0x95, 0x6B, 0x02, 0x6A, 0x07, 0x4A, 0x81, 0x22, 0x40, 0x02, 0x4A, 0x81,
    0xDE, 0xD5, 0x64, 0xFF, 0x81, 0xFE, 0xDF, 0x04, 0x4A, 0x02, 0xB5, 0x02, 0xFF, 0x83, 0x94, 0x95,
    0x4A, 0x40, 0x04, 0x4A, 0x81, 0xDE, 0xD5, 0x29, 0xFF, 0x82, 0xF5, 0x6B, 0x6A, 0x02, 0x4A, 0x81,
    0xDE, 0xDF, 0x08, 0xFF, 0x04, 0xB5, 0x8B, 0xDE, 0xD5, 0xDE, 0xD5, 0xDE, 0xD5, 0xDE, 0xDF, 0xFF,
    0xF5, 0xDE, 0xDF, 0x0E, 0xFF, 0x96, 0xFD, 0xB5, 0xFE, 0xDF, 0xFE, 0xD5, 0xFD, 0xBF, 0xFE, 0xD5,
    0xFE, 0xD5, 0xFE, 0xDF, 0xDC, 0x95, 0x4A, 0x40, 0x49, 0x2A, 0x4A, 0x40, 0x22, 0x02, 0x4A, 0x80,
    0x40, 0x04, 0x4A, 0x85, 0x94, 0x95, 0xB4, 0x95, 0xDE, 0xDF, 0x37, 0xFF, 0x86, 0xF5, 0xFF, 0xF5,
    0xB5, 0xAA, 0xDE, 0xCA, 0x2A, 0xFF, 0x87, 0x6C, 0x8A, 0x49, 0x2A, 0x6B, 0x6A, 0x94, 0x8A, 0x04,
    0x4A, 0x83, 0x6B, 0x6A, 0xDE, 0xDF, 0x2B, 0xFF, 0x84, 0xF5, 0x4A, 0x40, 0x6B, 0x6A, 0x08, 0xFF,
    0x83, 0x94, 0x8A, 0x21, 0x20, 0x07, 0x4A, 0x80, 0x40, 0x05, 0x4A, 0x80, 0x40, 0x02, 0x4A, 0x81,
    0x94, 0x8A, 0x0A, 0xFF, 0x8F, 0xFE, 0xD5, 0xFE, 0xD5, 0xFE, 0xDF, 0xFE, 0xD5, 0xFE, 0xDF, 0xFE,
    0xD5, 0xFE, 0xDF, 0xB4, 0x8A, 0x04, 0x4A, 0x83, 0x6B, 0x6A, 0x94, 0x95, 0x02, 0xB5, 0x81, 0xDE,
    0xDF, 0x37, 0xFF, 0x88, 0xF5, 0xFF, 0xF5, 0xDE, 0xCA, 0x94, 0x8A, 0x6B, 0x60, 0x02, 0x4A, 0x81,
    0x21, 0x20, 0x02, 0x4A, 0x2A, 0xFF, 0x82, 0xDE, 0xD5, 0x22, 0x05, 0x4A, 0x85, 0x21, 0x2A, 0x94,
    0x8A, 0xDE, 0xDF, 0x2C, 0xFF, 0x85, 0xFE, 0xD5, 0x21, 0x20, 0x6B, 0x75, 0x08, 0xFF, 0x83, 0xDE,
    0xD5, 0x6B, 0x6A, 0x0E, 0x4A, 0x83, 0x49, 0x20, 0x94, 0x95, 0x0A, 0xFF, 0x93, 0xFE, 0xDF, 0xFE,
    0xD5, 0xFE, 0xD5, 0xFE, 0xDF, 0xFE, 0xD5, 0xFD, 0xB5, 0xFE, 0xDF, 0xFE, 0xD5, 0xDE, 0xDF, 0xDE,
    0xDF, 0x12, 0xFF, 0x81, 0xDE, 0xD5, 0x25, 0xFF, 0x88, 0xF5, 0xFF, 0xF5, 0xB5, 0xAA, 0x6B, 0x6A,
    0x4A, 0x40, 0x08, 0x4A, 0x81, 0x94, 0x95, 0x02, 0xB5, 0x2C, 0xFF, 0x03, 0x4A, 0x80, 0x40, 0x02,
    0x4A, 0x02, 0xB5, 0x30, 0xFF, 0x81, 0xB5, 0xAA, 0x02, 0x4A, 0x81, 0x94, 0x95, 0x12, 0xFF, 0x89,
    0xDE, 0xDF, 0xDE, 0xDF, 0xDE, 0xD5, 0xDE, 0xDF, 0xDE, 0xDF, 0x0E, 0xFF, 0x8B, 0xFE, 0xDF, 0xFE,
    0xD5, 0xFD, 0xB5, 0xFE, 0xDF, 0xFE, 0xD5, 0xFE, 0xDF, 0x16, 0xFF, 0x02, 0xB5, 0x83, 0x21, 0x20,
    0xDE, 0xD5, 0x23, 0xFF, 0x82, 0xEA, 0x21, 0x20, 0x04, 0x4A, 0x87, 0x6B, 0x6A, 0x6B, 0x6A, 0x94,
    0x95, 0xDE, 0xDF, 0x32, 0xFF, 0x81, 0x94, 0x8A, 0x02, 0x4A, 0x81, 0x6B, 0x6A, 0x32, 0xFF, 0x85,
    0x94, 0x8A, 0x4A, 0x40, 0x95, 0xB5, 0x4C, 0xFF, 0x83, 0x94, 0x8A, 0x21, 0x2A, 0x02, 0xB5, 0x22,
    0xFF, 0x81, 0xDE, 0xD5, 0x05, 0x4A, 0x82, 0x40, 0x94, 0x95, 0x38, 0xFF, 0x86, 0xDE, 0xD5, 0x21,
    0x2A, 0x6A, 0x4A, 0xDF, 0x31, 0xFF, 0x83, 0x94, 0x8A, 0x49, 0x2A, 0x02, 0xB5, 0x4C, 0xFF, 0x85,
    0x94, 0x95, 0x4A, 0x40, 0x94, 0x95, 0x24, 0xFF, 0x81, 0xDE, 0xD5, 0x06, 0x4A, 0x81, 0x94, 0x95,
    0x38, 0xFF, 0x03, 0x4A, 0x82, 0x40, 0xDD, 0xBF, 0x30, 0xFF, 0x81, 0x6B, 0x60, 0x02, 0x4A, 0x81,
    0xDE, 0xDF, 0x18, 0xFF, 0x02, 0xB5, 0x81, 0x94, 0x8A, 0x30, 0xFF, 0x02, 0xB5, 0x03, 0x4A, 0x82,
    0x40, 0xDE, 0xDF, 0x07, 0xFF, 0x84, 0xF5, 0xB5, 0xAA, 0xFF, 0xF5, 0x0D, 0xFF, 0x80, 0xF5, 0x0C,
    0xFF, 0x81, 0x6B, 0x6A, 0x02, 0x4A, 0x85, 0x49, 0x20, 0x4B, 0x6A, 0xDE, 0xDF, 0x05, 0xFF, 0x88,
    0xF5, 0xFE, 0xD5, 0xFE, 0xD5, 0xFF, 0xF5, 0xFF, 0xF5, 0x26, 0xFF, 0x83, 0x6B, 0x6A, 0x21, 0x2A,
    0x02, 0xB5, 0x30, 0xFF, 0x81, 0x6B, 0x60, 0x02, 0x4A, 0x81, 0xDE, 0xD5, 0x12, 0xFF, 0x02, 0xB5,
    0x83, 0x6B, 0x6A, 0x4A, 0x40, 0x02, 0x4A, 0x81, 0x21, 0x20, 0x02, 0xB5, 0x2E, 0xFF, 0x83, 0xDE,
    0xDF, 0x4A, 0x40, 0x04, 0x4A, 0x83, 0x94, 0x8A, 0xDE, 0xD5, 0x02, 0xB5, 0x81, 0x4A, 0x40, 0x02,
    0x4A, 0x81, 0x6B, 0x6A, 0x0B, 0xFF, 0x84, 0xF5, 0x94, 0x80, 0xFF, 0xF5, 0x0C, 0xFF, 0x81, 0x94,
    0x95, 0x03, 0x4A, 0x80, 0x40, 0x02, 0x4A, 0x02, 0xB5, 0x8B, 0xFE, 0xD5, 0xFE, 0xDF, 0xFE, 0xDF,
    0xFE, 0xD5, 0xFD, 0xBF, 0xFE, 0xD5, 0x26, 0xFF, 0x81, 0x94, 0x8A, 0x02, 0x4A, 0x81, 0x94, 0x8A,
    0x30, 0xFF, 0x81, 0x6B, 0x6A, 0x02, 0x4A, 0x81, 0xDE, 0xDF, 0x0C, 0xFF, 0x83, 0xDE, 0xD5, 0x6B,
    0x6A, 0x03, 0x4A, 0x80, 0x40, 0x06, 0x4A, 0x82, 0x93, 0x75, 0xDF, 0x2F, 0xFF, 0x02, 0xB5, 0x05,
    0x4A, 0x82, 0x40, 0x21, 0x2A, 0x03, 0x4A, 0x80, 0x40, 0x06, 0x4A, 0x81, 0xDE, 0xD5, 0x07, 0xFF,
    0x82, 0xF5, 0x94, 0x8A, 0x02, 0x4A, 0x81, 0x94, 0x8A, 0x0E, 0xFF, 0x81, 0xDE, 0xD5, 0x04, 0x4A,
    0x91, 0x49, 0x20, 0xDD, 0xB5, 0xFE, 0xD5, 0xFE, 0xDF, 0xFE, 0xD5, 0xFE, 0xDF, 0xFE, 0xD5, 0xFE,
    0xD5, 0xFF, 0xF5, 0x0B, 0xFF, 0x80, 0xF5, 0x03, 0xFF, 0x80, 0xF5, 0x12, 0xFF, 0x02, 0xB5, 0x83,
    0x4A, 0x40, 0x4A, 0x55, 0x2F, 0xFF, 0x86, 0xF5, 0x6B, 0x6A, 0x4A, 0x40, 0xDE, 0xDF, 0x0A, 0xFF,
    0x85, 0x94, 0x8A, 0x21, 0x2A, 0x4A, 0x40, 0x04, 0x4A, 0x81, 0x6B, 0x75, 0x02, 0xB5, 0x81, 0xDE,
    0xDF, 0x32, 0xFF, 0x88, 0x6B, 0x6A, 0x4A, 0x40, 0x93, 0x75, 0x93, 0x6A, 0x6B, 0x02, 0x6A, 0x86,
    0x4A, 0x6B, 0x6A, 0xB4, 0x95, 0x93, 0x6A, 0x03, 0x4A, 0x88, 0x40, 0x94, 0x8A, 0xDE, 0xD5, 0xB5,
    0xAA, 0x94, 0x8A, 0x04, 0x4A, 0x14, 0xFF, 0x93, 0x6B, 0x6A, 0x6B, 0x6A, 0xB5, 0xBF, 0xFE, 0xD5,
    0xFE, 0xDF, 0xFE, 0xD5, 0xFE, 0xD5, 0xFE, 0xDF, 0xFD, 0xB5, 0xFE, 0xDF, 0x0A, 0xFF, 0x91, 0xDE,
    0xCA, 0x6B, 0x60, 0x6B, 0x6A, 0x94, 0x8A, 0xB5, 0xAA, 0xDE, 0xCA, 0xDE, 0xD5, 0xFF, 0xF5, 0xFF,
    0xF5, 0x06, 0xFF, 0x85, 0xDE, 0xD5, 0x21, 0x2A, 0x6B, 0x6A, 0x30, 0xFF, 0x85, 0x6B, 0x6A, 0x21,
    0x2A, 0xDE, 0xD5, 0x0A, 0xFF, 0x81, 0x94, 0x95, 0x02, 0x4A, 0x81, 0x6B, 0x6A, 0x02, 0xB5, 0x81,
    0xDE, 0xDF, 0x38, 0xFF, 0x04, 0x4A, 0x8F, 0xDC, 0x95, 0xFD, 0xB5, 0xFD, 0xB5, 0xFD, 0xB5, 0xFD,
    0xB5, 0xFD, 0xB5, 0xFC, 0x95, 0x6B, 0x6A, 0x02, 0x4A, 0x8B, 0x21, 0x2A, 0x4A, 0x40, 0x49, 0x2A,
    0x22, 0x4A, 0x6A, 0x4A, 0xDE, 0xDF, 0x16, 0xFF, 0x91, 0xFE, 0xDF, 0xFE, 0xD5, 0xFE, 0xDF, 0xFD,
    0xB5, 0xFE, 0xDF, 0xFE, 0xD5, 0xFE, 0xDF, 0xFE, 0xD5, 0xFE, 0xDF, 0x0A, 0xFF, 0x02, 0xB5, 0x05,
    0x4A, 0x86, 0x40, 0x21, 0x2A, 0x21, 0x2A, 0x4A, 0x40, 0x04, 0x4A, 0x81, 0xDE, 0xD5, 0x04, 0xFF,
    0x81, 0xDE, 0xD5, 0x04, 0x4A, 0x30, 0xFF, 0x81, 0x6B, 0x60, 0x02, 0x4A, 0x81, 0xDE, 0xD5, 0x4A,
    0xFF, 0x83, 0xDE, 0xD5, 0x4A, 0x40, 0x02, 0x4A, 0x92, 0xFD, 0xB5, 0xFD, 0xB5, 0xFD, 0xB5, 0xFC,
    0x95, 0xFD, 0xB5, 0xFD, 0xB5, 0xFD, 0xB5, 0xFD, 0xB5, 0xB4, 0x8A, 0x6A, 0x07, 0x4A, 0x81, 0xDE,
    0xD5, 0x18, 0xFF, 0x91, 0xFE, 0xDF, 0xFE, 0xD5, 0xFE, 0xD5, 0xFE, 0xDF, 0xFE, 0xD5, 0xFE, 0xD5,
    0xFD, 0xBF, 0xFE, 0xD5, 0xFE, 0xD5, 0x0E, 0xFF, 0x04, 0xB5, 0x85, 0x94, 0x95, 0x94, 0x8A, 0x6B,
    0x75, 0x03, 0x4A, 0x80, 0x40, 0x02, 0xB5, 0x04, 0xFF, 0x83, 0xDE, 0xDF, 0x4A, 0x40, 0x02, 0x4A,
    0x81, 0xDE, 0xD5, 0x2E, 0xFF, 0x81, 0x6B, 0x6A, 0x02, 0x4A, 0x02, 0xB5, 0x4A, 0xFF, 0xA1, 0xDD,
    0xB5, 0x22, 0x4A, 0x6A, 0x4A, 0xFD, 0xB5, 0xFC, 0x95, 0xFD, 0xB5, 0xFD, 0xB5, 0xDC, 0x8A, 0xFD,
    0xB5, 0xFC, 0x95, 0xFD, 0xB5, 0xFD, 0xB5, 0xFD, 0xB5, 0xB4, 0x95, 0x4A, 0x40, 0x4B, 0x6A, 0xFE,
    0xDF, 0x1A, 0xFF, 0x8F, 0xFE, 0xD5, 0xFE, 0xDF, 0xFE, 0xD5, 0xFD, 0xBF, 0xFE, 0xD5, 0xFE, 0xDF,
    0xFE, 0xD5, 0xFE, 0xDF, 0x18, 0xFF, 0x83, 0xFE, 0xDF, 0xDE, 0xDF, 0x06, 0xFF, 0x83, 0xDE, 0xDF,
    0x4A, 0x40, 0x02, 0x4A, 0x81, 0xFE, 0xDF, 0x2E, 0xFF, 0x85, 0x94, 0x8A, 0x4A, 0x40, 0x94, 0x95,
    0x4A, 0xFF, 0x02, 0xB5, 0x99, 0x4A, 0x40, 0x6B, 0x6A, 0xFD, 0xB5, 0xFD, 0xB5, 0xDD, 0xAA, 0xFD,
    0xB5, 0xFD, 0xB5, 0xFD, 0xB5, 0xDD, 0xB5, 0xFC, 0x8A, 0xFD, 0xB5, 0xFD, 0xB5, 0x93, 0x6A, 0x02,
    0x4A, 0x81, 0x6B, 0x75, 0x1C, 0xFF, 0x8D, 0xFE, 0xD5, 0xFE, 0xDF, 0xFE, 0xD5, 0xFE, 0xD5, 0xFE,
    0xDF, 0xFE, 0xD5, 0xFE, 0xDF, 0x24, 0xFF, 0x81, 0xDE, 0xD5, 0x04, 0x4A, 0x80, 0xDF, 0x2F, 0xFF,
    0x02, 0xB5, 0x83, 0x21, 0x20, 0x94, 0x95, 0x4A, 0xFF, 0x02, 0xB5, 0x98, 0x21, 0x2A, 0x93, 0x6A,
    0xFD, 0xB5, 0xFC, 0x95, 0xFD, 0xB5, 0xFC, 0x95, 0xFD, 0xB5, 0xFC, 0x95, 0xFD, 0xB5, 0xFD, 0xB5,
    0xDC, 0x95, 0xFD, 0xB5, 0x6A, 0x02, 0x4A, 0x82, 0x40, 0x94, 0x95, 0x1E, 0xFF, 0x89, 0xFE, 0xDF,
    0xFE, 0xD5, 0xFE, 0xDF, 0xFE, 0xD5, 0xFE, 0xDF, 0x26, 0xFF, 0x83, 0xDE, 0xDF, 0x4A, 0x40, 0x02,
    0x4A, 0x81, 0xFE, 0xDF, 0x2F, 0xFF, 0x84, 0xF5, 0x21, 0x20, 0x6B, 0x6A, 0x4A, 0xFF, 0x02, 0xB5,
    0x97, 0x4A, 0x40, 0x6B, 0x6A, 0xFD, 0xB5, 0xFD, 0xB5, 0xFD, 0xB5, 0xDD, 0xB5, 0xFD, 0xB5, 0xDD,
    0xAA, 0xFC, 0x95, 0xFD, 0xB5, 0xFD, 0xB5, 0xDC, 0x8A, 0x04, 0x4A, 0x81, 0xDE, 0xDF, 0x32, 0xFF,
    0x81, 0xDE, 0xCA, 0x02, 0xB5, 0x81, 0xFF, 0xF5, 0x16, 0xFF, 0x81, 0xDE, 0xDF, 0x04, 0x4A, 0x81,
    0xDE, 0xD5, 0x30, 0xFF, 0x04, 0x4A, 0x81, 0xDE, 0xDF, 0x48, 0xFF, 0x9D, 0xDE, 0xD5, 0x21, 0x2A,
    0x6A, 0x4A, 0xFD, 0xB5, 0xFC, 0x95, 0xFD, 0xB5, 0xFC, 0x8A, 0xFD, 0xB5, 0xFD, 0xB5, 0xFD, 0xB5,
    0xDC, 0x95, 0xFD, 0xB5, 0x93, 0x6A, 0x22, 0x4A, 0x6B, 0x6A, 0x34, 0xFF, 0x85, 0x6A, 0x40, 0x21,
    0x2A, 0x6A, 0x4A, 0x02, 0xB5, 0x14, 0xFF, 0x83, 0xDE, 0xD5, 0x4A, 0x40, 0x02, 0x4A, 0x32, 0xFF,
    0x85, 0x6B, 0x60, 0x49, 0x2A, 0x95, 0xB5, 0x48, 0xFF, 0x81, 0xFE, 0xD5, 0x04, 0x4A, 0x93, 0xDC,
    0x8A, 0xFD, 0xB5, 0xDD, 0xB5, 0xFD, 0xB5, 0xFC, 0x95, 0xDD, 0xB5, 0xFC, 0x95, 0xFD, 0xAA, 0xB4,
    0x95, 0x4A, 0x40, 0x02, 0x4A, 0x81, 0xDD, 0xBF, 0x34, 0xFF, 0x02, 0xB5, 0x03, 0x4A, 0x80, 0x40,
    0x02, 0x4A, 0x83, 0x6B, 0x6A, 0xDE, 0xD5, 0x10, 0xFF, 0x85, 0xB6, 0xD5, 0x49, 0x2A, 0x4B, 0x6A,
    0x32, 0xFF, 0x02, 0xB5, 0x83, 0x22, 0x40, 0x6B, 0x6A, 0x4A, 0xFF, 0x93, 0x6B, 0x6A, 0x22, 0x4A,
    0x93, 0x6A, 0xFD, 0xB5, 0xFD, 0xB5, 0xFD, 0xB5, 0xFD, 0xB5, 0xFD, 0xAA, 0xFD, 0xB5, 0xDC, 0x95,
    0x04, 0x4A, 0x81, 0x6B, 0x6A, 0x3A, 0xFF, 0x83, 0x6B, 0x75, 0x4A, 0x40, 0x04, 0x4A, 0x81, 0x94,
    0x95, 0x0E, 0xFF, 0x02, 0xB5, 0x83, 0x49, 0x20, 0x6B, 0x6A, 0x33, 0xFF, 0x82, 0xF5, 0x49, 0x2A,
    0x02, 0x4A, 0x81, 0xDD, 0xB5, 0x48, 0xFF, 0x81, 0xDD, 0xB5, 0x04, 0x4A, 0x8C, 0xDC, 0x95, 0xFD,
    0xB5, 0xFC, 0x95, 0xFD, 0xB5, 0xFD, 0xB5, 0xB4, 0x95, 0x6A, 0x02, 0x4A, 0x80, 0x40, 0x02, 0x4A,
    0x3E, 0xFF, 0x85, 0xDD, 0xBF, 0x4B, 0x6A, 0x49, 0x20, 0x02, 0x4A, 0x83, 0x6A, 0x4A, 0xDF, 0xF5,
    0x0A, 0xFF, 0x81, 0x94, 0x95, 0x02, 0x4A, 0x81, 0x6B, 0x75, 0x34, 0xFF, 0x85, 0x6C, 0x8A, 0x49,
    0x2A, 0x6C, 0x8A, 0x4A, 0xFF, 0x83, 0x6B, 0x6A, 0x22, 0x40, 0x02, 0x4A, 0x87, 0xB4, 0x8A, 0xDC,
    0x95, 0xB4, 0x8A, 0x93, 0x6A, 0x03, 0x4A, 0x84, 0x40, 0x4A, 0x55, 0xDE, 0xDF, 0x32, 0xFF, 0x85,
    0xB5, 0xAA, 0x6B, 0x6A, 0xDE, 0xD5, 0x0A, 0xFF, 0x87, 0x94, 0x95, 0x4A, 0x40, 0x21, 0x2A, 0x94,
    0x95, 0x0A, 0xFF, 0x85, 0x6B, 0x6A, 0x4A, 0x40, 0x94, 0x95, 0x34, 0xFF, 0x81, 0xDE, 0xD5, 0x04,
    0x4A, 0x81, 0xDD, 0xB5, 0x4A, 0xFF, 0x85, 0x6A, 0x4A, 0x22, 0x4A, 0x49, 0x20, 0x08, 0x4A, 0x83,
    0x6B, 0x6A, 0xDE, 0xD5, 0x34, 0xFF, 0x85, 0x6B, 0x6A, 0x49, 0x2A, 0x6B, 0x6A, 0x0C, 0xFF, 0x81,
    0xDE, 0xDF, 0x02, 0xB5, 0x81, 0xDE, 0xD5, 0x0A, 0xFF, 0x04, 0x4A, 0x81, 0xDE, 0xD5, 0x36, 0xFF,
    0x85, 0x6B, 0x6A, 0x22, 0x40, 0x6B, 0x75, 0x4C, 0xFF, 0x83, 0x94, 0x95, 0x6B, 0x6A, 0x04, 0x4A,
    0x83, 0x6B, 0x6A, 0x94, 0x95, 0x38, 0xFF, 0x81, 0xDE, 0xD5, 0x02, 0x4A, 0x83, 0x22, 0x40, 0x93,
    0x75, 0x18, 0xFF, 0x83, 0xDE, 0xD5, 0x4A, 0x40, 0x02, 0x4A, 0x81, 0xDE, 0xDF, 0x36, 0xFF, 0x87,
    0xFE, 0xDF, 0x4A, 0x40, 0x49, 0x2A, 0x95, 0xB5, 0x4E, 0xFF, 0x81, 0xDE, 0xDF, 0x40, 0xFF, 0x02,
    0xB5, 0x03, 0x4A, 0x80, 0x40, 0x02, 0xB5, 0x16, 0xFF, 0x85, 0x94, 0x95, 0x21, 0x2A, 0x6B, 0x6A,
    0x3A, 0xFF, 0x83, 0x95, 0xB5, 0x49, 0x20, 0x02, 0x4A, 0x81, 0xDE, 0xD5, 0x7F, 0xFF, 0x11, 0xFF,
    0x81, 0x6B, 0x6A, 0x04, 0x4A, 0x81, 0xDE, 0xDF, 0x14, 0xFF, 0x81, 0x6B, 0x60, 0x02, 0x4A, 0x81,
    0x94, 0x95, 0x3C, 0xFF, 0x85, 0x6B, 0x6A, 0x22, 0x40, 0x6A, 0x4A, 0x7F, 0xFF, 0x13, 0xFF, 0x03,
    0x4A, 0x82, 0x40, 0x6B, 0x6A, 0x12, 0xFF, 0x81, 0xDE, 0xD5, 0x04, 0x4A, 0x81, 0xDE, 0xDF, 0x3E,
    0xFF, 0x02, 0x4A, 0x83, 0x21, 0x2A, 0x6B, 0x6A, 0x7F, 0xFF, 0x11, 0xFF, 0x85, 0xDE, 0xD5, 0x49,
    0x2A, 0x22, 0x4A, 0x02, 0xB5, 0x10, 0xFF, 0x85, 0x94, 0x95, 0x21, 0x20, 0x6B, 0x6A, 0x40, 0xFF,
    0x83, 0xDE, 0xD5, 0x4A, 0x40, 0x02, 0x4A, 0x81, 0x6B, 0x6A, 0x7F, 0xFF, 0x11, 0xFF, 0x02, 0xB5,
    0x83, 0x6B, 0x6A, 0xDE, 0xDF, 0x10, 0xFF, 0x81, 0x4A, 0x40, 0x02, 0x4A, 0x02, 0xB5, 0x42, 0xFF,
    0x02, 0xB5, 0x85, 0x21, 0x2A, 0x4A, 0x40, 0x6B, 0x6A, 0x7F, 0xFF, 0x23, 0xFF, 0x81, 0x94, 0x8A,
    0x04, 0x4A, 0x46, 0xFF, 0x02, 0xB5, 0x02, 0x4A, 0x85, 0x21, 0x2A, 0x6B, 0x6A, 0xDE, 0xD5, 0x7F,
    0xFF, 0x1F, 0xFF, 0x81, 0x4A, 0x40, 0x02, 0x4A, 0x02, 0xB5, 0x48, 0xFF, 0x02, 0xB5, 0x03, 0x4A,
    0x80, 0x40, 0x02, 0x4A, 0x81, 0xDE, 0xD5, 0x7F, 0xFF, 0x1B, 0xFF, 0x83, 0xDE, 0xD5, 0x21, 0x2A,
    0x02, 0x4A, 0x81, 0xFE, 0xDF, 0x4A, 0xFF, 0x81, 0xDE, 0xDF, 0x06, 0x4A, 0x81, 0x94, 0x8A, 0x7F,
    0xFF, 0x19, 0xFF, 0x83, 0xDE, 0xDF, 0x4A, 0x40, 0x02, 0x4A, 0x80, 0xDF, 0x4D, 0xFF, 0x81, 0xDE,
    0xD5, 0x06, 0x4A, 0x83, 0x6B, 0x6A, 0xDE, 0xD5, 0x7F, 0xFF, 0x15, 0xFF, 0x81, 0xDE, 0xD5, 0x04,
    0x4A, 0x1F, 0xFF, 0x8A, 0xEA, 0x94, 0x8A, 0x94, 0x8A, 0xB5, 0xAA, 0xDE, 0xD5, 0xFF, 0xF5, 0x24,
    0xFF, 0x02, 0xB5, 0x81, 0x49, 0x20, 0x04, 0x4A, 0x81, 0x49, 0x20, 0x02, 0x4A, 0x81, 0x95, 0xB5,
    0x7F, 0xFF, 0x13, 0xFF, 0x81, 0xDE, 0xD5, 0x03, 0x4A, 0x80, 0x40, 0x1C, 0xFF, 0x83, 0xB5, 0xAA,
    0x21, 0x2A, 0x04, 0x4A, 0x81, 0x21, 0x20, 0x02, 0x4A, 0x85, 0x6B, 0x6A, 0xB4, 0x8A, 0xFF, 0xF5,
    0x20, 0xFF, 0x8D, 0x6B, 0x6A, 0x22, 0x4A, 0x94, 0x95, 0xDE, 0xDF, 0x6B, 0x6A, 0x22, 0x4A, 0x49,
    0x20, 0x02, 0xB5, 0x0F, 0xFF, 0x88, 0xF5, 0xFF, 0xF5, 0xFF, 0xF5, 0xDE, 0xCA, 0xFF, 0xF5, 0x78,
    0xFF, 0x02, 0xB5, 0x83, 0x49, 0x20, 0x6B, 0x75, 0x1C, 0xFF, 0x81, 0x6B, 0x6A, 0x02, 0x4A, 0x81,
    0x94, 0x8A, 0x02, 0xB5, 0x84, 0x94, 0x95, 0x6A, 0x4A, 0x22, 0x02, 0x4A, 0x80, 0x40, 0x02, 0x4A,
    0x81, 0xB5, 0xAA, 0x1C, 0xFF, 0x87, 0xDE, 0xD5, 0x21, 0x20, 0x6A, 0x4A, 0xDE, 0xD5, 0x04, 0xFF,
    0x85, 0x94, 0x95, 0x93, 0x6A, 0xDE, 0xD5, 0x0B, 0xFF, 0x84, 0xF5, 0xB5, 0xAA, 0x6B, 0x6A, 0x02,
    0x4A, 0x89, 0x49, 0x20, 0x21, 0x2A, 0x4A, 0x40, 0x6B, 0x6A, 0xB5, 0xAA, 0x74, 0xFF, 0x85, 0x94,
    0x8A, 0x22, 0x4A, 0x93, 0x6A, 0x1C, 0xFF, 0x81, 0x4A, 0x40, 0x02, 0x4A, 0x81, 0xDE, 0xDF, 0x06,
    0xFF, 0x83, 0xDE, 0xD5, 0x6B, 0x75, 0x02, 0x4A, 0x85, 0x22, 0x40, 0x6A, 0x4A, 0xDF, 0xF5, 0x18,
    0xFF, 0x81, 0x94, 0x8A, 0x02, 0x4A, 0x81, 0x94, 0x95, 0x13, 0xFF, 0x84, 0xEA, 0x6B, 0x6A, 0x4A,
    0x40, 0x04, 0x4A, 0x89, 0x6B, 0x6A, 0x6C, 0x95, 0x94, 0x8A, 0x6A, 0x55, 0x4A, 0x40, 0x02, 0x4A,
    0x83, 0x6B, 0x60, 0xDE, 0xD5, 0x70, 0xFF, 0x85, 0x6B, 0x6A, 0x49, 0x2A, 0x95, 0xB5, 0x1C, 0xFF,
    0x03, 0x4A, 0x82, 0x40, 0xB5, 0xBF, 0x0A, 0xFF, 0x02, 0xB5, 0x87, 0x6B, 0x6A, 0x49, 0x2A, 0x4A,
    0x40, 0xB5, 0xAA, 0x15, 0xFF, 0x82, 0xF5, 0x4A, 0x40, 0x02, 0x4A, 0x81, 0xDE, 0xD5, 0x0E, 0xFF,
    0x83, 0xDE, 0xD5, 0x6B, 0x6A, 0x06, 0x4A, 0x83, 0x94, 0x95, 0xDE, 0xD5, 0x08, 0xFF, 0x85, 0xB6,
    0xDF, 0x6B, 0x6A, 0x21, 0x2A, 0x02, 0x4A, 0x81, 0xDE, 0xD5, 0x6C, 0xFF, 0x82, 0xFE, 0xD5, 0x22,
    0x02, 0x4A, 0x82, 0x40, 0xDE, 0xDF, 0x1C, 0xFF, 0x85, 0x94, 0x8A, 0x49, 0x2A, 0x6B, 0x6A, 0x0E,
    0xFF, 0x81, 0x6B, 0x6A, 0x04, 0x4A, 0x81, 0xB5, 0xAA, 0x12, 0xFF, 0x85, 0xB5, 0xAA, 0x21, 0x2A,
    0x6B, 0x6A, 0x0E, 0xFF, 0x81, 0x94, 0x8A, 0x06, 0x4A, 0x81, 0x94, 0x95, 0x12, 0xFF, 0x81, 0x94,
    0x8A, 0x03, 0x4A, 0x82, 0x40, 0xFE, 0xD5, 0x6A, 0xFF, 0x81, 0x94, 0x8A, 0x02, 0x4A, 0x81, 0x6B,
    0x6A, 0x1E, 0xFF, 0x87, 0xDE, 0xDF, 0x4A, 0x40, 0x22, 0x4A, 0xB4, 0x95, 0x0E, 0xFF, 0x81, 0x94,
    0x95, 0x03, 0x4A, 0x80, 0x40, 0x02, 0xB5, 0x10, 0xFF, 0x81, 0x6B, 0x60, 0x02, 0x4A, 0x81, 0xB5,
    0xBF, 0x0A, 0xFF, 0x81, 0xDE, 0xD5, 0x02, 0x4A, 0x87, 0x21, 0x2A, 0x4A, 0x40, 0x6C, 0x95, 0xFE,
    0xDF, 0x16, 0xFF, 0x85, 0x93, 0x75, 0x22, 0x40, 0x6B, 0x6A, 0x11, 0xFF, 0x8E, 0xF5, 0xFF, 0xF5,
    0xDE, 0xCA, 0xB4, 0x8A, 0x94, 0x8A, 0xB5, 0xAA, 0xDE, 0xD5, 0xFF, 0xF5, 0x49, 0xFF, 0x86, 0xF5,
    0x22, 0x40, 0x49, 0x2A, 0xB5, 0xBF, 0x20, 0xFF, 0x83, 0x94, 0x95, 0x4A, 0x40, 0x02, 0x4A, 0x81,
    0xB6, 0xD5, 0x0E, 0xFF, 0x83, 0x94, 0x95, 0x21, 0x20, 0x02, 0x4A, 0x81, 0xDE, 0xD5, 0x0D, 0xFF,
    0x80, 0xF5, 0x02, 0x4A, 0x81, 0x6A, 0x4A, 0x0A, 0xFF, 0x83, 0xDE, 0xDF, 0x21, 0x20, 0x02, 0x4A,
    0x83, 0x6B, 0x6A, 0xB5, 0xBF, 0x1C, 0xFF, 0x04, 0x4A, 0x81, 0x94, 0x8A, 0x0D, 0xFF, 0x82, 0xEA,
    0x94, 0x8A, 0x03, 0x4A, 0x81, 0x40, 0x22, 0x02, 0x4A, 0x86, 0x40, 0x49, 0x2A, 0x4A, 0x40, 0x6B,
    0x6A, 0x02, 0xB5, 0x45, 0xFF, 0x81, 0xF5, 0x6A, 0x03, 0x4A, 0x81, 0x6B, 0x6A, 0x24, 0xFF, 0x87,
    0x6B, 0x6A, 0x21, 0x2A, 0x6A, 0x4A, 0xDE, 0xD5, 0x0E, 0xFF, 0x85, 0x94, 0x95, 0x49, 0x20, 0x4B,
    0x6A, 0x0C, 0xFF, 0x85, 0xB5, 0xAA, 0x22, 0x40, 0x94, 0x95, 0x0A, 0xFF, 0x85, 0xB6, 0xD5, 0x6A,
    0x4A, 0x6C, 0x95, 0x20, 0xFF, 0x02, 0xB5, 0x04, 0x4A, 0x09, 0xFF, 0x82, 0xF5, 0xDD, 0xAA, 0x03,
    0x4A, 0x86, 0x40, 0x6A, 0x4A, 0x94, 0x95, 0xDE, 0xDF, 0x02, 0xB5, 0x89, 0x94, 0x95, 0x4B, 0x6A,
    0x49, 0x2A, 0x4A, 0x40, 0x94, 0x8A, 0x41, 0xFF, 0x83, 0xF5, 0x94, 0x8A, 0x22, 0x03, 0x4A, 0x81,
    0xDE, 0xDF, 0x24, 0xFF, 0x83, 0xDE, 0xDF, 0x4A, 0x40, 0x04, 0x4A, 0x81, 0xDE, 0xD5, 0x0E, 0xFF,
    0x03, 0x4A, 0x82, 0x40, 0x93, 0x6A, 0x09, 0xFF, 0x82, 0xF5, 0x6B, 0x6A, 0x02, 0x4A, 0x02, 0xB5,
    0x32, 0xFF, 0x85, 0x6B, 0x6A, 0x21, 0x20, 0x94, 0x95, 0x05, 0xFF, 0x84, 0xF5, 0x6B, 0x6A, 0x4A,
    0x40, 0x02, 0x4A, 0x81, 0xB5, 0xBF, 0x0C, 0xFF, 0x81, 0x95, 0xB5, 0x02, 0x4A, 0x85, 0x21, 0x2A,
    0x4A, 0x40, 0xDE, 0xD5, 0x3B, 0xFF, 0x82, 0xF5, 0x6B, 0x6A, 0x04, 0x4A, 0x81, 0xDE, 0xD5, 0x28,
    0xFF, 0x83, 0xDE, 0xDF, 0x4A, 0x40, 0x04, 0x4A, 0x02, 0xB5, 0x0C, 0xFF, 0x02, 0xB5, 0x04, 0x4A,
    0x81, 0xDE, 0xD5, 0x07, 0xFF, 0x80, 0xF5, 0x04, 0x4A, 0x34, 0xFF, 0x85, 0xDE, 0xDF, 0x49, 0x20,
    0x6B, 0x6A, 0x03, 0xFF, 0x80, 0xF5, 0x04, 0x4A, 0x83, 0x6B, 0x6A, 0xDE, 0xDF, 0x10, 0xFF, 0x83,
    0xFE, 0xDF, 0x6B, 0x6A, 0x04, 0x4A, 0x81, 0xDE, 0xD5, 0x35, 0xFF, 0x82, 0xF5, 0xDE, 0xCA, 0x03,
    0x4A, 0x80, 0x40, 0x02, 0x4A, 0x81, 0xDD, 0xB5, 0x2C, 0xFF, 0x81, 0xDE, 0xDF, 0x05, 0x4A, 0x82,
    0x40, 0xB5, 0xBF, 0x0C, 0xFF, 0x85, 0x6B, 0x6A, 0x22, 0x4A, 0x6B, 0x6A, 0x06, 0xFF, 0x85, 0xB5,
    0xAA, 0x21, 0x2A, 0x93, 0x6A, 0x1E, 0xFF, 0x85, 0xDD, 0xB5, 0x4B, 0x60, 0xDD, 0xB5, 0x10, 0xFF,
    0x81, 0xDE, 0xDF, 0x02, 0x4A, 0x89, 0x4B, 0x6A, 0xDE, 0xD5, 0x6A, 0x4A, 0x22, 0x4A, 0x6B, 0x6A,
    0x18, 0xFF, 0x81, 0x6B, 0x6A, 0x03, 0x4A, 0x80, 0x40, 0x02, 0xB5, 0x07, 0xFF, 0x82, 0xF5, 0xFF,
    0xF5, 0x23, 0xFF, 0x88, 0xF5, 0xFF, 0xF5, 0xDE, 0xCA, 0x6B, 0x6A, 0x49, 0x20, 0x02, 0x4A, 0x83,
    0x6B, 0x75, 0xDE, 0xDF, 0x32, 0xFF, 0x05, 0x4A, 0x82, 0x40, 0xDE, 0xDF, 0x0A, 0xFF, 0x83, 0xDE,
    0xDF, 0x49, 0x20, 0x02, 0x4A, 0x81, 0xFF, 0xF5, 0x04, 0xFF, 0x85, 0x6B, 0x6A, 0x4A, 0x40, 0x95,
    0xB5, 0x1E, 0xFF, 0x02, 0xB5, 0x81, 0x21, 0x20, 0x02, 0x4A, 0x12, 0xFF, 0x81, 0x6B, 0x6A, 0x02,
    0x4A, 0x81, 0x6B, 0x6A, 0x02, 0x4A, 0x83, 0x6A, 0x4A, 0xDE, 0xDF, 0x1A, 0xFF, 0x83, 0x94, 0x95,
    0x21, 0x20, 0x02, 0x4A, 0x81, 0xDE, 0xD5, 0x03, 0xFF, 0xAC, 0xF5, 0x6B, 0x6A, 0x4A, 0x40, 0x6B,
    0x6A, 0x94, 0x80, 0xB5, 0xAA, 0xDE, 0xD5, 0xFF, 0xEA, 0xFF, 0xF5, 0xFF, 0xF5, 0xFF, 0xF5, 0xFF,
    0xF5, 0xFF, 0xF5, 0xFF, 0xF5, 0xFF, 0xF5, 0xFF, 0xF5, 0xFF, 0xF5, 0xFF, 0xF5, 0xDE, 0xCA, 0xB5,
    0xAA, 0x94, 0x8A, 0x4A, 0x40, 0x21, 0x2A, 0x02, 0x4A, 0x81, 0x4B, 0x6A, 0x02, 0xB5, 0x38, 0xFF,
    0x05, 0x4A, 0x80, 0x40, 0x0C, 0xFF, 0x85, 0x6B, 0x6A, 0x21, 0x2A, 0x94, 0x95, 0x04, 0xFF, 0x04,
    0x4A, 0x81, 0xDD, 0xBF, 0x20, 0xFF, 0x85, 0x6B, 0x6A, 0x21, 0x2A, 0x94, 0x8A, 0x10, 0xFF, 0x81,
    0x4A, 0x40, 0x06, 0x4A, 0x02, 0xB5, 0x1E, 0xFF, 0x83, 0x94, 0x95, 0x4A, 0x40, 0x02, 0x4A, 0x81,
    0xDE, 0xDF, 0x02, 0xFF, 0x81, 0x6B, 0x6A, 0x06, 0x4A, 0x85, 0x21, 0x2A, 0x4A, 0x40, 0x21, 0x2A,
    0x03, 0x4A, 0x80, 0x40, 0x02, 0x4A, 0x89, 0x6B, 0x6A, 0x6B, 0x6A, 0x6B, 0x6A, 0x6B, 0x6A, 0x4A,
    0x40, 0x03, 0x4A, 0x8C, 0x40, 0x49, 0x2A, 0x22, 0x40, 0x49, 0x2A, 0x4B, 0x6A, 0x93, 0x6A, 0xB5,
    0xBF, 0x3C, 0xFF, 0x81, 0xDE, 0xD5, 0x04, 0x4A, 0x81, 0x94, 0x95, 0x0A, 0xFF, 0x02, 0xB5, 0x81,
    0x4A, 0x40, 0x02, 0x4A, 0x02, 0xFF, 0x02, 0xB5, 0x85, 0x21, 0x20, 0x6B, 0x6A, 0xDE, 0xDF, 0x20,
    0xFF, 0x81, 0xB6, 0xD5, 0x04, 0x4A, 0x81, 0x94, 0x95, 0x0C, 0xFF, 0x81, 0xDE, 0xD5, 0x05, 0x4A,
    0x82, 0x40, 0x6B, 0x75, 0x22, 0xFF, 0x83, 0x6B, 0x75, 0x49, 0x20, 0x02, 0x4A, 0x81, 0xDE, 0xDF,
    0x02, 0xFF, 0x83, 0xDE, 0xDF, 0xDE, 0xD5, 0x02, 0xB5, 0x81, 0x94, 0x95, 0x06, 0x4A, 0x81, 0x6B,
    0x6A, 0x0A, 0x4A, 0x80, 0x6B, 0x02, 0x6A, 0x8A, 0x4A, 0x6B, 0x6A, 0x6C, 0x95, 0xB4, 0x95, 0xDE,
    0xDF, 0xDE, 0xDF, 0x42, 0xFF, 0x02, 0xB5, 0x81, 0x21, 0x20, 0x02, 0x4A, 0x81, 0xDE, 0xDF, 0x08,
    0xFF, 0x83, 0xDE, 0xDF, 0x4A, 0x40, 0x02, 0x4A, 0x83, 0xDE, 0xDF, 0xB4, 0x95, 0x02, 0x4A, 0x80,
    0x4B, 0x02, 0x6A, 0x82, 0x4A, 0x6B, 0x6A, 0x20, 0xFF, 0x85, 0x94, 0x8A, 0x49, 0x2A, 0x4A, 0x40,
    0x02, 0xB5, 0x08, 0xFF, 0x81, 0xFE, 0xD5, 0x08, 0x4A, 0x81, 0xB4, 0x95, 0x24, 0xFF, 0x85, 0x6B,
    0x6A, 0x22, 0x40, 0xB4, 0x95, 0x0A, 0xFF, 0x85, 0x6B, 0x6A, 0x4A, 0x40, 0x94, 0x95, 0x02, 0xFF,
    0x82, 0xDE, 0xDF, 0xFE, 0x02, 0xDF, 0x83, 0xFF, 0xFE, 0xD5, 0xDE, 0x02, 0xDF, 0x51, 0xFF, 0x85,
    0x6B, 0x6A, 0x4A, 0x40, 0x94, 0x95, 0x0A, 0xFF, 0x04, 0x4A, 0x02, 0xB5, 0x85, 0x6B, 0x6A, 0x4A,
    0x40, 0x94, 0x95, 0x02, 0x4A, 0x83, 0x22, 0x40, 0xB4, 0x95, 0x1E, 0xFF, 0x81, 0x6B, 0x6A, 0x06,
    0x4A, 0x87, 0x94, 0x8A, 0xDE, 0xDF, 0xDE, 0xD5, 0x94, 0x8A, 0x06, 0x4A, 0x81, 0x6B, 0x6A, 0x02,
    0x4A, 0x81, 0xB6, 0xD5, 0x12, 0xFF, 0x81, 0x94, 0x8A, 0x02, 0xB5, 0x0E, 0xFF, 0x85, 0xDF, 0xFF,
    0xB4, 0x95, 0xDE, 0xDF, 0x0A, 0xFF, 0x83, 0x93, 0x75, 0x21, 0x20, 0x02, 0xB5, 0x5E, 0xFF, 0x85,
    0x94, 0x95, 0x21, 0x20, 0x6B, 0x6A, 0x0A, 0xFF, 0x89, 0x94, 0x8A, 0x21, 0x20, 0x94, 0x95, 0x4B,
    0x6A, 0x49, 0x2A, 0x04, 0xB5, 0x84, 0x21, 0x2A, 0x6B, 0x6A, 0xDF, 0x1B, 0xFF, 0x8F, 0x6B, 0x6A,
    0x49, 0x20, 0x4B, 0x6A, 0x6B, 0x75, 0x4A, 0x40, 0x21, 0x2A, 0x4A, 0x40, 0x21, 0x2A, 0x02, 0x4A,
    0x89, 0x22, 0x4A, 0x6B, 0x6A, 0xDE, 0xDF, 0x6B, 0x6A, 0x49, 0x20, 0x02, 0xB5, 0x10, 0xFF, 0x85,
    0x6B, 0x6A, 0x21, 0x20, 0x6B, 0x6A, 0x1E, 0xFF, 0x85, 0x6C, 0x8A, 0x49, 0x2A, 0x94, 0x95, 0x5E,
    0xFF, 0x81, 0xDE, 0xDF, 0x04, 0x4A, 0x81, 0xDE, 0xDF, 0x08, 0xFF, 0x81, 0x94, 0x95, 0x02, 0x4A,
    0x83, 0x6A, 0x4A, 0x4B, 0x6A, 0x02, 0x4A, 0x81, 0xDE, 0xDF, 0x02, 0xFF, 0x03, 0x4A, 0x82, 0x40,
    0x6B, 0x6A, 0x18, 0xFF, 0x81, 0x6B, 0x60, 0x04, 0x4A, 0x81, 0xDE, 0xDF, 0x02, 0xFF, 0x8B, 0xDD,
    0xB5, 0x6C, 0x95, 0x6A, 0x4A, 0x6B, 0x6A, 0x6B, 0x6A, 0xDD, 0xBF, 0x04, 0xFF, 0x02, 0xB5, 0x81,
    0x21, 0x2A, 0x02, 0x4A, 0x81, 0xDE, 0xDF, 0x0A, 0xFF, 0x85, 0xDF, 0xF5, 0x6A, 0x4A, 0x22, 0x40,
    0x02, 0x4A, 0x81, 0xDD, 0xBF, 0x1E, 0xFF, 0x85, 0x94, 0x95, 0x22, 0x40, 0x93, 0x75, 0x60, 0xFF,
    0x81, 0x4A, 0x40, 0x02, 0x4A, 0x02, 0xB5, 0x08, 0xFF, 0x02, 0xB5, 0x81, 0x4A, 0x40, 0x06, 0x4A,
    0x81, 0xDE, 0xD5, 0x02, 0xFF, 0x02, 0xB5, 0x04, 0x4A, 0x81, 0xB4, 0x95, 0x13, 0xFF, 0x82, 0xF5,
    0x6B, 0x6A, 0x04, 0x4A, 0x02, 0xB5, 0x16, 0xFF, 0x87, 0x6B, 0x6A, 0x22, 0x40, 0x6A, 0x4A, 0xDE,
    0xD5, 0x06, 0xFF, 0x81, 0x94, 0x8A, 0x06, 0x4A, 0x81, 0xDE, 0xDF, 0x20, 0xFF, 0x02, 0xB5, 0x83,
    0x49, 0x20, 0x6B, 0x6A, 0x60, 0xFF, 0x83, 0x6B, 0x6A, 0x4A, 0x40, 0x02, 0xB5, 0x08, 0xFF, 0x81,
    0xDE, 0xD5, 0x06, 0x4A, 0x81, 0x6B, 0x6A, 0x06, 0xFF, 0x83, 0x94, 0x95, 0x4A, 0x40, 0x02, 0x4A,
    0x81, 0x94, 0x8A, 0x0E, 0xFF, 0x81, 0xB5, 0xAA, 0x06, 0x4A, 0x02, 0xB5, 0x18, 0xFF, 0x84, 0xDE,
    0xDF, 0x6A, 0x4A, 0x22, 0x03, 0x4A, 0x84, 0x6B, 0x6A, 0x6C, 0x8A, 0x6A, 0x07, 0x4A, 0x81, 0xDE,
    0xDF, 0x22, 0xFF, 0x82, 0xDE, 0xD5, 0x22, 0x03, 0x4A, 0x60, 0xFF, 0x85, 0x94, 0x8A, 0x21, 0x2A,
    0x94, 0x95, 0x08, 0xFF, 0x83, 0xDE, 0xDF, 0x4A, 0x40, 0x04, 0x4A, 0x81, 0x6B, 0x6A, 0x08, 0xFF,
    0x83, 0x94, 0x95, 0x21, 0x20, 0x02, 0x4A, 0x81, 0x6B, 0x6A, 0x02, 0xB5, 0x85, 0xDE, 0xD5, 0xDE,
    0xD5, 0xDE, 0xD5, 0x02, 0xB5, 0x81, 0x6B, 0x60, 0x04, 0x4A, 0x83, 0x6B, 0x6A, 0xDE, 0xDF, 0x1C,
    0xFF, 0x83, 0xDF, 0xFF, 0x93, 0x6A, 0x04, 0x4A, 0x82, 0x49, 0x20, 0x22, 0x06, 0x4A, 0x82, 0x40,
    0xDE, 0xDF, 0x22, 0xFF, 0x83, 0xDE, 0xDF, 0x4A, 0x40, 0x02, 0x4A, 0x81, 0xDE, 0xDF, 0x5E, 0xFF,
    0x81, 0x94, 0x8A, 0x02, 0x4A, 0x81, 0x94, 0x95, 0x08, 0xFF, 0x81, 0xDE, 0xDF, 0x05, 0x4A, 0x82,
    0x40, 0x6B, 0x75, 0x0A, 0xFF, 0x02, 0xB5, 0x04, 0x4A, 0x81, 0x21, 0x20, 0x04, 0x4A, 0x85, 0x49,
    0x20, 0x22, 0x4A, 0x49, 0x2A, 0x02, 0x4A, 0x02, 0xB5, 0x24, 0xFF, 0x81, 0xDE, 0xDF, 0x02, 0xB5,
    0x83, 0x95, 0xB5, 0xDD, 0xBF, 0x02, 0xFF, 0x85, 0x94, 0x8A, 0x21, 0x2A, 0x6B, 0x6A, 0x24, 0xFF,
    0x03, 0x4A, 0x80, 0x40, 0x02, 0xB5, 0x5E, 0xFF, 0x85, 0x94, 0x8A, 0x21, 0x2A, 0xB4, 0x8A, 0x0A,
    0xFF, 0x81, 0x4A, 0x40, 0x04, 0x4A, 0x81, 0x6B, 0x6A, 0x0E, 0xFF, 0x8D, 0xB4, 0x95, 0x6B, 0x6A,
    0x6B, 0x6A, 0x4B, 0x6A, 0x6B, 0x75, 0x93, 0x6A, 0xB6, 0xD5, 0x32, 0xFF, 0x83, 0xDE, 0xDF, 0x4A,
    0x40, 0x02, 0x4A, 0x02, 0xB5, 0x22, 0xFF, 0x85, 0x6B, 0x6A, 0x21, 0x2A, 0x94, 0x95, 0x5E, 0xFF,
    0x81, 0x93, 0x6A, 0x02, 0x4A, 0x81, 0x95, 0xB5, 0x0A, 0xFF, 0x81, 0x4A, 0x40, 0x04, 0x4A, 0x81,
    0x94, 0x95, 0x50, 0xFF, 0x83, 0x94, 0x95, 0x49, 0x20, 0x02, 0x4A, 0x1C, 0xFF, 0x83, 0x94, 0x8A,
    0x6B, 0x6A, 0x02, 0xFF, 0x85, 0x94, 0x95, 0x49, 0x20, 0x94, 0x95, 0x5E, 0xFF, 0x83, 0x6C, 0x8A,
    0x49, 0x2A, 0x02, 0xB5, 0x0A, 0xFF, 0x81, 0x21, 0x2A, 0x03, 0x4A, 0x82, 0x40, 0x94, 0x95, 0x52,
    0xFF, 0x85, 0x4B, 0x6A, 0x49, 0x20, 0x6B, 0x6A, 0x18, 0xFF, 0x85, 0x6C, 0x8A, 0x49, 0x20, 0x4B,
    0x6A, 0x02, 0xFF, 0x85, 0x95, 0xB5, 0x21, 0x20, 0x6B, 0x6A, 0x5E, 0xFF, 0x85, 0x6B, 0x6A, 0x4A,
    0x40, 0xB5, 0xBF, 0x0A, 0xFF, 0x81, 0x4A, 0x40, 0x04, 0x4A, 0x81, 0xB4, 0x95, 0x52, 0xFF, 0x81,
    0xDE, 0xDF, 0x02, 0x4A, 0x83, 0x22, 0x4A, 0x6B, 0x6A, 0x14, 0xFF, 0x83, 0x94, 0x8A, 0x49, 0x20,
    0x02, 0x4A, 0x81, 0xDE, 0xDF, 0x02, 0xFF, 0x81, 0xDD, 0xB5, 0x04, 0x4A, 0x5E, 0xFF, 0x85, 0x6B,
    0x6A, 0x4A, 0x40, 0xB6, 0xDF, 0x0A, 0xFF, 0x81, 0x49, 0x2A, 0x04, 0x4A, 0x81, 0x95, 0xB5, 0x54,
    0xFF, 0x02, 0xB5, 0x81, 0x4A, 0x40, 0x02, 0x4A, 0x83, 0x6B, 0x6A, 0xDE, 0xDF, 0x0D, 0xFF, 0x84,
    0xF5, 0x6B, 0x6A, 0x4A, 0x40, 0x02, 0x4A, 0x81, 0xB5, 0xBF, 0x04, 0xFF, 0x83, 0xDE, 0xDF, 0x4A,
    0x40, 0x02, 0x4A, 0x81, 0xDE, 0xDF, 0x5B, 0xFF, 0x80, 0xF5, 0x04, 0x4A, 0x81, 0xDE, 0xD5, 0x08,
    0xFF, 0x81, 0xDF, 0xF5, 0x03, 0x4A, 0x80, 0x40, 0x02, 0x4A, 0x02, 0xB5, 0x56, 0xFF, 0x8B, 0xDD,
    0xBF, 0x4A, 0x40, 0x21, 0x2A, 0x4A, 0x40, 0x94, 0x8A, 0xDE, 0xD5, 0x03, 0xFF, 0x84, 0xF5, 0xDE,
    0xD5, 0x94, 0x8A, 0x02, 0x4A, 0x85, 0x21, 0x20, 0x4A, 0x55, 0xDE, 0xD5, 0x08, 0xFF, 0x03, 0x4A,
    0x80, 0x40, 0x02, 0xB5, 0x5C, 0xFF, 0x81, 0x6A, 0x40, 0x02, 0x4A, 0x81, 0xDE, 0xDF, 0x0A, 0xFF,
    0x06, 0x4A, 0x81, 0x94, 0x95, 0x58, 0xFF, 0x83, 0xDE, 0xDF, 0x6B, 0x6A, 0x04, 0x4A, 0x83, 0x49,
    0x2A, 0x22, 0x40, 0x02, 0x4A, 0x83, 0x21, 0x2A, 0x4A, 0x40, 0x02, 0x4A, 0x83, 0x94, 0x95, 0xDE,
    0xDF, 0x0A, 0xFF, 0x83, 0x6B, 0x6A, 0x21, 0x2A, 0x02, 0xB5, 0x5C, 0xFF, 0x81, 0x4B, 0x6A, 0x02,
    0x4A, 0x81, 0xDD, 0xB5, 0x08, 0xFF, 0x83, 0xFE, 0xDF, 0x4A, 0x40, 0x03, 0x4A, 0x82, 0x40, 0x94,
    0x95, 0x5C, 0xFF, 0x84, 0xDE, 0xD5, 0x6C, 0x95, 0x6A, 0x05, 0x4A, 0x85, 0x6B, 0x6A, 0x94, 0x95,
    0xDE, 0xDF, 0x0E, 0xFF, 0x81, 0x6B, 0x6A, 0x02, 0x4A, 0x81, 0x94, 0x8A, 0x5C, 0xFF, 0x85, 0x6B,
    0x60, 0x49, 0x2A, 0xB6, 0xD5, 0x0A, 0xFF, 0x06, 0x4A, 0x81, 0x94, 0x95, 0x7A, 0xFF, 0x85, 0x94,
    0x95, 0x49, 0x20, 0x6B, 0x75, 0x5C, 0xFF, 0x83, 0x94, 0x8A, 0x21, 0x2A, 0x02, 0xB5, 0x0A, 0xFF,
    0x81, 0x4A, 0x40, 0x03, 0x4A, 0x82, 0x40, 0x6B, 0x75, 0x7A, 0xFF, 0x02, 0xB5, 0x83, 0x22, 0x40,
    0x6B, 0x75, 0x5C, 0xFF, 0x81, 0x94, 0x8A, 0x02, 0x4A, 0x81, 0x94, 0x95, 0x0A, 0xFF, 0x81, 0x6B,
    0x6A, 0x04, 0x4A, 0x81, 0x6B, 0x6A, 0x7A, 0xFF, 0x02, 0xB5, 0x83, 0x49, 0x2A, 0x6B, 0x6A, 0x5C,
    0xFF, 0x85, 0xDE, 0xD5, 0x21, 0x20, 0x6B, 0x6A, 0x0A, 0xFF, 0x81, 0x6B, 0x6A, 0x04, 0x4A, 0x81,
    0x6B, 0x6A, 0x7A, 0xFF, 0x83, 0xB6, 0xD5, 0x4A, 0x40, 0x02, 0x4A, 0x5C, 0xFF, 0x81, 0xDE, 0xD5,
    0x04, 0x4A, 0x0A, 0xFF, 0x83, 0x94, 0x95, 0x4A, 0x40, 0x02, 0x4A, 0x81, 0x6A, 0x4A, 0x7A, 0xFF,
    0x81, 0xDD, 0xB5, 0x04, 0x4A, 0x80, 0xDF, 0x5D, 0xFF, 0x81, 0x4A, 0x40, 0x02, 0x4A, 0x02, 0xB5,
    0x08, 0xFF, 0x02, 0xB5, 0x06, 0x4A, 0x81, 0xDE, 0xDF, 0x78, 0xFF, 0x83, 0xDE, 0xDF, 0x4A, 0x40,
    0x02, 0x4A, 0x81, 0xDE, 0xDF, 0x5C, 0xFF, 0x81, 0x6B, 0x6A, 0x02, 0x4A, 0x81, 0x94, 0x95, 0x0A,
    0xFF, 0x81, 0x4A, 0x40, 0x04, 0x4A, 0x81, 0xB6, 0xD5, 0x78, 0xFF, 0x81, 0xDE, 0xD5, 0x04, 0x4A,
    0x81, 0xDE, 0xD5, 0x5C, 0xFF, 0x02, 0xB5, 0x83, 0x49, 0x20, 0x6B, 0x6A, 0x0A, 0xFF, 0x83, 0x93,
    0x75, 0x22, 0x40, 0x02, 0x4A, 0x02, 0xB5, 0x78, 0xFF, 0x83, 0xDE, 0xDF, 0x4A, 0x40, 0x02, 0x4A,
    0x81, 0xDE, 0xDF, 0x5D, 0xFF, 0x81, 0xF5, 0x22, 0x03, 0x4A, 0x81, 0xDE, 0xDF, 0x08, 0xFF, 0x81,
    0xDE, 0xD5, 0x04, 0x4A, 0x81, 0x94, 0x95, 0x78, 0xFF, 0x81, 0xDE, 0xD5, 0x02, 0x4A, 0x82, 0x6A,
    0x4A, 0xDF, 0x45, 0xFF, 0x97, 0x21, 0x20, 0x21, 0x20, 0x21, 0x20, 0x4A, 0x40, 0x21, 0x20, 0x4A,
    0x40, 0x4A, 0x40, 0x4A, 0x40, 0x4A, 0x40, 0x21, 0x20, 0x21, 0x20, 0x21, 0x20, 0x20, 0x00, 0x82,
    0x20, 0x00, 0x01, 0x02, 0x20, 0xCD, 0x00, 0x21, 0x20, 0x21, 0x20, 0x21, 0x20, 0x21, 0x20, 0x21,
    0x20, 0x21, 0x20, 0x21, 0x20, 0x21, 0x20, 0x21, 0x20, 0x21, 0x20, 0x21, 0x20, 0x21, 0x20, 0x21,
    0x20, 0x21, 0x20, 0x21, 0x20, 0x21, 0x20, 0x21, 0x20, 0x21, 0x20, 0x21, 0x20, 0x21, 0x20, 0x21,
    0x20, 0x21, 0x20, 0x21, 0x20, 0x21, 0x20, 0x21, 0x20, 0x21, 0x20, 0x21, 0x20, 0x21, 0x20, 0x21,
    0x20, 0x21, 0x20, 0x21, 0x20, 0x21, 0x20, 0x21, 0x20, 0x21, 0x20, 0x21, 0x20, 0x21, 0x20, 0x21,
    0x20, 0x21, 0x20, 0x01, 0x02, 0x20, 0x81, 0x00, 0x01, 0x02, 0x20, 0x81, 0x00, 0x01, 0x02, 0x20,
    0x82, 0x00, 0x01, 0x20, 0x22, 0x00, 0x81, 0x21, 0x20, 0x02, 0x00, 0xB5, 0x21, 0x20, 0x21, 0x20,
    0x21, 0x20, 0x21, 0x20, 0x21, 0x20, 0x21, 0x20, 0x21, 0x20, 0x21, 0x20, 0x21, 0x20, 0x21, 0x20,
    0x22, 0x40, 0x21, 0x20, 0x4A, 0x40, 0x21, 0x20, 0x4A, 0x40, 0x21, 0x20, 0x4A, 0x40, 0x22, 0x40,
    0x49, 0x20, 0x4A, 0x40, 0x4A, 0x40, 0x4A, 0x40, 0x4A, 0x40, 0x4A, 0x40, 0x4A, 0x40, 0x4A, 0x40,
    0x4A, 0x40, 0x02, 0xFD, 0x06, 0x00, 0x00, 0x08, 0x02, 0x01, 0xFF, 0xC8, 0x00, 0x04, 0xFB, 0x08,
    0x00, 0x00, 0x0B, 0x00, 0x46, 0x00, 0x83, 0x00, 0xBB, 0x00, 0x05, 0xFA, 0xE4, 0x1A, 0x00, 0x7F,
    0xFF, 0x7F, 0xFF, 0x7F, 0xFF, 0x7F, 0xFF, 0x7F, 0xFF, 0x7F, 0xFF, 0x7F, 0xFF, 0x7F, 0xFF, 0x7F,
    0xFF, 0x7F, 0xFF, 0x7F, 0xFF, 0x7F, 0xFF, 0x7F, 0xFF, 0x7F, 0xFF, 0x5B, 0xFF, 0x8C, 0xF5, 0xFF,
    0xF5, 0xDE, 0xCA, 0xB5, 0xAA, 0xB5, 0xAA, 0xB5, 0xAA, 0xFF, 0xF5, 0x53, 0xFF, 0x86, 0xF5, 0xFF,
    0xF5, 0xFF, 0xF5, 0xFF, 0xF5, 0x7F, 0xFF, 0x06, 0xFF, 0x86, 0xF5, 0xFF, 0xF5, 0x94, 0x8A, 0x6B,
    0x6A, 0x02, 0x4A, 0x81, 0x21, 0x2A, 0x02, 0x4A, 0x81, 0x21, 0x2A, 0x03, 0x4A, 0x82, 0x40, 0xDE,
    0xDF, 0x4E, 0xFF, 0x83, 0xDE, 0xCA, 0x4A, 0x40, 0x02, 0x4A, 0x81, 0x21, 0x20, 0x02, 0x4A, 0x87,
    0x6B, 0x60, 0x94, 0x8A, 0xDE, 0xD5, 0xFF, 0xF5, 0x77, 0xFF, 0x8A, 0xF5, 0xFF, 0xF5, 0x94, 0x8A,
    0x6A, 0x40, 0x22, 0x4A, 0x49, 0x20, 0x04, 0x4A, 0x8B, 0x6B, 0x6A, 0x94, 0x95, 0x94, 0x8A, 0x6B,
    0x6A, 0x21, 0x2A, 0x94, 0x8A, 0x4D, 0xFF, 0x82, 0xEA, 0x21, 0x2A, 0x02, 0x4A, 0x83, 0x6B, 0x6A,
    0x6B, 0x6A, 0x04, 0x4A, 0x83, 0x49, 0x2A, 0x22, 0x40, 0x02, 0x4A, 0x81, 0x6B, 0x60, 0x02, 0xB5,
    0x81, 0xFF, 0xF5, 0x6D, 0xFF, 0x87, 0xF5, 0xDE, 0xCA, 0x6B, 0x6A, 0x4A, 0x40, 0x22, 0x03, 0x4A,
    0x85, 0x6B, 0x6A, 0x94, 0x95, 0xDE, 0xD5, 0x08, 0xFF, 0x83, 0xDE, 0xDF, 0x4A, 0x40, 0x02, 0x4A,
    0x81, 0xFE, 0xDF, 0x4A, 0xFF, 0x81, 0x94, 0x8A, 0x02, 0x4A, 0x81, 0x94, 0x8A, 0x04, 0xFF, 0x81,
    0xDE, 0xDF, 0x02, 0xB5, 0x83, 0x94, 0x95, 0x6B, 0x6A, 0x04, 0x4A, 0x81, 0x49, 0x20, 0x02, 0x4A,
    0x85, 0x6B, 0x60, 0xDE, 0xD5, 0xFF, 0xF5, 0x61, 0xFF, 0x84, 0xF5, 0xFF, 0xF5, 0x94, 0x80, 0x02,
    0x4A, 0x81, 0x21, 0x20, 0x04, 0x4A, 0x83, 0x94, 0x95, 0xDD, 0xB5, 0x10, 0xFF, 0x02, 0x4A, 0x81,
    0x22, 0x40, 0x02, 0xB5, 0x4A, 0xFF, 0x81, 0x6B, 0x60, 0x02, 0x4A, 0x81, 0xB5, 0xBF, 0x0C, 0xFF,
    0x85, 0xDE, 0xDF, 0xB4, 0x95, 0x6B, 0x6A, 0x04, 0x4A, 0x81, 0x21, 0x20, 0x02, 0x4A, 0x83, 0x94,
    0x8A, 0xFF, 0xF5, 0x2B, 0xFF, 0x80, 0xF5, 0x03, 0xFF, 0x80, 0xF5, 0x03, 0xFF, 0x80, 0xF5, 0x03,
    0xFF, 0x80, 0xF5, 0x21, 0xFF, 0x84, 0xF5, 0xFF, 0xEA, 0x6B, 0x6A, 0x06, 0x4A, 0x83, 0x6B, 0x6A,
    0xB5, 0xBF, 0x16, 0xFF, 0x81, 0x93, 0x75, 0x02, 0x4A, 0x81, 0x94, 0x8A, 0x49, 0xFF, 0x80, 0xF5,
    0x04, 0x4A, 0x14, 0xFF, 0x85, 0xDE, 0xDF, 0x94, 0x95, 0x6B, 0x6A, 0x03, 0x4A, 0x88, 0x40, 0x21,
    0x2A, 0x6B, 0x60, 0xDE, 0xD5, 0xFF, 0xF5, 0x15, 0xFF, 0xAC, 0xF5, 0xFF, 0xF5, 0xFF, 0xF5, 0xFF,
    0xF5, 0xDE, 0xCA, 0xB5, 0xAA, 0xB5, 0xAA, 0x94, 0x8A, 0x94, 0x8A, 0x94, 0x8A, 0x6B, 0x6A, 0x6B,
    0x60, 0x6B, 0x6A, 0x94, 0x8A, 0x94, 0x8A, 0x94, 0x8A, 0x94, 0x8A, 0xB5, 0xAA, 0xB5, 0xAA, 0xDE,
    0xCA, 0xFF, 0xF5, 0xFF, 0xF5, 0xFF, 0xF5, 0x0D, 0xFF, 0x88, 0xF5, 0xDE, 0xCA, 0x6B, 0x6A, 0x21,
    0x2A, 0x4A, 0x40, 0x02, 0x4A, 0x83, 0x94, 0x95, 0xDE, 0xDF, 0x1A, 0xFF, 0x85, 0x94, 0x95, 0x21,
    0x20, 0x6B, 0x75, 0x48, 0xFF, 0x85, 0xDE, 0xD5, 0x49, 0x20, 0x6B, 0x6A, 0x1A, 0xFF, 0x83, 0xB5,
    0xBF, 0x94, 0x8A, 0x04, 0x4A, 0x81, 0x21, 0x20, 0x02, 0x4A, 0x83, 0xB5, 0xAA, 0xFF, 0xF5, 0x09,
    0xFF, 0x88, 0xF5, 0xFF, 0xF5, 0xDE, 0xCA, 0x94, 0x8A, 0x94, 0x8A, 0x03, 0x4A, 0x8C, 0x40, 0x21,
    0x2A, 0x49, 0x20, 0x22, 0x4A, 0x49, 0x20, 0x22, 0x4A, 0x49, 0x20, 0x09, 0x4A, 0x8E, 0x40, 0x21,
    0x2A, 0x4A, 0x40, 0x49, 0x2A, 0x22, 0x40, 0x49, 0x2A, 0x22, 0x4A, 0x49, 0x20, 0x02, 0x4A, 0x8F,
    0x6B, 0x6A, 0x94, 0x8A, 0xB5, 0xAA, 0xDE, 0xD5, 0xFF, 0xF5, 0xFF, 0xF5, 0xB5, 0xAA, 0x4A, 0x40,
    0x04, 0x4A, 0x84, 0x6B, 0x6A, 0xB4, 0x95, 0xDF, 0x0F, 0xFF, 0x89, 0xFE, 0xDF, 0xFD, 0xB5, 0xFD,
    0xB5, 0xFD, 0xB5, 0xFE, 0xD5, 0x06, 0xFF, 0x02, 0xB5, 0x02, 0x4A, 0x81, 0x6B, 0x6A, 0x48, 0xFF,
    0x85, 0xB5, 0xAA, 0x22, 0x4A, 0x93, 0x75, 0x08, 0xFF, 0x81, 0xFE, 0xDF, 0x14, 0xFF, 0x81, 0xDE,
    0xDF, 0x02, 0xB5, 0x81, 0x6B, 0x6A, 0x02, 0x4A, 0x8D, 0x49, 0x2A, 0x4A, 0x40, 0x94, 0x8A, 0xDE,
    0xD5, 0xDE, 0xCA, 0x94, 0x8A, 0x6B, 0x60, 0x02, 0x4A, 0x81, 0x21, 0x20, 0x06, 0x4A, 0x87, 0x6B,
    0x6A, 0x6B, 0x6A, 0x94, 0x95, 0x94, 0x95, 0x04, 0xB5, 0x81, 0xB6, 0xDF, 0x02, 0xB5, 0x8B, 0xDE,
    0xDF, 0xDE, 0xD5, 0xDE, 0xDF, 0xDD, 0xBF, 0xB6, 0xD5, 0xB5, 0xBF, 0x02, 0xB5, 0x87, 0x94, 0x95,
    0x94, 0x95, 0x6B, 0x6A, 0x6B, 0x6A, 0x04, 0x4A, 0x85, 0x21, 0x20, 0x49, 0x2A, 0x22, 0x40, 0x03,
    0x4A, 0x80, 0x40, 0x06, 0x4A, 0x81, 0x94, 0x95, 0x0F, 0xFF, 0x8E, 0xF5, 0xFD, 0xB5, 0xFD, 0xB5,
    0xFD, 0xAA, 0xFD, 0xB5, 0xFC, 0x95, 0xFD, 0xAA, 0xFD, 0xB5, 0x06, 0xFF, 0x81, 0xDE, 0xD5, 0x03,
    0x4A, 0x82, 0x40, 0xDE, 0xDF, 0x46, 0xFF, 0x81, 0x94, 0x8A, 0x02, 0x4A, 0x81, 0x94, 0x95, 0x06,
    0xFF, 0x8B, 0xFD, 0xB5, 0xFD, 0xAA, 0xFC, 0x95, 0xFD, 0xAA, 0xFE, 0xD5, 0xFE, 0xDF, 0x10, 0xFF,
    0x83, 0xDE, 0xDF, 0x6B, 0x6A, 0x06, 0x4A, 0x85, 0x21, 0x2A, 0x4A, 0x40, 0x21, 0x2A, 0x02, 0x4A,
    0x89, 0x6A, 0x4A, 0x94, 0x95, 0x94, 0x95, 0xDE, 0xD5, 0xDE, 0xDF, 0x28, 0xFF, 0x81, 0xDE, 0xDF,
    0x02, 0xB5, 0x83, 0x94, 0x95, 0x6B, 0x6A, 0x0B, 0x4A, 0x84, 0x40, 0x6B, 0x6A, 0xB5, 0xBF, 0x06,
    0xFF, 0x93, 0xFE, 0xD5, 0xFD, 0xB5, 0xFC, 0x95, 0xFD, 0xB5, 0xFC, 0x95, 0xFD, 0xB5, 0xDD, 0xB5,
    0xFC, 0x95, 0xFD, 0xB5, 0xDC, 0x95, 0x08, 0xFF, 0x02, 0x4A, 0x83, 0x49, 0x2A, 0xDE, 0xD5, 0x46,
    0xFF, 0x83, 0x94, 0x8A, 0x21, 0x20, 0x02, 0xB5, 0x06, 0xFF, 0x91, 0xFC, 0x8A, 0xFD, 0xB5, 0xFD,
    0xB5, 0xFC, 0x95, 0xFD, 0xB5, 0xFC, 0x8A, 0xFD, 0xB5, 0xFD, 0xB5, 0xFF, 0xF5, 0x08, 0xFF, 0x02,
    0xB5, 0x81, 0x6B, 0x6A, 0x07, 0x4A, 0x80, 0x40, 0x02, 0x4A, 0x81, 0x6B, 0x75, 0x02, 0xB5, 0x81,
    0xDE, 0xDF, 0x3A, 0xFF, 0x81, 0xDE, 0xDF, 0x02, 0xB5, 0x81, 0x93, 0x6A, 0x09, 0x4A, 0x80, 0x40,
    0x02, 0x4A, 0x99, 0xDD, 0xB5, 0xFD, 0xB5, 0xFD, 0xB5, 0xFD, 0xB5, 0xFD, 0xB5, 0xFD, 0xB5, 0xFD,
    0xAA, 0xFC, 0x95, 0xFD, 0xB5, 0xFD, 0xAA, 0xFC, 0x95, 0xFD, 0xB5, 0xFE, 0xD5, 0x06, 0xFF, 0x02,
    0x4A, 0x83, 0x22, 0x40, 0xB5, 0xBF, 0x46, 0xFF, 0x81, 0x94, 0x8A, 0x02, 0x4A, 0x02, 0xB5, 0x04,
    0xFF, 0x97, 0xFE, 0xDF, 0xFD, 0xB5, 0xFC, 0x95, 0xDD, 0xB5, 0xFD, 0xB5, 0xFD, 0xB5, 0xFD, 0xB5,
    0xFD, 0xB5, 0xFC, 0x95, 0xFD, 0xB5, 0xFD, 0xB5, 0xFE, 0xD5, 0x02, 0xB5, 0x03, 0x4A, 0x82, 0x40,
    0x49, 0x2A, 0x03, 0x4A, 0x82, 0x40, 0x6B, 0x75, 0x02, 0xB5, 0x4A, 0xFF, 0x02, 0xB5, 0x81, 0x93,
    0x6A, 0x07, 0x4A, 0x98, 0x40, 0x6A, 0x4A, 0xB4, 0x8A, 0xFC, 0x95, 0xFD, 0xB5, 0xFC, 0x95, 0xDD,
    0xB5, 0xFD, 0xB5, 0xDD, 0xB5, 0xFC, 0x95, 0xDD, 0xB5, 0xFD, 0xB5, 0xFE, 0xD5, 0x06, 0xFF, 0x81,
    0x6B, 0x6A, 0x02, 0x4A, 0x81, 0xB4, 0x95, 0x45, 0xFF, 0x82, 0xF5, 0x6B, 0x6A, 0x02, 0x4A, 0x81,
    0xDD, 0xB5, 0x04, 0xFF, 0x94, 0xFE, 0xD5, 0xFD, 0xB5, 0xFD, 0xAA, 0xFC, 0x95, 0xFD, 0xB5, 0xDC,
    0x95, 0xFD, 0xB5, 0xFD, 0xB5, 0xFD, 0xAA, 0xFD, 0xB5, 0xB3, 0x02, 0x6A, 0x07, 0x4A, 0x83, 0x4B,
    0x6A, 0x94, 0x95, 0x54, 0xFF, 0x87, 0xDF, 0xFF, 0xB4, 0x95, 0x4B, 0x6A, 0x49, 0x2A, 0x04, 0x4A,
    0x93, 0x6B, 0x6A, 0xB4, 0x8A, 0xFD, 0xB5, 0xFD, 0xB5, 0xFC, 0x95, 0xFD, 0xAA, 0xFD, 0xB5, 0xFD,
    0xB5, 0xFC, 0x95, 0xFD, 0xB5, 0x06, 0xFF, 0x85, 0x93, 0x6A, 0x22, 0x4A, 0x94, 0x8A, 0x46, 0xFF,
    0x81, 0x4A, 0x40, 0x02, 0x4A, 0x81, 0xDE, 0xDF, 0x04, 0xFF, 0x93, 0xFE, 0xD5, 0xFC, 0x95, 0xDD,
    0xB5, 0xFD, 0xB5, 0xFC, 0x8A, 0xFD, 0xB5, 0xFD, 0xB5, 0xFD, 0xB5, 0xB4, 0x95, 0x6B, 0x6A, 0x05,
    0x4A, 0x82, 0x40, 0x6B, 0x6A, 0x02, 0xB5, 0x5E, 0xFF, 0x02, 0xB5, 0x81, 0x6B, 0x6A, 0x02, 0x4A,
    0x80, 0x22, 0x03, 0x4A, 0x8F, 0x93, 0x6A, 0xDC, 0x8A, 0xFD, 0xB5, 0xFD, 0xB5, 0xDC, 0x95, 0xFD,
    0xB5, 0xFD, 0xB5, 0xFD, 0xB5, 0x06, 0xFF, 0x85, 0x94, 0x95, 0x4A, 0x40, 0x6B, 0x75, 0x45, 0xFF,
    0x80, 0xF5, 0x04, 0x4A, 0x06, 0xFF, 0x8F, 0xFE, 0xD5, 0xFC, 0x95, 0xFD, 0xB5, 0xFC, 0x95, 0xDD,
    0xB5, 0xFD, 0xB5, 0xDC, 0x8A, 0x93, 0x6A, 0x05, 0x4A, 0x82, 0x40, 0x6B, 0x75, 0x02, 0xB5, 0x66,
    0xFF, 0x02, 0xB5, 0x80, 0x6A, 0x02, 0x4A, 0x82, 0x40, 0x21, 0x2A, 0x02, 0x4A, 0x8B, 0xB4, 0x95,
    0xFC, 0x95, 0xFD, 0xB5, 0xFD, 0xAA, 0xDC, 0x95, 0xFD, 0xB5, 0x06, 0xFF, 0x85, 0x95, 0xB5, 0x49,
    0x2A, 0x6B, 0x6A, 0x45, 0xFF, 0x80, 0xF5, 0x04, 0x4A, 0x06, 0xFF, 0x8C, 0xFD, 0xB5, 0xFD, 0xB5,
    0xDD, 0xAA, 0xFD, 0xB5, 0xFD, 0xB5, 0xDC, 0x95, 0x6A, 0x04, 0x4A, 0x80, 0x40, 0x02, 0x4A, 0x81,
    0xB4, 0x95, 0x6E, 0xFF, 0x83, 0x94, 0x95, 0x4B, 0x6A, 0x03, 0x4A, 0x8A, 0x40, 0x6B, 0x6A, 0xDC,
    0x95, 0xFD, 0xB5, 0xFD, 0xB5, 0xFD, 0xB5, 0x06, 0xFF, 0x02, 0xB5, 0x83, 0x21, 0x20, 0x6B, 0x6A,
    0x45, 0xFF, 0x84, 0xF5, 0x21, 0x20, 0x6B, 0x6A, 0x06, 0xFF, 0x8C, 0xFD, 0xB5, 0xFD, 0xB5, 0xFC,
    0x95, 0xFD, 0xB5, 0x93, 0x6A, 0x4A, 0x40, 0x22, 0x03, 0x4A, 0x82, 0x94, 0x95, 0xDF, 0x73, 0xFF,
    0x83, 0xFE, 0xDF, 0x6B, 0x6A, 0x02, 0x4A, 0x89, 0x21, 0x2A, 0x6A, 0x4A, 0xB4, 0x8A, 0xFD, 0xB5,
    0xFD, 0xB5, 0x06, 0xFF, 0x02, 0xB5, 0x02, 0x4A, 0x81, 0x4B, 0x6A, 0x44, 0xFF, 0x85, 0xDE, 0xD5,
    0x21, 0x2A, 0x6B, 0x6A, 0x06, 0xFF, 0x87, 0xFD, 0xB5, 0xFD, 0xB5, 0xDC, 0x8A, 0x6B, 0x6A, 0x04,
    0x4A, 0x81, 0x6A, 0x4A, 0x02, 0xB5, 0x7A, 0xFF, 0x02, 0xB5, 0x03, 0x4A, 0x80, 0x40, 0x02, 0x4A,
    0x83, 0x93, 0x6A, 0xFD, 0xB5, 0x06, 0xFF, 0x02, 0xB5, 0x83, 0x49, 0x2A, 0x6B, 0x6A, 0x44, 0xFF,
    0x83, 0xDE, 0xD5, 0x4A, 0x40, 0x02, 0x4A, 0x06, 0xFF, 0x83, 0xFD, 0xB5, 0xDC, 0x95, 0x06, 0x4A,
    0x81, 0x6B, 0x6A, 0x7F, 0xFF, 0x84, 0xFF, 0xDE, 0xDF, 0x4B, 0x6A, 0x04, 0x4A, 0x83, 0x93, 0x6A,
    0xFE, 0xDF, 0x04, 0xFF, 0x81, 0xDE, 0xD5, 0x04, 0x4A, 0x81, 0xDE, 0xDF, 0x42, 0xFF, 0x85, 0xDE,
    0xD5, 0x21, 0x2A, 0x6B, 0x6A, 0x06, 0xFF, 0x02, 0xB5, 0x81, 0x4A, 0x40, 0x04, 0x4A, 0x81, 0xB4,
    0x95, 0x7F, 0xFF, 0x07, 0xFF, 0x87, 0x6B, 0x6A, 0x49, 0x2A, 0x22, 0x40, 0x93, 0x75, 0x04, 0xFF,
    0x83, 0xDE, 0xDF, 0x4A, 0x40, 0x02, 0x4A, 0x81, 0xDE, 0xDF, 0x42, 0xFF, 0x85, 0xDE, 0xD5, 0x49,
    0x20, 0x94, 0x95, 0x04, 0xFF, 0x81, 0xDE, 0xD5, 0x06, 0x4A, 0x02, 0xB5, 0x7F, 0xFF, 0x0B, 0xFF,
    0x87, 0x94, 0x95, 0x4A, 0x40, 0x22, 0x4A, 0x94, 0x8A, 0x02, 0xFF, 0x81, 0xDE, 0xD5, 0x04, 0x4A,
    0x81, 0xDE, 0xD5, 0x42, 0xFF, 0x85, 0xB6, 0xD5, 0x21, 0x20, 0x6C, 0x95, 0x02, 0xFF, 0x85, 0xDE,
    0xDF, 0x4A, 0x40, 0x49, 0x2A, 0x02, 0x4A, 0x81, 0xDE, 0xD5, 0x7F, 0xFF, 0x0F, 0xFF, 0x89, 0x94,
    0x95, 0x4A, 0x40, 0x21, 0x2A, 0x94, 0x95, 0xDE, 0xDF, 0x04, 0x4A, 0x81, 0xDE, 0xD5, 0x42, 0xFF,
    0x87, 0xDD, 0xB5, 0x4A, 0x40, 0x93, 0x75, 0xDE, 0xD5, 0x04, 0x4A, 0x83, 0x4B, 0x6A, 0xDE, 0xDF,
    0x7F, 0xFF, 0x13, 0xFF, 0x81, 0x94, 0x95, 0x03, 0x4A, 0x84, 0x40, 0x6B, 0x6A, 0x6B, 0x6A, 0x02,
    0x4A, 0x81, 0xDE, 0xDF, 0x42, 0xFF, 0x85, 0xB6, 0xD5, 0x21, 0x20, 0x6B, 0x6A, 0x06, 0x4A, 0x81,
    0xFE, 0xDF, 0x7F, 0xFF, 0x17, 0xFF, 0x81, 0x94, 0x8A, 0x07, 0x4A, 0x82, 0x40, 0xB5, 0xBF, 0x42,
    0xFF, 0x81, 0xDD, 0xB5, 0x08, 0x4A, 0x81, 0xDE, 0xD5, 0x7F, 0xFF, 0x1B, 0xFF, 0x83, 0x6B, 0x75,
    0x4A, 0x40, 0x04, 0x4A, 0x81, 0xDE, 0xD5, 0x42, 0xFF, 0x83, 0xDE, 0xCA, 0x21, 0x2A, 0x03, 0x4A,
    0x82, 0x40, 0xB5, 0xBF, 0x7F, 0xFF, 0x1F, 0xFF, 0x06, 0x4A, 0x02, 0xB5, 0x42, 0xFF, 0x02, 0xB5,
    0x81, 0x4A, 0x40, 0x02, 0x4A, 0x81, 0x94, 0x95, 0x7F, 0xFF, 0x21, 0xFF, 0x81, 0xDE, 0xD5, 0x03,
    0x4A, 0x82, 0x40, 0x94, 0x95, 0x42, 0xFF, 0x81, 0x6B, 0x60, 0x02, 0x4A, 0x81, 0x6B, 0x6A, 0x7F,
    0xFF, 0x25, 0xFF, 0x82, 0xB4, 0x95, 0x22, 0x03, 0x4A, 0x81, 0xDD, 0xB5, 0x3E, 0xFF, 0x87, 0xDE,
    0xCA, 0x21, 0x2A, 0x6B, 0x6A, 0xDE, 0xDF, 0x7F, 0xFF, 0x27, 0xFF, 0x85, 0x6B, 0x6A, 0x49, 0x2A,
    0x4B, 0x6A, 0x3D, 0xFF, 0x80, 0xF5, 0x03, 0x4A, 0x82, 0x40, 0xB5, 0xBF, 0x7F, 0xFF, 0x29, 0xFF,
    0x83, 0xDE, 0xDF, 0x4A, 0x40, 0x02, 0x4A, 0x02, 0xB5, 0x3A, 0xFF, 0x81, 0xB5, 0xAA, 0x02, 0x4A,
    0x81, 0x6B, 0x6A, 0x7F, 0xFF, 0x2D, 0xFF, 0x85, 0x94, 0x95, 0x21, 0x20, 0x6A, 0x4A, 0x39, 0xFF,
    0x82, 0xF5, 0x4A, 0x40, 0x02, 0x4A, 0x81, 0xDE, 0xDF, 0x7F, 0xFF, 0x2D, 0xFF, 0x81, 0xDF, 0xFF,
    0x03, 0x4A, 0x82, 0x40, 0x94, 0x95, 0x36, 0xFF, 0x81, 0x94, 0x8A, 0x02, 0x4A, 0x81, 0x93, 0x6A,
    0x7F, 0xFF, 0x31, 0xFF, 0x81, 0x94, 0x8A, 0x02, 0x4A, 0x81, 0x4B, 0x6A, 0x35, 0xFF, 0x82, 0xF5,
    0x4A, 0x40, 0x02, 0x4A, 0x81, 0xDE, 0xDF, 0x2E, 0xFF, 0x85, 0xDE, 0xCA, 0x94, 0x8A, 0xDE, 0xD5,
    0x47, 0xFF, 0x84, 0xF5, 0xDD, 0xAA, 0xB6, 0xCA, 0x30, 0xFF, 0x85, 0xDE, 0xDF, 0x4A, 0x40, 0x49,
    0x2A, 0x02, 0xB5, 0x32, 0xFF, 0x85, 0xB5, 0xAA, 0x21, 0x2A, 0x94, 0x8A, 0x30, 0xFF, 0x83, 0x6B,
    0x6A, 0x21, 0x2A, 0x02, 0x4A, 0x83, 0x94, 0x8A, 0xDE, 0xD5, 0x3F, 0xFF, 0x82, 0xF5, 0xB5, 0xAA,
    0x02, 0x4A, 0x80, 0x22, 0x03, 0x4A, 0x32, 0xFF, 0x85, 0x93, 0x6A, 0x22, 0x4A, 0x94, 0x8A, 0x32,
    0xFF, 0x81, 0x6B, 0x60, 0x02, 0x4A, 0x81, 0xB5, 0xBF, 0x32, 0xFF, 0x85, 0x6B, 0x6A, 0x4A, 0x40,
    0x49, 0x2A, 0x02, 0x4A, 0x83, 0x6C, 0x8A, 0xFE, 0xD5, 0x37, 0xFF, 0x82, 0xF5, 0xDE, 0xCA, 0x05,
    0x4A, 0x84, 0x40, 0x6B, 0x6A, 0xDD, 0xB5, 0x32, 0xFF, 0x83, 0xDE, 0xD5, 0x49, 0x2A, 0x02, 0x4A,
    0x30, 0xFF, 0x85, 0xDE, 0xD5, 0x49, 0x20, 0x4B, 0x6A, 0x36, 0xFF, 0x83, 0xDE, 0xDF, 0x6B, 0x6A,
    0x02, 0x4A, 0x87, 0x49, 0x20, 0x22, 0x4A, 0x94, 0x8A, 0xDE, 0xD5, 0x2F, 0xFF, 0x82, 0xF5, 0xDE,
    0xCA, 0x06, 0x4A, 0x83, 0x6B, 0x6A, 0xB5, 0xBF, 0x2B, 0xFF, 0x84, 0xF5, 0xB5, 0xAA, 0xB6, 0xD5,
    0x08, 0xFF, 0x02, 0x4A, 0x81, 0x22, 0x40, 0x02, 0xB5, 0x2E, 0xFF, 0x81, 0x94, 0x8A, 0x02, 0x4A,
    0x81, 0x94, 0x95, 0x3A, 0xFF, 0x83, 0xB6, 0xD5, 0x6B, 0x75, 0x05, 0x4A, 0x82, 0x40, 0x94, 0x95,
    0x2B, 0xFF, 0x82, 0xF5, 0x6B, 0x60, 0x04, 0x4A, 0x81, 0x6B, 0x6A, 0x02, 0xB5, 0x0F, 0xFF, 0x82,
    0xF5, 0xFF, 0xF5, 0x15, 0xFF, 0x8A, 0xF5, 0xDE, 0xCA, 0x94, 0x8A, 0x6B, 0x6A, 0x4A, 0x40, 0x49,
    0x2A, 0x02, 0x4A, 0x81, 0xFE, 0xD5, 0x06, 0xFF, 0x85, 0x94, 0x8A, 0x21, 0x2A, 0x94, 0x95, 0x2E,
    0xFF, 0x81, 0x6B, 0x60, 0x02, 0x4A, 0x02, 0xB5, 0x04, 0xFF, 0x83, 0xDE, 0xDF, 0x94, 0x8A, 0x02,
    0xB5, 0x81, 0x94, 0x8A, 0x02, 0xB5, 0x87, 0xB6, 0xD5, 0xDD, 0xB5, 0xDE, 0xD5, 0xDE, 0xD5, 0x13,
    0xFF, 0x80, 0xF5, 0x03, 0xFF, 0x80, 0xF5, 0x0E, 0xFF, 0x81, 0xDD, 0xB5, 0x07, 0x4A, 0x80, 0x40,
    0x2A, 0xFF, 0x83, 0x94, 0x8A, 0x21, 0x2A, 0x04, 0x4A, 0x02, 0xB5, 0x0C, 0xFF, 0x8B, 0xFE, 0xD5,
    0xFE, 0xD5, 0xFE, 0xDF, 0xFF, 0xF5, 0xFE, 0xD5, 0xFF, 0xF5, 0x0C, 0xFF, 0x83, 0xDE, 0xCA, 0x6B,
    0x60, 0x02, 0x4A, 0x83, 0x21, 0x2A, 0x4A, 0x40, 0x04, 0x4A, 0x83, 0x6B, 0x6A, 0x94, 0x95, 0x08,
    0xFF, 0x02, 0xB5, 0x03, 0x4A, 0x80, 0x40, 0x2D, 0xFF, 0x85, 0xF5, 0x21, 0x2A, 0x6A, 0x4A, 0xDF,
    0x05, 0xFF, 0x83, 0x94, 0x8A, 0x21, 0x20, 0x02, 0x4A, 0x87, 0x21, 0x2A, 0x4A, 0x40, 0x21, 0x2A,
    0x4A, 0x40, 0x02, 0x4A, 0x83, 0x22, 0x40, 0x6A, 0x4A, 0x0D, 0xFF, 0x8A, 0xF5, 0xFF, 0xF5, 0xFE,
    0xDF, 0xFE, 0xD5, 0xFE, 0xD5, 0xFE, 0xD5, 0x08, 0xFF, 0x83, 0xDD, 0xB5, 0x6B, 0x6A, 0x03, 0x4A,
    0x80, 0x40, 0x02, 0x4A, 0x81, 0x6B, 0x6A, 0x02, 0xB5, 0x2B, 0xFF, 0x82, 0xF5, 0x6B, 0x6A, 0x03,
    0x4A, 0x86, 0x40, 0x49, 0x2A, 0x4B, 0x6A, 0xB4, 0x95, 0x06, 0xFF, 0x8F, 0xFE, 0xD5, 0xFE, 0xDF,
    0xFE, 0xD5, 0xFE, 0xDF, 0xFE, 0xD5, 0xFE, 0xDF, 0xFE, 0xD5, 0xFF, 0xF5, 0x09, 0xFF, 0x8C, 0xF5,
    0x4A, 0x40, 0x21, 0x2A, 0x6B, 0x6A, 0x6B, 0x6A, 0x94, 0x95, 0xB5, 0xBF, 0x0E, 0xFF, 0x83, 0xDE,
    0xDF, 0x4A, 0x40, 0x02, 0x4A, 0x81, 0xDE, 0xDF, 0x2A, 0xFF, 0x02, 0xB5, 0x83, 0x4A, 0x40, 0x6B,
    0x6A, 0x06, 0xFF, 0x8D, 0xFE, 0xDF, 0x6C, 0x95, 0x6B, 0x6A, 0x93, 0x75, 0x6B, 0x6A, 0x6B, 0x6A,
    0x6B, 0x75, 0x02, 0x4A, 0x83, 0x6A, 0x4A, 0x6B, 0x6A, 0x0D, 0xFF, 0x92, 0xF5, 0xFE, 0xDF, 0xFE,
    0xD5, 0xFE, 0xDF, 0xFE, 0xD5, 0xFE, 0xDF, 0xFE, 0xD5, 0xFE, 0xD5, 0xDD, 0xB5, 0x4B, 0x60, 0x02,
    0x4A, 0x81, 0x21, 0x20, 0x02, 0x4A, 0x81, 0x6B, 0x75, 0x02, 0xB5, 0x32, 0xFF, 0x83, 0xDE, 0xD5,
    0x6B, 0x75, 0x03, 0x4A, 0x81, 0x40, 0x22, 0x03, 0x4A, 0x93, 0xB4, 0x95, 0xDE, 0xD5, 0xFE, 0xDF,
    0xFE, 0xD5, 0xFE, 0xDF, 0xFE, 0xD5, 0xFE, 0xDF, 0xFE, 0xD5, 0xFE, 0xDF, 0xFE, 0xD5, 0x0A, 0xFF,
    0x84, 0xDE, 0xDF, 0xDD, 0xB5, 0xDF, 0x17, 0xFF, 0x04, 0x4A, 0x02, 0xB5, 0x2A, 0xFF, 0x81, 0x94,
    0x8A, 0x02, 0x4A, 0x81, 0x94, 0x95, 0x14, 0xFF, 0x80, 0xDF, 0x10, 0xFF, 0x92, 0xF5, 0xFE, 0xDF,
    0xFE, 0xD5, 0xFE, 0xD5, 0xFE, 0xDF, 0xFE, 0xD5, 0xFE, 0xDF, 0xFD, 0xB5, 0x6A, 0x4A, 0x21, 0x20,
    0x04, 0x4A, 0x83, 0x94, 0x95, 0xDE, 0xD5, 0x0C, 0xFF, 0x85, 0xDE, 0xD5, 0x6B, 0x60, 0xDE, 0xD5,
    0x1B, 0xFF, 0x82, 0xF5, 0xB5, 0xA0, 0x02, 0xB5, 0x08, 0xFF, 0x83, 0xDE, 0xDF, 0x94, 0x8A, 0x03,
    0x4A, 0x81, 0x40, 0x22, 0x03, 0x4A, 0x91, 0xDD, 0xB5, 0xFE, 0xD5, 0xFE, 0xDF, 0xFE, 0xD5, 0xFE,
    0xD5, 0xFE, 0xDF, 0xFD, 0xB5, 0xFE, 0xDF, 0xFE, 0xD5, 0x24, 0xFF, 0x85, 0x94, 0x8A, 0x21, 0x2A,
    0x94, 0x95, 0x2A, 0xFF, 0x85, 0x6B, 0x6A, 0x4A, 0x40, 0xB5, 0xBF, 0x24, 0xFF, 0x8F, 0xFE, 0xD5,
    0xFE, 0xD5, 0xFE, 0xDF, 0xFE, 0xD5, 0xFE, 0xDF, 0xFE, 0xD5, 0xFE, 0xD5, 0xFD, 0xB5, 0x04, 0x4A,
    0x83, 0x94, 0x95, 0xDE, 0xDF, 0x10, 0xFF, 0x02, 0xB5, 0x83, 0x21, 0x2A, 0x94, 0x8A, 0x0D, 0xFF,
    0x80, 0xF5, 0x0D, 0xFF, 0x84, 0xF5, 0x21, 0x20, 0x94, 0x95, 0x0C, 0xFF, 0x83, 0xFE, 0xDF, 0x94,
    0x95, 0x03, 0x4A, 0x92, 0x40, 0xDD, 0xB5, 0xFE, 0xDF, 0xFE, 0xD5, 0xFE, 0xDF, 0xFD, 0xB5, 0xFE,
    0xDF, 0xFE, 0xD5, 0xFE, 0xD5, 0xFE, 0xDF, 0x24, 0xFF, 0x85, 0x94, 0x95, 0x21, 0x20, 0x94, 0x8A,
    0x2A, 0xFF, 0x85, 0x6B, 0x60, 0x21, 0x2A, 0xDE, 0xDF, 0x26, 0xFF, 0x91, 0xFE, 0xD5, 0xFE, 0xDF,
    0xFE, 0xD5, 0xFE, 0xDF, 0xFD, 0xB5, 0xFE, 0xDF, 0xFE, 0xD5, 0xDD, 0xB5, 0xDE, 0xDF, 0x14, 0xFF,
    0x85, 0xDD, 0xB5, 0x22, 0x40, 0x6A, 0x4A, 0x0B, 0xFF, 0x84, 0xEA, 0x6B, 0x6A, 0xB5, 0xAA, 0x0A,
    0xFF, 0x85, 0xB4, 0x8A, 0x22, 0x4A, 0xB4, 0x95, 0x12, 0xFF, 0x91, 0xDD, 0xBF, 0xFE, 0xD5, 0xFE,
    0xDF, 0xFE, 0xD5, 0xFE, 0xDF, 0xFE, 0xD5, 0xFE, 0xD5, 0xFE, 0xDF, 0xFE, 0xD5, 0x26, 0xFF, 0x02,
    0xB5, 0x02, 0x4A, 0x81, 0x6B, 0x6A, 0x29, 0xFF, 0x80, 0xF5, 0x04, 0x4A, 0x81, 0xFF, 0xF5, 0x24,
    0xFF, 0x91, 0xFE, 0xD5, 0xFE, 0xDF, 0xFE, 0xD5, 0xFD, 0xBF, 0xFE, 0xD5, 0xFE, 0xDF, 0xFE, 0xD5,
    0xFE, 0xDF, 0xFE, 0xD5, 0x18, 0xFF, 0x04, 0x4A, 0x83, 0x6B, 0x6A, 0xDE, 0xD5, 0x05, 0xFF, 0x80,
    0xF5, 0x03, 0x4A, 0x80, 0x40, 0x02, 0x4A, 0x02, 0xB5, 0x05, 0xFF, 0x82, 0xF5, 0xB5, 0xAA, 0x03,
    0x4A, 0x82, 0x40, 0xDE, 0xDF, 0x14, 0xFF, 0x8F, 0xFE, 0xDF, 0xFE, 0xD5, 0xFE, 0xDF, 0xFE, 0xD5,
    0xFE, 0xDF, 0xFE, 0xD5, 0xFE, 0xDF, 0xFE, 0xD5, 0x26, 0xFF, 0x02, 0xB5, 0x81, 0x4A, 0x40, 0x02,
    0x4A, 0x29, 0xFF, 0x86, 0xF5, 0x21, 0x2A, 0x6B, 0x6A, 0xDE, 0xDF, 0x18, 0xFF, 0x83, 0xDE, 0xD5,
    0xDE, 0xDF, 0x0A, 0xFF, 0x8D, 0xFE, 0xD5, 0xFE, 0xD5, 0xFE, 0xDF, 0xFE, 0xD5, 0xFE, 0xD5, 0xFE,
    0xDF, 0xFE, 0xD5, 0x1A, 0xFF, 0x84, 0xDE, 0xDF, 0x4A, 0x40, 0x22, 0x03, 0x4A, 0x88, 0x6B, 0x60,
    0x6B, 0x6A, 0x49, 0x20, 0x22, 0x4A, 0x6A, 0x04, 0x4A, 0x86, 0x40, 0x6B, 0x6A, 0x94, 0x8A, 0x4A,
    0x40, 0x04, 0x4A, 0x81, 0x94, 0x95, 0x1A, 0xFF, 0x89, 0xFE, 0xD5, 0xFD, 0xB5, 0xFE, 0xDF, 0xFE,
    0xD5, 0xFE, 0xDF, 0x0C, 0xFF, 0x85, 0xB4, 0x8A, 0x93, 0x6A, 0x94, 0x8A, 0x02, 0xB5, 0x82, 0xDD,
    0xB5, 0xDF, 0x02, 0xFF, 0x80, 0xF5, 0x0E, 0xFF, 0x81, 0xDE, 0xD5, 0x04, 0x4A, 0x28, 0xFF, 0x85,
    0xDE, 0xD5, 0x49, 0x20, 0x6B, 0x6A, 0x15, 0xFF, 0x86, 0xF5, 0x94, 0x95, 0x6B, 0x6A, 0x21, 0x20,
    0x02, 0x4A, 0x81, 0xDE, 0xD5, 0x0A, 0xFF, 0x8B, 0xFE, 0xDF, 0xFE, 0xD5, 0xFE, 0xDF, 0xFE, 0xD5,
    0xFE, 0xDF, 0xFE, 0xDF, 0x1C, 0xFF, 0x06, 0x4A, 0x82, 0x49, 0x2A, 0x22, 0x03, 0x4A, 0x85, 0x94,
    0x95, 0xFD, 0xB5, 0xB3, 0x6A, 0x04, 0x4A, 0x80, 0x22, 0x07, 0x4A, 0x81, 0xDE, 0xDF, 0x1E, 0xFF,
    0x81, 0xFE, 0xDF, 0x0F, 0xFF, 0x80, 0xF5, 0x02, 0x4A, 0x81, 0x21, 0x20, 0x02, 0x4A, 0x81, 0x21,
    0x20, 0x02, 0x4A, 0x81, 0x21, 0x20, 0x02, 0x4A, 0x83, 0x6B, 0x6A, 0x93, 0x6A, 0x02, 0xB5, 0x08,
    0xFF, 0x83, 0xDE, 0xDF, 0x4A, 0x40, 0x02, 0x4A, 0x28, 0xFF, 0x85, 0xDE, 0xD5, 0x22, 0x4A, 0x6B,
    0x6A, 0x10, 0xFF, 0x02, 0xB5, 0x81, 0x6B, 0x6A, 0x02, 0x4A, 0x82, 0x49, 0x20, 0x22, 0x03, 0x4A,
    0x81, 0x6B, 0x6A, 0x10, 0xFF, 0x81, 0xFE, 0xD5, 0x22, 0xFF, 0x81, 0x4A, 0x40, 0x02, 0x4A, 0x95,
    0x93, 0x6A, 0xB4, 0x95, 0xB4, 0x8A, 0xFC, 0x95, 0xFD, 0xB5, 0xFD, 0xB5, 0xFD, 0xB5, 0xFD, 0xB5,
    0xB4, 0x8A, 0xB3, 0x75, 0xB4, 0x8A, 0x03, 0x4A, 0x82, 0x40, 0xDE, 0xDF, 0x30, 0xFF, 0x87, 0xFE,
    0xDF, 0x95, 0xB5, 0x94, 0x95, 0x6B, 0x6A, 0x02, 0x4A, 0x80, 0x6A, 0x05, 0x4A, 0x85, 0x21, 0x2A,
    0x22, 0x40, 0xDE, 0xDF, 0x06, 0xFF, 0x81, 0xDE, 0xD5, 0x04, 0x4A, 0x81, 0xDE, 0xDF, 0x26, 0xFF,
    0x87, 0xDE, 0xD5, 0x49, 0x2A, 0x4B, 0x6A, 0xFE, 0xDF, 0x09, 0xFF, 0x82, 0xF5, 0x6B, 0x6A, 0x03,
    0x4A, 0x80, 0x40, 0x04, 0x4A, 0x85, 0x4B, 0x6A, 0xB4, 0x95, 0xDE, 0xDF, 0x34, 0xFF, 0x81, 0xDE,
    0xDF, 0x04, 0x4A, 0x96, 0xFD, 0xB5, 0xFD, 0xB5, 0xFD, 0xB5, 0xFD, 0xB5, 0xFC, 0x8A, 0xFD, 0xB5,
    0xFD, 0xB5, 0xFC, 0x95, 0xFD, 0xB5, 0xFD, 0xB5, 0xFD, 0xB5, 0x6A, 0x03, 0x4A, 0x02, 0xB5, 0x3A,
    0xFF, 0x81, 0xDE, 0xDF, 0x02, 0xB5, 0x85, 0x95, 0xB5, 0x94, 0x8A, 0x94, 0x95, 0x08, 0xFF, 0x83,
    0xDE, 0xDF, 0x4A, 0x40, 0x02, 0x4A, 0x28, 0xFF, 0x85, 0xDE, 0xD5, 0x21, 0x2A, 0x6B, 0x6A, 0x0A,
    0xFF, 0x85, 0x6B, 0x6A, 0x21, 0x2A, 0x4A, 0x40, 0x02, 0x4A, 0x81, 0x94, 0x95, 0x02, 0xB5, 0x3A,
    0xFF, 0x81, 0xDE, 0xD5, 0x03, 0x4A, 0x96, 0x40, 0xFC, 0x95, 0xFD, 0xB5, 0xFD, 0xB5, 0xFC, 0x95,
    0xDD, 0xB5, 0xFD, 0xB5, 0xDD, 0xB5, 0xFD, 0xB5, 0xFD, 0xB5, 0xFC, 0x95, 0xFD, 0xB5, 0x03, 0x4A,
    0x80, 0x40, 0x02, 0xB5, 0x4C, 0xFF, 0x81, 0xDE, 0xD5, 0x04, 0x4A, 0x81, 0xDE, 0xDF, 0x26, 0xFF,
    0x83, 0xDE, 0xD5, 0x4A, 0x40, 0x02, 0x4A, 0x0A, 0xFF, 0x02, 0xB5, 0x83, 0x6B, 0x6A, 0xB5, 0xBF,
    0x42, 0xFF, 0x04, 0x4A, 0x97, 0xDC, 0x95, 0xFD, 0xB5, 0xFD, 0xAA, 0xFD, 0xB5, 0xFC, 0x95, 0xFD,
    0xB5, 0xFC, 0x95, 0xFD, 0xAA, 0xDD, 0xB5, 0xFD, 0xAA, 0xDC, 0x95, 0x6B, 0x6A, 0x02, 0x4A, 0x81,
    0xB5, 0xBF, 0x30, 0xFF, 0x81, 0xFE, 0xD5, 0x1A, 0xFF, 0x85, 0xDE, 0xD5, 0x21, 0x2A, 0x4A, 0x40,
    0x28, 0xFF, 0x81, 0xDE, 0xDF, 0x04, 0x4A, 0x81, 0xDE, 0xDF, 0x1A, 0xFF, 0x02, 0xB5, 0x83, 0x6B,
    0x6A, 0xB4, 0x95, 0x30, 0xFF, 0x9B, 0x6B, 0x6A, 0x4A, 0x40, 0xB4, 0x95, 0xFD, 0xB5, 0xFC, 0x95,
    0xDD, 0xB5, 0xFD, 0xAA, 0xFD, 0xB5, 0xDD, 0xB5, 0xFC, 0x95, 0xFD, 0xB5, 0xFD, 0xB5, 0xDC, 0x95,
    0x4A, 0x40, 0x02, 0x4A, 0x81, 0xDE, 0xD5, 0x2E, 0xFF, 0x87, 0xB4, 0x8A, 0x21, 0x20, 0x6B, 0x6A,
    0xDE, 0xDF, 0x16, 0xFF, 0x02, 0xB5, 0x04, 0x4A, 0x29, 0xFF, 0x80, 0xF5, 0x03, 0x4A, 0x82, 0x40,
    0xDE, 0xDF, 0x18, 0xFF, 0x02, 0xB5, 0x85, 0x4A, 0x40, 0x21, 0x2A, 0x94, 0x8A, 0x30, 0xFF, 0x9D,
    0x93, 0x6A, 0x22, 0x4A, 0x93, 0x6A, 0xFD, 0xB5, 0xFD, 0xB5, 0xFC, 0x95, 0xFD, 0xB5, 0xFC, 0x95,
    0xFD, 0xB5, 0xFD, 0xB5, 0xFC, 0x95, 0xFD, 0xB5, 0xB4, 0x8A, 0x21, 0x2A, 0x6B, 0x6A, 0x30, 0xFF,
    0x02, 0xB5, 0x02, 0x4A, 0x87, 0x49, 0x2A, 0x4A, 0x40, 0x94, 0x95, 0xFE, 0xD5, 0x12, 0xFF, 0x02,
    0xB5, 0x83, 0x4A, 0x40, 0x6B, 0x6A, 0x2A, 0xFF, 0x04, 0x4A, 0x81, 0xDE, 0xD5, 0x16, 0xFF, 0x81,
    0x94, 0x8A, 0x02, 0x4A, 0x85, 0x49, 0x2A, 0x6B, 0x6A, 0xDE, 0xDF, 0x30, 0xFF, 0x02, 0xB5, 0x97,
    0x21, 0x20, 0x6B, 0x6A, 0xFC, 0x95, 0xFD, 0xB5, 0xDD, 0xAA, 0xFD, 0xB5, 0xDD, 0xB5, 0xFD, 0xB5,
    0xFD, 0xAA, 0xDD, 0xB5, 0xFD, 0xB5, 0x93, 0x6A, 0x02, 0x4A, 0x81, 0x6B, 0x75, 0x32, 0xFF, 0x83,
    0xDE, 0xD5, 0x4B, 0x6A, 0x02, 0x4A, 0x83, 0x21, 0x20, 0x4B, 0x6A, 0x02, 0xB5, 0x10, 0xFF, 0x85,
    0x94, 0x95, 0x49, 0x2A, 0x6B, 0x75, 0x2A, 0xFF, 0x85, 0x6B, 0x6A, 0x4A, 0x40, 0x94, 0x95, 0x14,
    0xFF, 0x83, 0x94, 0x8A, 0x49, 0x2A, 0x02, 0x4A, 0x81, 0x6C, 0x8A, 0x34, 0xFF, 0x81, 0xDF, 0xFF,
    0x04, 0x4A, 0x91, 0xDC, 0x8A, 0xFD, 0xB5, 0xFC, 0x95, 0xFD, 0xB5, 0xFC, 0x8A, 0xFD, 0xB5, 0xFC,
    0x95, 0xFD, 0xB5, 0xDC, 0x95, 0x03, 0x4A, 0x80, 0x40, 0x02, 0xB5, 0x36, 0xFF, 0x81, 0xB4, 0x95,
    0x04, 0x4A, 0x83, 0x49, 0x20, 0x6B, 0x6A, 0x0E, 0xFF, 0x85, 0x94, 0x8A, 0x22, 0x40, 0x94, 0x95,
    0x2A, 0xFF, 0x85, 0x94, 0x8A, 0x49, 0x2A, 0x6C, 0x95, 0x12, 0xFF, 0x81, 0x6B, 0x6A, 0x04, 0x4A,
    0x81, 0x94, 0x8A, 0x38, 0xFF, 0x99, 0x93, 0x6A, 0x22, 0x4A, 0x6B, 0x6A, 0xFD, 0xB5, 0xFD, 0xB5,
    0xFD, 0xB5, 0xDC, 0x95, 0xFD, 0xB5, 0xFD, 0xB5, 0xFD, 0xB5, 0x93, 0x6A, 0x22, 0x4A, 0x6A, 0x4A,
    0x3C, 0xFF, 0x81, 0x6B, 0x75, 0x02, 0x4A, 0x81, 0x21, 0x20, 0x02, 0xB5, 0x0C, 0xFF, 0x85, 0x6B,
    0x6A, 0x49, 0x2A, 0x94, 0x95, 0x2A, 0xFF, 0x85, 0xDE, 0xD5, 0x21, 0x20, 0x6B, 0x6A, 0x10, 0xFF,
    0x87, 0xB5, 0xAA, 0x21, 0x2A, 0x4A, 0x40, 0x94, 0x95, 0x3A, 0xFF, 0x81, 0xDE, 0xD5, 0x02, 0x4A,
    0x8F, 0x49, 0x2A, 0x93, 0x6A, 0xFD, 0xB5, 0xFD, 0xB5, 0xFD, 0xB5, 0xFC, 0x95, 0xFD, 0xB5, 0xB3,
    0x6A, 0x03, 0x4A, 0x80, 0x40, 0x02, 0xB5, 0x3E, 0xFF, 0x85, 0xDE, 0xD5, 0xB5, 0xBF, 0xDE, 0xDF,
    0x0C, 0xFF, 0x81, 0x4A, 0x40, 0x02, 0x4A, 0x81, 0xDE, 0xD5, 0x2C, 0xFF, 0x04, 0x4A, 0x81, 0xDE,
    0xD5, 0x0E, 0xFF, 0x02, 0xB5, 0x83, 0x6B, 0x6A, 0xB4, 0x95, 0x3E, 0xFF, 0x83, 0x94, 0x95, 0x4A,
    0x40, 0x02, 0x4A, 0x89, 0x93, 0x6A, 0xDC, 0x95, 0xFD, 0xB5, 0xDD, 0xAA, 0x93, 0x6A, 0x02, 0x4A,
    0x83, 0x22, 0x4A, 0x6B, 0x75, 0x50, 0xFF, 0x82, 0xDD, 0xB5, 0x22, 0x03, 0x4A, 0x2E, 0xFF, 0x85,
    0x6B, 0x6A, 0x21, 0x20, 0x94, 0x95, 0x54, 0xFF, 0x83, 0x94, 0x95, 0x22, 0x40, 0x04, 0x4A, 0x80,
    0x6B, 0x02, 0x6A, 0x05, 0x4A, 0x81, 0x6B, 0x6A, 0x52, 0xFF, 0x85, 0x94, 0x95, 0x4A, 0x40, 0x6B,
    0x6A, 0x2E, 0xFF, 0x85, 0xB4, 0x95, 0x22, 0x40, 0x6B, 0x75, 0x56, 0xFF, 0x02, 0xB5, 0x80, 0x6A,
    0x03, 0x4A, 0x81, 0x21, 0x20, 0x04, 0x4A, 0x81, 0x94, 0x95, 0x54, 0xFF, 0x85, 0x6B, 0x6A, 0x21,
    0x2A, 0x94, 0x95, 0x30, 0xFF, 0x83, 0x4A, 0x40, 0x49, 0x2A, 0x02, 0xB5, 0x58, 0xFF, 0x81, 0xDE,
    0xDF, 0x02, 0xB5, 0x81, 0xDE, 0xDF, 0x56, 0xFF, 0x83, 0xDE, 0xD5, 0x4A, 0x40, 0x02, 0x4A, 0x81,
    0xDE, 0xDF, 0x30, 0xFF, 0x81, 0x6B, 0x6A, 0x02, 0x4A, 0x81, 0x6B, 0x6A, 0x7F, 0xFF, 0x35, 0xFF,
    0x85, 0x94, 0x8A, 0x21, 0x2A, 0x6B, 0x6A, 0x32, 0xFF, 0x81, 0xDE, 0xD5, 0x04, 0x4A, 0x81, 0xDE,
    0xD5, 0x7F, 0xFF, 0x33, 0xFF, 0x04, 0x4A, 0x02, 0xB5, 0x34, 0xFF, 0x85, 0x6B, 0x6A, 0x22, 0x4A,
    0x6B, 0x6A, 0x7F, 0xFF, 0x31, 0xFF, 0x85, 0x94, 0x8A, 0x49, 0x20, 0x4B, 0x6A, 0x36, 0xFF, 0x81,
    0xDE, 0xD5, 0x02, 0x4A, 0x81, 0x49, 0x2A, 0x02, 0xB5, 0x7F, 0xFF, 0x2E, 0xFF, 0x80, 0xF5, 0x02,
    0x4A, 0x83, 0x22, 0x4A, 0xB4, 0x95, 0x38, 0xFF, 0x83, 0x94, 0x95, 0x4A, 0x40, 0x02, 0x4A, 0x81,
    0xDE, 0xDF, 0x7F, 0xFF, 0x2B, 0xFF, 0x81, 0x6B, 0x6A, 0x02, 0x4A, 0x81, 0x6A, 0x4A, 0x3C, 0xFF,
    0x03, 0x4A, 0x82, 0x40, 0x6B, 0x6A, 0x7F, 0xFF, 0x29, 0xFF, 0x81, 0xB5, 0xAA, 0x04, 0x4A, 0x81,
    0xB6, 0xD5, 0x3C, 0xFF, 0x81, 0xDE, 0xD5, 0x02, 0x4A, 0x83, 0x21, 0x2A, 0x94, 0x8A, 0x7F, 0xFF,
    0x26, 0xFF, 0x80, 0xF5, 0x02, 0x4A, 0x83, 0x49, 0x20, 0x94, 0x95, 0x35, 0xFF, 0x80, 0xF5, 0x0A,
    0xFF, 0x02, 0xB5, 0x03, 0x4A, 0x82, 0x40, 0x93, 0x75, 0x7F, 0xFF, 0x22, 0xFF, 0x80, 0xF5, 0x04,
    0x4A, 0x81, 0x6B, 0x6A, 0x31, 0xFF, 0x8C, 0xF5, 0xB5, 0xAA, 0x6B, 0x60, 0x6B, 0x6A, 0x6B, 0x6A,
    0x94, 0x8A, 0xDE, 0xD5, 0x06, 0xFF, 0x87, 0x94, 0x95, 0x21, 0x2A, 0x4A, 0x40, 0x94, 0x95, 0x7F,
    0xFF, 0x1E, 0xFF, 0x88, 0xF5, 0x6B, 0x6A, 0x49, 0x20, 0x4B, 0x6A, 0xFE, 0xDF, 0x30, 0xFF, 0x83,
    0x94, 0x8A, 0x21, 0x2A, 0x06, 0x4A, 0x81, 0x49, 0x20, 0x04, 0x4A, 0x81, 0x94, 0x95, 0x04, 0xFF,
    0x81, 0x94, 0x8A, 0x02, 0x4A, 0x83, 0x22, 0x40, 0x94, 0x95, 0x7F, 0xFF, 0x1A, 0xFF, 0x88, 0xF5,
    0x6A, 0x40, 0x22, 0x4A, 0x6A, 0x4A, 0xDE, 0xDF, 0x31, 0xFF, 0x80, 0xF5, 0x04, 0x4A, 0x02, 0xB5,
    0x81, 0xDE, 0xDF, 0x02, 0xB5, 0x81, 0x6B, 0x75, 0x03, 0x4A, 0x80, 0x40, 0x03, 0x4A, 0x80, 0x40,
    0x02, 0xB5, 0x02, 0xFF, 0x87, 0x94, 0x95, 0x49, 0x2A, 0x4A, 0x40, 0x6B, 0x6A, 0x7F, 0xFF, 0x16,
    0xFF, 0x80, 0xEA, 0x04, 0x4A, 0x83, 0x6B, 0x6A, 0xDE, 0xDF, 0x32, 0xFF, 0x85, 0xFE, 0xD5, 0x21,
    0x20, 0x6B, 0x6A, 0x08, 0xFF, 0x83, 0xDF, 0xFF, 0x94, 0x95, 0x06, 0x4A, 0x81, 0x6B, 0x6A, 0x02,
    0xFF, 0x85, 0x95, 0xB5, 0x49, 0x2A, 0x4A, 0x40, 0x02, 0x4A, 0x81, 0xDE, 0xD5, 0x5B, 0xFF, 0x80,
    0xF5, 0x31, 0xFF, 0x82, 0xF5, 0xDD, 0xAA, 0x04, 0x4A, 0x83, 0x6B, 0x6A, 0xDE, 0xDF, 0x36, 0xFF,
    0x80, 0x22, 0x03, 0x4A, 0x02, 0xB5, 0x0A, 0xFF, 0x83, 0xFE, 0xDF, 0x6B, 0x6A, 0x04, 0x4A, 0x81,
    0x6B, 0x6A, 0x02, 0xFF, 0x02, 0xB5, 0x05, 0x4A, 0x82, 0x40, 0x94, 0x95, 0x2B, 0xFF, 0x8C, 0xF5,
    0xDE, 0xCA, 0xB4, 0x8A, 0x94, 0x80, 0xB4, 0x8A, 0xDE, 0xCA, 0xFF, 0xF5, 0x19, 0xFF, 0x8A, 0xF5,
    0xDE, 0xD5, 0x94, 0x8A, 0x6B, 0x6A, 0x6B, 0x6A, 0x94, 0x8A, 0x02, 0xB5, 0x81, 0xFF, 0xF5, 0x29,
    0xFF, 0x84, 0xF5, 0x93, 0x6A, 0x22, 0x40, 0x02, 0x4A, 0x81, 0x6B, 0x6A, 0x3A, 0xFF, 0x85, 0x6B,
    0x6A, 0x49, 0x20, 0x6B, 0x75, 0x0E, 0xFF, 0x87, 0x94, 0x95, 0x4A, 0x40, 0x21, 0x2A, 0x6B, 0x6A,
    0x02, 0xFF, 0x87, 0xDE, 0xDF, 0x6B, 0x6A, 0x22, 0x4A, 0x49, 0x20, 0x02, 0x4A, 0x02, 0xB5, 0x23,
    0xFF, 0x82, 0xF5, 0xB4, 0x80, 0x02, 0x4A, 0x82, 0x49, 0x20, 0x22, 0x03, 0x4A, 0x81, 0x21, 0x2A,
    0x03, 0x4A, 0x82, 0x40, 0x94, 0x8A, 0x14, 0xFF, 0x81, 0xDE, 0xCA, 0x03, 0x4A, 0x84, 0x40, 0x21,
    0x2A, 0x4A, 0x40, 0x02, 0x4A, 0x83, 0x21, 0x2A, 0x4A, 0x40, 0x02, 0x4A, 0x02, 0xB5, 0x23, 0xFF,
    0x82, 0xF5, 0xB5, 0xA0, 0x03, 0x4A, 0x82, 0x40, 0x4A, 0x55, 0x02, 0xB5, 0x3C, 0xFF, 0x83, 0xDE,
    0xDF, 0x4A, 0x40, 0x02, 0x4A, 0x81, 0x94, 0x8A, 0x0E, 0xFF, 0x02, 0xB5, 0x02, 0x4A, 0x83, 0x49,
    0x20, 0x6B, 0x6A, 0x04, 0xFF, 0x02, 0xB5, 0x03, 0x4A, 0x80, 0x40, 0x02, 0x4A, 0x83, 0x6B, 0x6A,
    0xDE, 0xD5, 0x1C, 0xFF, 0x81, 0xDE, 0xCA, 0x06, 0x4A, 0x85, 0x94, 0x95, 0xDE, 0xDF, 0xDE, 0xD5,
    0x02, 0xB5, 0x81, 0x94, 0x95, 0x02, 0x4A, 0x85, 0x49, 0x2A, 0x4A, 0x40, 0xDE, 0xD5, 0x0D, 0xFF,
    0x84, 0xF5, 0x94, 0x8A, 0x49, 0x20, 0x02, 0x4A, 0x81, 0x6B, 0x75, 0x02, 0xB5, 0x83, 0xDE, 0xDF,
    0xDE, 0xD5, 0x02, 0xB5, 0x89, 0x6B, 0x6A, 0x49, 0x2A, 0x22, 0x40, 0x6B, 0x6A, 0xDE, 0xD5, 0x1B,
    0xFF, 0x84, 0xF5, 0xDE, 0xCA, 0x4A, 0x40, 0x04, 0x4A, 0x81, 0x6B, 0x75, 0x42, 0xFF, 0x83, 0x94,
    0x95, 0x22, 0x40, 0x02, 0x4A, 0x81, 0xDE, 0xDF, 0x0E, 0xFF, 0x02, 0xB5, 0x02, 0x4A, 0x83, 0x22,
    0x4A, 0x94, 0x95, 0x04, 0xFF, 0x8B, 0xDE, 0xDF, 0x94, 0x95, 0x4A, 0x40, 0x22, 0x4A, 0x49, 0x20,
    0x6B, 0x6A, 0x02, 0xB5, 0x15, 0xFF, 0x84, 0xF5, 0x94, 0x8A, 0x4A, 0x40, 0x02, 0x4A, 0x81, 0x94,
    0x95, 0x0C, 0xFF, 0x89, 0xDE, 0xDF, 0x6C, 0x8A, 0x49, 0x2A, 0x4A, 0x40, 0xB4, 0x95, 0x09, 0xFF,
    0x82, 0xF5, 0x6B, 0x6A, 0x02, 0x4A, 0x81, 0x4B, 0x6A, 0x02, 0xB5, 0x0C, 0xFF, 0x02, 0xB5, 0x80,
    0x6A, 0x04, 0x4A, 0x80, 0x40, 0x02, 0xB5, 0x13, 0xFF, 0x87, 0xF5, 0xFF, 0xF5, 0x95, 0xA0, 0x6A,
    0x4A, 0x22, 0x03, 0x4A, 0x83, 0x6B, 0x6A, 0xDD, 0xBF, 0x46, 0xFF, 0x80, 0x6A, 0x04, 0x4A, 0x82,
    0x40, 0xDE, 0xDF, 0x0E, 0xFF, 0x83, 0x94, 0x95, 0x4A, 0x40, 0x02, 0x4A, 0x02, 0xB5, 0x06, 0xFF,
    0x83, 0xDE, 0xDF, 0x93, 0x6A, 0x02, 0x4A, 0x80, 0x22, 0x02, 0x4A, 0x80, 0x40, 0x02, 0x4A, 0x83,
    0x94, 0x8A, 0xFF, 0xF5, 0x0D, 0xFF, 0x84, 0xF5, 0x6B, 0x6A, 0x4A, 0x40, 0x02, 0x4A, 0x81, 0xDD,
    0xBF, 0x12, 0xFF, 0x81, 0x94, 0x95, 0x03, 0x4A, 0x80, 0x40, 0x02, 0xB5, 0x05, 0xFF, 0x88, 0xF5,
    0x6B, 0x6A, 0x4A, 0x40, 0x6B, 0x6A, 0xFE, 0xDF, 0x10, 0xFF, 0x83, 0xDF, 0xFF, 0x6B, 0x6A, 0x04,
    0x4A, 0x81, 0x94, 0x8A, 0x0D, 0xFF, 0x88, 0xF5, 0xDE, 0xCA, 0x6B, 0x6A, 0x4A, 0x40, 0x49, 0x2A,
    0x02, 0x4A, 0x83, 0x6B, 0x6A, 0xDD, 0xB5, 0x4A, 0xFF, 0x81, 0xDF, 0xFF, 0x05, 0x4A, 0x82, 0x40,
    0xDD, 0xB5, 0x0E, 0xFF, 0x85, 0x6B, 0x6A, 0x49, 0x2A, 0x6B, 0x6A, 0x0A, 0xFF, 0x84, 0xDE, 0xDF,
    0x94, 0x8A, 0x6A, 0x05, 0x4A, 0x87, 0x22, 0x40, 0x6B, 0x6A, 0xB4, 0x8A, 0xDF, 0xF5, 0x05, 0xFF,
    0x82, 0xF5, 0x4A, 0x40, 0x02, 0x4A, 0x81, 0x6B, 0x75, 0x18, 0xFF, 0x83, 0x94, 0x95, 0x4A, 0x40,
    0x02, 0x4A, 0x81, 0xDE, 0xD5, 0x02, 0xFF, 0x81, 0x6B, 0x6A, 0x02, 0x4A, 0x82, 0x6A, 0x4A, 0xDF,
    0x17, 0xFF, 0x81, 0xB4, 0x95, 0x03, 0x4A, 0x82, 0x40, 0x94, 0x95, 0x0A, 0xFF, 0x81, 0x94, 0x80,
    0x06, 0x4A, 0x83, 0x94, 0x95, 0xDE, 0xD5, 0x50, 0xFF, 0x81, 0xFE, 0xD5, 0x06, 0x4A, 0x02, 0xB5,
    0x0C, 0xFF, 0x87, 0xDE, 0xDF, 0x4A, 0x40, 0x22, 0x4A, 0x94, 0x95, 0x0C, 0xFF, 0x83, 0xB5, 0xBF,
    0x4A, 0x40, 0x06, 0x4A, 0x87, 0x21, 0x2A, 0x4A, 0x40, 0x6A, 0x4A, 0x6C, 0x8A, 0x04, 0x4A, 0x81,
    0x93, 0x6A, 0x1C, 0xFF, 0x89, 0x94, 0x95, 0x21, 0x20, 0x6B, 0x6A, 0x94, 0x95, 0x4A, 0x40, 0x02,
    0x4A, 0x81, 0xDE, 0xDF, 0x1A, 0xFF, 0x02, 0xB5, 0x03, 0x4A, 0x82, 0x40, 0x6B, 0x6A, 0x08, 0xFF,
    0x02, 0xB5, 0x81, 0x4A, 0x40, 0x02, 0x4A, 0x81, 0xDE, 0xDF, 0x56, 0xFF, 0x81, 0xDF, 0xFF, 0x03,
    0x4A, 0x80, 0x40, 0x02, 0x4A, 0x02, 0xB5, 0x0C, 0xFF, 0x87, 0x94, 0x95, 0x49, 0x20, 0x4B, 0x6A,
    0xFE, 0xDF, 0x0A, 0xFF, 0x87, 0x94, 0x95, 0x4A, 0x40, 0x6B, 0x75, 0xDE, 0xDF, 0x02, 0xB5, 0x81,
    0x6B, 0x6A, 0x07, 0x4A, 0x82, 0x40, 0x93, 0x75, 0x20, 0xFF, 0x08, 0x4A, 0x02, 0xB5, 0x1E, 0xFF,
    0x81, 0xDE, 0xDF, 0x03, 0x4A, 0x82, 0x40, 0x6B, 0x6A, 0x08, 0xFF, 0x03, 0x4A, 0x82, 0x40, 0xB5,
    0xBF, 0x5A, 0xFF, 0x82, 0x6A, 0x4A, 0x22, 0x03, 0x4A, 0x81, 0xDE, 0xD5, 0x0C, 0xFF, 0x03, 0x4A,
    0x82, 0x40, 0x95, 0xB5, 0x0A, 0xFF, 0x85, 0x6B, 0x6A, 0x21, 0x2A, 0x94, 0x8A, 0x06, 0xFF, 0x83,
    0xFE, 0xDF, 0x4A, 0x40, 0x02, 0x4A, 0x81, 0x6B, 0x75, 0x22, 0xFF, 0x02, 0xB5, 0x81, 0x4A, 0x40,
    0x02, 0x4A, 0x81, 0x6B, 0x6A, 0x22, 0xFF, 0x02, 0xB5, 0x04, 0x4A, 0x02, 0xB5, 0x06, 0xFF, 0x85,
    0x6B, 0x6A, 0x49, 0x2A, 0x94, 0x8A, 0x5C, 0xFF, 0x03, 0x4A, 0x82, 0x40, 0x6A, 0x4A, 0x0C, 0xFF,
    0x85, 0x6B, 0x6A, 0x49, 0x2A, 0x6B, 0x6A, 0x08, 0xFF, 0x83, 0xFE, 0xDF, 0x4A, 0x40, 0x02, 0x4A,
    0x81, 0xDE, 0xDF, 0x08, 0xFF, 0x83, 0x6B, 0x6A, 0x94, 0x95, 0x26, 0xFF, 0x02, 0x4A, 0x83, 0x21,
    0x2A, 0x94, 0x95, 0x24, 0xFF, 0x02, 0xB5, 0x83, 0x6B, 0x6A, 0xDE, 0xD5, 0x06, 0xFF, 0x02, 0xB5,
    0x81, 0x22, 0x40, 0x02, 0x4A, 0x5C, 0xFF, 0x81, 0xDE, 0xDF, 0x02, 0x4A, 0x83, 0x22, 0x4A, 0x94,
    0x95, 0x0A, 0xFF, 0x81, 0xDE, 0xD5, 0x04, 0x4A, 0x81, 0xFE, 0xDF, 0x06, 0xFF, 0x02, 0xB5, 0x81,
    0x22, 0x40, 0x02, 0x4A, 0x1C, 0xFF, 0x02, 0xB5, 0x81, 0x6B, 0x60, 0x02, 0xB5, 0x12, 0xFF, 0x81,
    0x4A, 0x40, 0x02, 0x4A, 0x02, 0xB5, 0x12, 0xFF, 0x83, 0x94, 0x8A, 0x6B, 0x6A, 0x1C, 0xFF, 0x04,
    0x4A, 0x02, 0xB5, 0x5C, 0xFF, 0x02, 0xB5, 0x81, 0x49, 0x20, 0x02, 0x4A, 0x81, 0xDE, 0xD5, 0x0A,
    0xFF, 0x02, 0x4A, 0x81, 0x22, 0x40, 0x02, 0xB5, 0x06, 0xFF, 0x85, 0x94, 0x95, 0x49, 0x2A, 0x6C,
    0x8A, 0x1C, 0xFF, 0x83, 0x95, 0xB5, 0x21, 0x20, 0x02, 0x4A, 0x81, 0xDE, 0xD5, 0x10, 0xFF, 0x03,
    0x4A, 0x80, 0x40, 0x02, 0xB5, 0x10, 0xFF, 0x85, 0x6B, 0x6A, 0x21, 0x2A, 0x6B, 0x6A, 0x1C, 0xFF,
    0x85, 0x6B, 0x6A, 0x49, 0x20, 0x94, 0x95, 0x5E, 0xFF, 0x81, 0x4B, 0x6A, 0x02, 0x4A, 0x81, 0x94,
    0x95, 0x0A, 0xFF, 0x85, 0x6B, 0x6A, 0x49, 0x2A, 0x94, 0x95, 0x06, 0xFF, 0x85, 0x4B, 0x6A, 0x4A,
    0x40, 0xB4, 0x95, 0x1E, 0xFF, 0x81, 0x6B, 0x6A, 0x04, 0x4A, 0x02, 0xB5, 0x0C, 0xFF, 0x81, 0x94,
    0x8A, 0x02, 0x4A, 0x85, 0x49, 0x2A, 0x4B, 0x6A, 0xFE, 0xDF, 0x0C, 0xFF, 0x83, 0x6B, 0x6A, 0x4A,
    0x40, 0x02, 0x4A, 0x81, 0xDE, 0xDF, 0x1C, 0xFF, 0x02, 0xB5, 0x80, 0x22, 0x03, 0x4A, 0x5E, 0xFF,
    0x85, 0xB4, 0x95, 0x22, 0x40, 0x6B, 0x6A, 0x0A, 0xFF, 0x85, 0x95, 0xB5, 0x49, 0x20, 0x6B, 0x6A,
    0x04, 0xFF, 0x83, 0xDE, 0xDF, 0x4A, 0x40, 0x02, 0x4A, 0x81, 0xDE, 0xDF, 0x20, 0xFF, 0x87, 0x6B,
    0x6A, 0x49, 0x2A, 0x4A, 0x40, 0x94, 0x95, 0x08, 0xFF, 0x83, 0xB5, 0xAA, 0x21, 0x2A, 0x05, 0x4A,
    0x84, 0x40, 0x4B, 0x6A, 0xDE, 0xDF, 0x06, 0xFF, 0x83, 0xDD, 0xB5, 0x4A, 0x40, 0x04, 0x4A, 0x81,
    0xDE, 0xDF, 0x1E, 0xFF, 0x83, 0xDE, 0xDF, 0x4A, 0x40, 0x02, 0x4A, 0x81, 0xDE, 0xD5, 0x5C, 0xFF,
    0x83, 0xDF, 0xF5, 0x49, 0x2A, 0x02, 0x4A, 0x81, 0xDE, 0xDF, 0x08, 0xFF, 0x02, 0xB5, 0x02, 0x4A,
    0x81, 0x4B, 0x6A, 0x04, 0xFF, 0x02, 0xB5, 0x85, 0x49, 0x2A, 0x4B, 0x6A, 0xFE, 0xDF, 0x22, 0xFF,
    0x05, 0x4A, 0x80, 0x40, 0x02, 0x4A, 0x85, 0x94, 0x8A, 0xB4, 0x95, 0x4B, 0x6A, 0x03, 0x4A, 0x84,
    0x40, 0xB4, 0x95, 0xDE, 0xDF, 0x02, 0x4A, 0x89, 0x49, 0x2A, 0x4A, 0x40, 0x94, 0x95, 0x94, 0x8A,
    0x6B, 0x6A, 0x06, 0x4A, 0x02, 0xB5, 0x22, 0xFF, 0x85, 0x6B, 0x6A, 0x49, 0x2A, 0x94, 0x95, 0x5E,
    0xFF, 0x83, 0x6B, 0x6A, 0x49, 0x20, 0x02, 0xB5, 0x08, 0xFF, 0x81, 0xDE, 0xD5, 0x04, 0x4A, 0x81,
    0xDE, 0xDF, 0x02, 0xFF, 0x85, 0x94, 0x8A, 0x22, 0x4A, 0x93, 0x6A, 0x22, 0xFF, 0x81, 0xDE, 0xD5,
    0x0A, 0x4A, 0x83, 0x22, 0x40, 0x49, 0x2A, 0x02, 0x4A, 0x02, 0xB5, 0x04, 0xFF, 0x83, 0xDE, 0xDF,
    0x6B, 0x6A, 0x02, 0x4A, 0x81, 0x21, 0x20, 0x09, 0x4A, 0x82, 0x40, 0x94, 0x95, 0x22, 0xFF, 0x85,
    0x94, 0x95, 0x22, 0x40, 0x6B, 0x6A, 0x5E, 0xFF, 0x85, 0x6B, 0x6A, 0x22, 0x4A, 0x94, 0x95, 0x08,
    0xFF, 0x81, 0xFE, 0xDF, 0x03, 0x4A, 0x82, 0x40, 0xDE, 0xDF, 0x02, 0xFF, 0x80, 0x6A, 0x03, 0x4A,
    0x81, 0x94, 0x95, 0x22, 0xFF, 0x85, 0x6B, 0x6A, 0x21, 0x20, 0x94, 0x95, 0x02, 0xFF, 0x02, 0xB5,
    0x83, 0x94, 0x95, 0x94, 0x95, 0x02, 0xB5, 0x0C, 0xFF, 0x85, 0xDE, 0xDF, 0x94, 0x95, 0x94, 0x95,
    0x02, 0xB5, 0x81, 0xDE, 0xDF, 0x02, 0xB5, 0x04, 0x4A, 0x02, 0xB5, 0x20, 0xFF, 0x81, 0xDD, 0xB5,
    0x04, 0x4A, 0x5E, 0xFF, 0x85, 0x94, 0x8A, 0x49, 0x2A, 0x95, 0xB5, 0x0A, 0xFF, 0x89, 0x4A, 0x40,
    0x22, 0x4A, 0xDD, 0xB5, 0xDF, 0xFF, 0x4A, 0x40, 0x02, 0x4A, 0x85, 0xB6, 0xD5, 0x93, 0x6A, 0x94,
    0x95, 0x1C, 0xFF, 0x02, 0xB5, 0x81, 0x4A, 0x40, 0x02, 0x4A, 0x81, 0xDE, 0xDF, 0x22, 0xFF, 0x81,
    0x6B, 0x6A, 0x02, 0x4A, 0x81, 0x6B, 0x6A, 0x1C, 0xFF, 0x83, 0xDE, 0xD5, 0x6B, 0x6A, 0x02, 0xB5,
    0x03, 0x4A, 0x82, 0x40, 0xB5, 0xBF, 0x5C, 0xFF, 0x85, 0x94, 0x8A, 0x21, 0x20, 0xB4, 0x95, 0x0A,
    0xFF, 0x04, 0x4A, 0x85, 0xDD, 0xB5, 0xB6, 0xDF, 0x49, 0x2A, 0x02, 0x4A, 0x87, 0xDE, 0xDF, 0x4B,
    0x6A, 0x21, 0x20, 0x94, 0x95, 0x18, 0xFF, 0x81, 0xDE, 0xD5, 0x02, 0x4A, 0x81, 0x21, 0x2A, 0x02,
    0xB5, 0x26, 0xFF, 0x85, 0x4A, 0x40, 0x21, 0x2A, 0x94, 0x8A, 0x19, 0xFF, 0x80, 0xF5, 0x02, 0x4A,
    0x85, 0x21, 0x20, 0xB5, 0xBF, 0x6B, 0x6A, 0x02, 0x4A, 0x81, 0x94, 0x8A, 0x5C, 0xFF, 0x85, 0x94,
    0x95, 0x22, 0x40, 0xB4, 0x95, 0x0A, 0xFF, 0x03, 0x4A, 0x88, 0x40, 0xB6, 0xDF, 0xB4, 0x95, 0x22,
    0x40, 0x93, 0x6A, 0x02, 0xFF, 0x02, 0xB5, 0x03, 0x4A, 0x82, 0x40, 0x94, 0x95, 0x15, 0xFF, 0x80,
    0xF5, 0x03, 0x4A, 0x82, 0x40, 0x6B, 0x75, 0x28, 0xFF, 0x02, 0xB5, 0x02, 0x4A, 0x81, 0x21, 0x2A,
    0x02, 0xB5, 0x16, 0xFF, 0x04, 0x4A, 0x81, 0x6B, 0x6A, 0x02, 0xFF, 0x85, 0x94, 0x95, 0x21, 0x20,
    0x6B, 0x75, 0x5C, 0xFF, 0x85, 0x94, 0x8A, 0x49, 0x2A, 0x95, 0xB5, 0x0A, 0xFF, 0x81, 0x6B, 0x6A,
    0x02, 0x4A, 0x02, 0xB5, 0x85, 0x94, 0x8A, 0x21, 0x2A, 0x94, 0x95, 0x04, 0xFF, 0x87, 0x94, 0x95,
    0x49, 0x2A, 0x4A, 0x40, 0x94, 0x95, 0x10, 0xFF, 0x81, 0xDE, 0xD5, 0x04, 0x4A, 0x81, 0x6B, 0x6A,
    0x2C, 0xFF, 0x87, 0xB4, 0x95, 0x22, 0x40, 0x49, 0x2A, 0x94, 0x8A, 0x11, 0xFF, 0x80, 0xF5, 0x03,
    0x4A, 0x80, 0x40, 0x02, 0x4A, 0x04, 0xFF, 0x02, 0xB5, 0x02, 0x4A, 0x81, 0x6B, 0x6A, 0x5C, 0xFF,
    0x83, 0x94, 0x8A, 0x21, 0x2A, 0x02, 0xB5, 0x0A, 0xFF, 0x81, 0x6B, 0x6A, 0x02, 0x4A, 0x83, 0x94,
    0x95, 0x6B, 0x6A, 0x02, 0x4A, 0x81, 0xB4, 0x95, 0x06, 0xFF, 0x83, 0x94, 0x95, 0x4A, 0x40, 0x02,
    0x4A, 0x83, 0x6B, 0x6A, 0xDE, 0xD5, 0x09, 0xFF, 0x82, 0xF5, 0x94, 0x8A, 0x03, 0x4A, 0x84, 0x40,
    0x6B, 0x6A, 0xDE, 0xDF, 0x2E, 0xFF, 0x83, 0x94, 0x95, 0x4A, 0x40, 0x02, 0x4A, 0x83, 0x6B, 0x6A,
    0xDE, 0xD5, 0x0A, 0xFF, 0x81, 0xB5, 0xAA, 0x02, 0x4A, 0x85, 0x49, 0x20, 0x4B, 0x75, 0xDE, 0xDF,
    0x04, 0xFF, 0x81, 0xDE, 0xD5, 0x03, 0x4A, 0x82, 0x40, 0xDE, 0xDF, 0x5A, 0xFF, 0x83, 0x94, 0x8A,
    0x21, 0x20, 0x02, 0xB5, 0x0A, 0xFF, 0x85, 0x6B, 0x6A, 0x4A, 0x40, 0x93, 0x75, 0x03, 0x4A, 0x82,
    0x40, 0xB6, 0xDF, 0x08, 0xFF, 0x81, 0x95, 0xB5, 0x03, 0x4A, 0x80, 0x40, 0x02, 0x4A, 0x87, 0x6B,
    0x6A, 0x94, 0x8A, 0x95, 0xB5, 0x6B, 0x6A, 0x06, 0x4A, 0x81, 0x6B, 0x75, 0x34, 0xFF, 0x81, 0xB5,
    0xBF, 0x02, 0x4A, 0x81, 0x21, 0x20, 0x02, 0x4A, 0x87, 0x6A, 0x4A, 0x94, 0x8A, 0x95, 0xB5, 0x93,
    0x6A, 0x03, 0x4A, 0x84, 0x40, 0x22, 0x4A, 0x93, 0x75, 0x0A, 0xFF, 0x02, 0x4A, 0x81, 0x21, 0x2A,
    0x02, 0xB5, 0x5A, 0xFF, 0x81, 0x6B, 0x6A, 0x02, 0x4A, 0x02, 0xB5, 0x0A, 0xFF, 0x04, 0x4A, 0x81,
    0x94, 0x95, 0x04, 0x4A, 0x81, 0xDE, 0xDF, 0x0A, 0xFF, 0x83, 0xDE, 0xDF, 0x93, 0x75, 0x02, 0x4A,
    0x83, 0x22, 0x4A, 0x49, 0x20, 0x03, 0x4A, 0x80, 0x40, 0x02, 0x4A, 0x81, 0x6B, 0x6A, 0x02, 0xB5,
    0x3A, 0xFF, 0x81, 0x94, 0x95, 0x04, 0x4A, 0x85, 0x22, 0x40, 0x49, 0x2A, 0x4A, 0x40, 0x02, 0x4A,
    0x81, 0x6B, 0x75, 0x02, 0xB5, 0x0C, 0xFF, 0x83, 0x6B, 0x6A, 0x49, 0x20, 0x02, 0xB5, 0x5A, 0xFF,
    0x81, 0x6B, 0x60, 0x02, 0x4A, 0x81, 0xB5, 0xBF, 0x0A, 0xFF, 0x03, 0x4A, 0x84, 0x40, 0x6B, 0x75,
    0x4A, 0x40, 0x02, 0x4A, 0x12, 0xFF, 0x02, 0xB5, 0x83, 0x94, 0x95, 0x94, 0x95, 0x02, 0xB5, 0x81,
    0xDE, 0xDF, 0x42, 0xFF, 0x02, 0xB5, 0x83, 0xB4, 0x95, 0x94, 0x95, 0x02, 0xB5, 0x81, 0xDE, 0xDF,
    0x10, 0xFF, 0x85, 0x6C, 0x8A, 0x49, 0x2A, 0x6C, 0x95, 0x5A, 0xFF, 0x81, 0x6B, 0x6A, 0x02, 0x4A,
    0x02, 0xB5, 0x0A, 0xFF, 0x04, 0x4A, 0x81, 0x6B, 0x6A, 0x02, 0x4A, 0x81, 0x6B, 0x6A, 0x78, 0xFF,
    0x85, 0xB4, 0x95, 0x22, 0x40, 0x6B, 0x6A, 0x5A, 0xFF, 0x81, 0x6B, 0x60, 0x02, 0x4A, 0x81, 0xDD,
    0xB5, 0x0A, 0xFF, 0x83, 0x6B, 0x6A, 0x4A, 0x40, 0x04, 0x4A, 0x81, 0x94, 0x95, 0x78, 0xFF, 0x02,
    0xB5, 0x83, 0x49, 0x2A, 0x6B, 0x6A, 0x5A, 0xFF, 0x81, 0x6B, 0x6A, 0x02, 0x4A, 0x02, 0xB5, 0x0A,
    0xFF, 0x81, 0x6B, 0x6A, 0x06, 0x4A, 0x81, 0x94, 0x95, 0x78, 0xFF, 0x83, 0xB6, 0xD5, 0x49, 0x2A,
    0x02, 0x4A, 0x5A, 0xFF, 0x83, 0x94, 0x8A, 0x21, 0x20, 0x02, 0xB5, 0x0A, 0xFF, 0x81, 0x6B, 0x6A,
    0x05, 0x4A, 0x80, 0x40, 0x02, 0xB5, 0x78, 0xFF, 0x81, 0xDE, 0xD5, 0x04, 0x4A, 0x81, 0xDE, 0xDF,
    0x58, 0xFF, 0x81, 0x94, 0x8A, 0x02, 0x4A, 0x81, 0x94, 0x95, 0x0A, 0xFF, 0x81, 0x94, 0x8A, 0x06,
    0x4A, 0x02, 0xB5, 0x78, 0xFF, 0x83, 0xDE, 0xDF, 0x4A, 0x40, 0x02, 0x4A, 0x81, 0xDE, 0xD5, 0x58,
    0xFF, 0x02, 0xB5, 0x83, 0x4A, 0x40, 0x6B, 0x6A, 0x0A, 0xFF, 0x83, 0x94, 0x95, 0x49, 0x20, 0x04,
    0x4A, 0x81, 0xDE, 0xD5, 0x7A, 0xFF, 0x03, 0x4A, 0x82, 0x40, 0xDE, 0xDF, 0x59, 0xFF, 0x82, 0xF5,
    0x21, 0x2A, 0x02, 0x4A, 0x0A, 0xFF, 0x02, 0xB5, 0x80, 0x22, 0x05, 0x4A, 0x81, 0xDE, 0xDF, 0x79,
    0xFF, 0x80, 0xF5, 0x04, 0x4A, 0x81, 0xDE, 0xD5, 0x5A, 0xFF, 0x81, 0x4A, 0x40, 0x02, 0x4A, 0x81,
    0xDE, 0xDF, 0x08, 0xFF, 0x81, 0xDE, 0xD5, 0x03, 0x4A, 0x84, 0x40, 0x6A, 0x4A, 0xDE, 0xDF, 0x78,
    0xFF, 0x81, 0xDE, 0xDF, 0x04, 0x4A, 0x81, 0xDE, 0xDF, 0x5A, 0xFF, 0x81, 0x6B, 0x6A, 0x02, 0x4A,
    0x81, 0x94, 0x8A, 0x0A, 0xFF, 0x06, 0x4A, 0x81, 0xDE, 0xD5, 0x79, 0xFF, 0x80, 0xF5, 0x03, 0x4A,
    0x82, 0x40, 0xB5, 0xBF, 0x5A, 0xFF, 0x85, 0xB5, 0xAA, 0x21, 0x2A, 0x6B, 0x6A, 0x0A, 0xFF, 0x81,
    0x94, 0x8A, 0x04, 0x4A, 0x81, 0xDE, 0xDF, 0x7A, 0xFF, 0x04, 0x4A, 0x81, 0xDE, 0xD5, 0x5A, 0xFF,
    0x81, 0xDE, 0xD5, 0x04, 0x4A, 0x0A, 0xFF, 0x87, 0xDE, 0xDF, 0x21, 0x20, 0x6B, 0x6A, 0xDE, 0xD5,
    0x78, 0xFF, 0x81, 0xDE, 0xD5, 0x03, 0x4A, 0x82, 0x40, 0xDE, 0xDF, 0x5C, 0xFF, 0x80, 0x6A, 0x02,
    0x4A, 0x82, 0x40, 0x94, 0x95, 0x08, 0xFF, 0x83, 0xDE, 0xDF, 0x4A, 0x40, 0x02, 0x4A, 0x81, 0xDE,
    0xDF, 0x78, 0xFF, 0x81, 0xDE, 0xD5, 0x04, 0x4A, 0x44, 0xFF, 0x97, 0x21, 0x20, 0x21, 0x20, 0x4A,
    0x40, 0x21, 0x20, 0x4A, 0x40, 0x4A, 0x40, 0x4A, 0x40, 0x4A, 0x40, 0x4A, 0x40, 0x4A, 0x40, 0x21,
    0x20, 0x21, 0x20, 0x22, 0x00, 0x80, 0x01, 0x02, 0x20, 0x81, 0x00, 0x01, 0x02, 0x20, 0x81, 0x00,
    0x01, 0x02, 0x20, 0x84, 0x00, 0x01, 0x20, 0x21, 0x20, 0x02, 0x00, 0x83, 0x21, 0x20, 0x21, 0x20,
    0x02, 0x00, 0x83, 0x21, 0x20, 0x21, 0x20, 0x02, 0x00, 0x83, 0x21, 0x20, 0x21, 0x20, 0x02, 0x00,
    0xC1, 0x21, 0x20, 0x21, 0x20, 0x21, 0x20, 0x21, 0x20, 0x21, 0x20, 0x21, 0x20, 0x21, 0x20, 0x21,
    0x20, 0x21, 0x20, 0x21, 0x20, 0x21, 0x20, 0x21, 0x20, 0x21, 0x20, 0x21, 0x20, 0x21, 0x20, 0x21,
    0x20, 0x21, 0x20, 0x21, 0x20, 0x21, 0x20, 0x21, 0x20, 0x21, 0x20, 0x21, 0x20, 0x21, 0x20, 0x21,
    0x20, 0x21, 0x20, 0x21, 0x20, 0x21, 0x20, 0x21, 0x20, 0x01, 0x20, 0x21, 0x20, 0x21, 0x20, 0x01,
    0x20, 0x21, 0x20, 0x02, 0x00, 0x81, 0x21, 0x20, 0x16, 0x00, 0xB7, 0x21, 0x20, 0x01, 0x20, 0x21,
    0x20, 0x21, 0x20, 0x21, 0x20, 0x21, 0x20, 0x21, 0x20, 0x4A, 0x40, 0x21, 0x20, 0x4A, 0x40, 0x22,
    0x40, 0x4A, 0x40, 0x4A, 0x40, 0x4A, 0x40, 0x4A, 0x40, 0x4A, 0x40, 0x4A, 0x40, 0x4A, 0x40, 0x4A,
    0x40, 0x4B, 0x60, 0x6A, 0x40, 0x4B, 0x60, 0x6A, 0x40, 0x4B, 0x60, 0x6A, 0x40, 0x4B, 0x60, 0x6B,
    0x60, 0x6A, 0x40,
};
// clang-format on
